2026-06-15 23:17:57,326 - httpx - INFO - HTTP Request: POST https://api.telegram.org/bot8657142758:AAGUQRm-T_ITFafMBJHzhBNQ2ZhjhuXQ4oE/getMe "HTTP/1.1 200 OK"
2026-06-15 23:17:57,455 - httpx - INFO - HTTP Request: POST https://api.telegram.org/bot8657142758:AAGUQRm-T_ITFafMBJHzhBNQ2ZhjhuXQ4oE/deleteWebhook "HTTP/1.1 200 OK"
2026-06-15 23:17:57,458 - telegram.ext.Application - INFO - Application started
2026-06-15 23:18:08,022 - httpx - INFO - HTTP Request: POST https://api.telegram.org/bot8657142758:AAGUQRm-T_ITFafMBJHzhBNQ2ZhjhuXQ4oE/getUpdates "HTTP/1.1 200 OK"
2026-06-15 23:18:18,157 - httpx - INFO - HTTP Request: POST https://api.telegram.org/bot8657142758:AAGUQRm-T_ITFafMBJHzhBNQ2ZhjhuXQ4oE/getUpdates "HTTP/1.1 200 OK"
2026-06-15 23:18:28,282 - httpx - INFO - HTTP Request: POST https://api.telegram.org/bot8657142758:AAGUQRm-T_ITFafMBJHzhBNQ2ZhjhuXQ4oE/getUpdates "HTTP/1.1 200 OK"
2026-06-15 23:18:39,178 - httpx - INFO - HTTP Request: POST https://api.telegram.org/bot8657142758:AAGUQRm-T_ITFafMBJHzhBNQ2ZhjhuXQ4oE/getUpdates "HTTP/1.1 200 OK"
2026-06-15 23:18:49,305 - httpx - INFO - HTTP Request: POST https://api.telegram.org/bot8657142758:AAGUQRm-T_ITFafMBJHzhBNQ2ZhjhuXQ4oE/getUpdates "HTTP/1.1 200 OK"
2026-06-15 23:18:59,442 - httpx - INFO - HTTP Request: POST https://api.telegram.org/bot8657142758:AAGUQRm-T_ITFafMBJHzhBNQ2ZhjhuXQ4oE/getUpdates "HTTP/1.1 200 OK"
2026-06-15 23:19:09,575 - httpx - INFO - HTTP Request: POST https://api.telegram.org/bot8657142758:AAGUQRm-T_ITFafMBJHzhBNQ2ZhjhuXQ4oE/getUpdates "HTTP/1.1 200 OK"
2026-06-15 23:19:19,708 - httpx - INFO - HTTP Request: POST https://api.telegram.org/bot8657142758:AAGUQRm-T_ITFafMBJHzhBNQ2ZhjhuXQ4oE/getUpdates "HTTP/1.1 200 OK"
2026-06-15 23:19:29,833 - httpx - INFO - HTTP Request: POST https://api.telegram.org/bot8657142758:AAGUQRm-T_ITFafMBJHzhBNQ2ZhjhuXQ4oE/getUpdates "HTTP/1.1 200 OK"
2026-06-15 23:19:39,971 - httpx - INFO - HTTP Request: POST https://api.telegram.org/bot8657142758:AAGUQRm-T_ITFafMBJHzhBNQ2ZhjhuXQ4oE/getUpdates "HTTP/1.1 200 OK"
2026-06-15 23:19:50,106 - httpx - INFO - HTTP Request: POST https://api.telegram.org/bot8657142758:AAGUQRm-T_ITFafMBJHzhBNQ2ZhjhuXQ4oE/getUpdates "HTTP/1.1 200 OK"
2026-06-15 23:19:56,599 - httpx - INFO - HTTP Request: POST https://api.telegram.org/bot8657142758:AAGUQRm-T_ITFafMBJHzhBNQ2ZhjhuXQ4oE/getMe "HTTP/1.1 200 OK"
2026-06-15 23:19:56,746 - httpx - INFO - HTTP Request: POST https://api.telegram.org/bot8657142758:AAGUQRm-T_ITFafMBJHzhBNQ2ZhjhuXQ4oE/deleteWebhook "HTTP/1.1 200 OK"
2026-06-15 23:19:56,748 - telegram.ext.Application - INFO - Application started
2026-06-15 23:19:57,180 - httpx - INFO - HTTP Request: POST https://api.telegram.org/bot8657142758:AAGUQRm-T_ITFafMBJHzhBNQ2ZhjhuXQ4oE/getUpdates "HTTP/1.1 409 Conflict"
2026-06-15 23:19:57,182 - telegram.ext.Application - ERROR - No error handlers are registered, logging exception.
Traceback (most recent call last):
  File "/home/sirojiddin/code/Munacollection/venv/lib/python3.13/site-packages/telegram/ext/_utils/networkloop.py", line 161, in network_retry_loop
    await do_action()
  File "/home/sirojiddin/code/Munacollection/venv/lib/python3.13/site-packages/telegram/ext/_utils/networkloop.py", line 154, in do_action
    action_cb_task.result()
    ~~~~~~~~~~~~~~~~~~~~~^^
  File "/home/sirojiddin/code/Munacollection/venv/lib/python3.13/site-packages/telegram/ext/_updater.py", line 340, in polling_action_cb
    updates = await self.bot.get_updates(
              ^^^^^^^^^^^^^^^^^^^^^^^^^^^
    ...<3 lines>...
    )
    ^
  File "/home/sirojiddin/code/Munacollection/venv/lib/python3.13/site-packages/telegram/ext/_extbot.py", line 680, in get_updates
    updates = await super().get_updates(
              ^^^^^^^^^^^^^^^^^^^^^^^^^^
    ...<9 lines>...
    )
    ^
  File "/home/sirojiddin/code/Munacollection/venv/lib/python3.13/site-packages/telegram/_bot.py", line 4767, in get_updates
    await self._post(
    ^^^^^^^^^^^^^^^^^
    ...<7 lines>...
    ),
    ^
  File "/home/sirojiddin/code/Munacollection/venv/lib/python3.13/site-packages/telegram/_bot.py", line 712, in _post
    return await self._do_post(
           ^^^^^^^^^^^^^^^^^^^^
    ...<6 lines>...
    )
    ^
  File "/home/sirojiddin/code/Munacollection/venv/lib/python3.13/site-packages/telegram/ext/_extbot.py", line 378, in _do_post
    return await super()._do_post(
           ^^^^^^^^^^^^^^^^^^^^^^^
    ...<6 lines>...
    )
    ^
  File "/home/sirojiddin/code/Munacollection/venv/lib/python3.13/site-packages/telegram/_bot.py", line 741, in _do_post
    result = await request.post(
             ^^^^^^^^^^^^^^^^^^^
    ...<6 lines>...
    )
    ^
  File "/home/sirojiddin/code/Munacollection/venv/lib/python3.13/site-packages/telegram/request/_baserequest.py", line 198, in post
    result = await self._request_wrapper(
             ^^^^^^^^^^^^^^^^^^^^^^^^^^^^
    ...<7 lines>...
    )
    ^
  File "/home/sirojiddin/code/Munacollection/venv/lib/python3.13/site-packages/telegram/request/_baserequest.py", line 375, in _request_wrapper
    raise exception
telegram.error.Conflict: Conflict: terminated by other getUpdates request; make sure that only one bot instance is running
2026-06-15 23:20:01,328 - httpx - INFO - HTTP Request: POST https://api.telegram.org/bot8657142758:AAGUQRm-T_ITFafMBJHzhBNQ2ZhjhuXQ4oE/getUpdates "HTTP/1.1 409 Conflict"
2026-06-15 23:20:01,330 - telegram.ext.Application - ERROR - No error handlers are registered, logging exception.
Traceback (most recent call last):
  File "/home/sirojiddin/code/Munacollection/venv/lib/python3.13/site-packages/telegram/ext/_utils/networkloop.py", line 161, in network_retry_loop
    await do_action()
  File "/home/sirojiddin/code/Munacollection/venv/lib/python3.13/site-packages/telegram/ext/_utils/networkloop.py", line 154, in do_action
    action_cb_task.result()
    ~~~~~~~~~~~~~~~~~~~~~^^
  File "/home/sirojiddin/code/Munacollection/venv/lib/python3.13/site-packages/telegram/ext/_updater.py", line 340, in polling_action_cb
    updates = await self.bot.get_updates(
              ^^^^^^^^^^^^^^^^^^^^^^^^^^^
    ...<3 lines>...
    )
    ^
  File "/home/sirojiddin/code/Munacollection/venv/lib/python3.13/site-packages/telegram/ext/_extbot.py", line 680, in get_updates
    updates = await super().get_updates(
              ^^^^^^^^^^^^^^^^^^^^^^^^^^
    ...<9 lines>...
    )
    ^
  File "/home/sirojiddin/code/Munacollection/venv/lib/python3.13/site-packages/telegram/_bot.py", line 4767, in get_updates
    await self._post(
    ^^^^^^^^^^^^^^^^^
    ...<7 lines>...
    ),
    ^
  File "/home/sirojiddin/code/Munacollection/venv/lib/python3.13/site-packages/telegram/_bot.py", line 712, in _post
    return await self._do_post(
           ^^^^^^^^^^^^^^^^^^^^
    ...<6 lines>...
    )
    ^
  File "/home/sirojiddin/code/Munacollection/venv/lib/python3.13/site-packages/telegram/ext/_extbot.py", line 378, in _do_post
    return await super()._do_post(
           ^^^^^^^^^^^^^^^^^^^^^^^
    ...<6 lines>...
    )
    ^
  File "/home/sirojiddin/code/Munacollection/venv/lib/python3.13/site-packages/telegram/_bot.py", line 741, in _do_post
    result = await request.post(
             ^^^^^^^^^^^^^^^^^^^
    ...<6 lines>...
    )
    ^
  File "/home/sirojiddin/code/Munacollection/venv/lib/python3.13/site-packages/telegram/request/_baserequest.py", line 198, in post
    result = await self._request_wrapper(
             ^^^^^^^^^^^^^^^^^^^^^^^^^^^^
    ...<7 lines>...
    )
    ^
  File "/home/sirojiddin/code/Munacollection/venv/lib/python3.13/site-packages/telegram/request/_baserequest.py", line 375, in _request_wrapper
    raise exception
telegram.error.Conflict: Conflict: terminated by other getUpdates request; make sure that only one bot instance is running
2026-06-15 23:20:02,480 - httpx - INFO - HTTP Request: POST https://api.telegram.org/bot8657142758:AAGUQRm-T_ITFafMBJHzhBNQ2ZhjhuXQ4oE/getUpdates "HTTP/1.1 409 Conflict"
2026-06-15 23:20:02,482 - telegram.ext.Application - ERROR - No error handlers are registered, logging exception.
Traceback (most recent call last):
  File "/home/sirojiddin/code/Munacollection/venv/lib/python3.13/site-packages/telegram/ext/_utils/networkloop.py", line 161, in network_retry_loop
    await do_action()
  File "/home/sirojiddin/code/Munacollection/venv/lib/python3.13/site-packages/telegram/ext/_utils/networkloop.py", line 154, in do_action
    action_cb_task.result()
    ~~~~~~~~~~~~~~~~~~~~~^^
  File "/home/sirojiddin/code/Munacollection/venv/lib/python3.13/site-packages/telegram/ext/_updater.py", line 340, in polling_action_cb
    updates = await self.bot.get_updates(
              ^^^^^^^^^^^^^^^^^^^^^^^^^^^
    ...<3 lines>...
    )
    ^
  File "/home/sirojiddin/code/Munacollection/venv/lib/python3.13/site-packages/telegram/ext/_extbot.py", line 680, in get_updates
    updates = await super().get_updates(
              ^^^^^^^^^^^^^^^^^^^^^^^^^^
    ...<9 lines>...
    )
    ^
  File "/home/sirojiddin/code/Munacollection/venv/lib/python3.13/site-packages/telegram/_bot.py", line 4767, in get_updates
    await self._post(
    ^^^^^^^^^^^^^^^^^
    ...<7 lines>...
    ),
    ^
  File "/home/sirojiddin/code/Munacollection/venv/lib/python3.13/site-packages/telegram/_bot.py", line 712, in _post
    return await self._do_post(
           ^^^^^^^^^^^^^^^^^^^^
    ...<6 lines>...
    )
    ^
  File "/home/sirojiddin/code/Munacollection/venv/lib/python3.13/site-packages/telegram/ext/_extbot.py", line 378, in _do_post
    return await super()._do_post(
           ^^^^^^^^^^^^^^^^^^^^^^^
    ...<6 lines>...
    )
    ^
  File "/home/sirojiddin/code/Munacollection/venv/lib/python3.13/site-packages/telegram/_bot.py", line 741, in _do_post
    result = await request.post(
             ^^^^^^^^^^^^^^^^^^^
    ...<6 lines>...
    )
    ^
  File "/home/sirojiddin/code/Munacollection/venv/lib/python3.13/site-packages/telegram/request/_baserequest.py", line 198, in post
    result = await self._request_wrapper(
             ^^^^^^^^^^^^^^^^^^^^^^^^^^^^
    ...<7 lines>...
    )
    ^
  File "/home/sirojiddin/code/Munacollection/venv/lib/python3.13/site-packages/telegram/request/_baserequest.py", line 375, in _request_wrapper
    raise exception
telegram.error.Conflict: Conflict: terminated by other getUpdates request; make sure that only one bot instance is running
2026-06-15 23:20:07,185 - httpx - INFO - HTTP Request: POST https://api.telegram.org/bot8657142758:AAGUQRm-T_ITFafMBJHzhBNQ2ZhjhuXQ4oE/getUpdates "HTTP/1.1 409 Conflict"
2026-06-15 23:20:07,186 - telegram.ext.Application - ERROR - No error handlers are registered, logging exception.
Traceback (most recent call last):
  File "/home/sirojiddin/code/Munacollection/venv/lib/python3.13/site-packages/telegram/ext/_utils/networkloop.py", line 161, in network_retry_loop
    await do_action()
  File "/home/sirojiddin/code/Munacollection/venv/lib/python3.13/site-packages/telegram/ext/_utils/networkloop.py", line 154, in do_action
    action_cb_task.result()
    ~~~~~~~~~~~~~~~~~~~~~^^
  File "/home/sirojiddin/code/Munacollection/venv/lib/python3.13/site-packages/telegram/ext/_updater.py", line 340, in polling_action_cb
    updates = await self.bot.get_updates(
              ^^^^^^^^^^^^^^^^^^^^^^^^^^^
    ...<3 lines>...
    )
    ^
  File "/home/sirojiddin/code/Munacollection/venv/lib/python3.13/site-packages/telegram/ext/_extbot.py", line 680, in get_updates
    updates = await super().get_updates(
              ^^^^^^^^^^^^^^^^^^^^^^^^^^
    ...<9 lines>...
    )
    ^
  File "/home/sirojiddin/code/Munacollection/venv/lib/python3.13/site-packages/telegram/_bot.py", line 4767, in get_updates
    await self._post(
    ^^^^^^^^^^^^^^^^^
    ...<7 lines>...
    ),
    ^
  File "/home/sirojiddin/code/Munacollection/venv/lib/python3.13/site-packages/telegram/_bot.py", line 712, in _post
    return await self._do_post(
           ^^^^^^^^^^^^^^^^^^^^
    ...<6 lines>...
    )
    ^
  File "/home/sirojiddin/code/Munacollection/venv/lib/python3.13/site-packages/telegram/ext/_extbot.py", line 378, in _do_post
    return await super()._do_post(
           ^^^^^^^^^^^^^^^^^^^^^^^
    ...<6 lines>...
    )
    ^
  File "/home/sirojiddin/code/Munacollection/venv/lib/python3.13/site-packages/telegram/_bot.py", line 741, in _do_post
    result = await request.post(
             ^^^^^^^^^^^^^^^^^^^
    ...<6 lines>...
    )
    ^
  File "/home/sirojiddin/code/Munacollection/venv/lib/python3.13/site-packages/telegram/request/_baserequest.py", line 198, in post
    result = await self._request_wrapper(
             ^^^^^^^^^^^^^^^^^^^^^^^^^^^^
    ...<7 lines>...
    )
    ^
  File "/home/sirojiddin/code/Munacollection/venv/lib/python3.13/site-packages/telegram/request/_baserequest.py", line 375, in _request_wrapper
    raise exception
telegram.error.Conflict: Conflict: terminated by other getUpdates request; make sure that only one bot instance is running
2026-06-15 23:20:08,840 - httpx - INFO - HTTP Request: POST https://api.telegram.org/bot8657142758:AAGUQRm-T_ITFafMBJHzhBNQ2ZhjhuXQ4oE/getUpdates "HTTP/1.1 409 Conflict"
2026-06-15 23:20:08,842 - telegram.ext.Application - ERROR - No error handlers are registered, logging exception.
Traceback (most recent call last):
  File "/home/sirojiddin/code/Munacollection/venv/lib/python3.13/site-packages/telegram/ext/_utils/networkloop.py", line 161, in network_retry_loop
    await do_action()
  File "/home/sirojiddin/code/Munacollection/venv/lib/python3.13/site-packages/telegram/ext/_utils/networkloop.py", line 154, in do_action
    action_cb_task.result()
    ~~~~~~~~~~~~~~~~~~~~~^^
  File "/home/sirojiddin/code/Munacollection/venv/lib/python3.13/site-packages/telegram/ext/_updater.py", line 340, in polling_action_cb
    updates = await self.bot.get_updates(
              ^^^^^^^^^^^^^^^^^^^^^^^^^^^
    ...<3 lines>...
    )
    ^
  File "/home/sirojiddin/code/Munacollection/venv/lib/python3.13/site-packages/telegram/ext/_extbot.py", line 680, in get_updates
    updates = await super().get_updates(
              ^^^^^^^^^^^^^^^^^^^^^^^^^^
    ...<9 lines>...
    )
    ^
  File "/home/sirojiddin/code/Munacollection/venv/lib/python3.13/site-packages/telegram/_bot.py", line 4767, in get_updates
    await self._post(
    ^^^^^^^^^^^^^^^^^
    ...<7 lines>...
    ),
    ^
  File "/home/sirojiddin/code/Munacollection/venv/lib/python3.13/site-packages/telegram/_bot.py", line 712, in _post
    return await self._do_post(
           ^^^^^^^^^^^^^^^^^^^^
    ...<6 lines>...
    )
    ^
  File "/home/sirojiddin/code/Munacollection/venv/lib/python3.13/site-packages/telegram/ext/_extbot.py", line 378, in _do_post
    return await super()._do_post(
           ^^^^^^^^^^^^^^^^^^^^^^^
    ...<6 lines>...
    )
    ^
  File "/home/sirojiddin/code/Munacollection/venv/lib/python3.13/site-packages/telegram/_bot.py", line 741, in _do_post
    result = await request.post(
             ^^^^^^^^^^^^^^^^^^^
    ...<6 lines>...
    )
    ^
  File "/home/sirojiddin/code/Munacollection/venv/lib/python3.13/site-packages/telegram/request/_baserequest.py", line 198, in post
    result = await self._request_wrapper(
             ^^^^^^^^^^^^^^^^^^^^^^^^^^^^
    ...<7 lines>...
    )
    ^
  File "/home/sirojiddin/code/Munacollection/venv/lib/python3.13/site-packages/telegram/request/_baserequest.py", line 375, in _request_wrapper
    raise exception
telegram.error.Conflict: Conflict: terminated by other getUpdates request; make sure that only one bot instance is running
2026-06-15 23:20:14,219 - httpx - INFO - HTTP Request: POST https://api.telegram.org/bot8657142758:AAGUQRm-T_ITFafMBJHzhBNQ2ZhjhuXQ4oE/getUpdates "HTTP/1.1 409 Conflict"
2026-06-15 23:20:14,221 - telegram.ext.Application - ERROR - No error handlers are registered, logging exception.
Traceback (most recent call last):
  File "/home/sirojiddin/code/Munacollection/venv/lib/python3.13/site-packages/telegram/ext/_utils/networkloop.py", line 161, in network_retry_loop
    await do_action()
  File "/home/sirojiddin/code/Munacollection/venv/lib/python3.13/site-packages/telegram/ext/_utils/networkloop.py", line 154, in do_action
    action_cb_task.result()
    ~~~~~~~~~~~~~~~~~~~~~^^
  File "/home/sirojiddin/code/Munacollection/venv/lib/python3.13/site-packages/telegram/ext/_updater.py", line 340, in polling_action_cb
    updates = await self.bot.get_updates(
              ^^^^^^^^^^^^^^^^^^^^^^^^^^^
    ...<3 lines>...
    )
    ^
  File "/home/sirojiddin/code/Munacollection/venv/lib/python3.13/site-packages/telegram/ext/_extbot.py", line 680, in get_updates
    updates = await super().get_updates(
              ^^^^^^^^^^^^^^^^^^^^^^^^^^
    ...<9 lines>...
    )
    ^
  File "/home/sirojiddin/code/Munacollection/venv/lib/python3.13/site-packages/telegram/_bot.py", line 4767, in get_updates
    await self._post(
    ^^^^^^^^^^^^^^^^^
    ...<7 lines>...
    ),
    ^
  File "/home/sirojiddin/code/Munacollection/venv/lib/python3.13/site-packages/telegram/_bot.py", line 712, in _post
    return await self._do_post(
           ^^^^^^^^^^^^^^^^^^^^
    ...<6 lines>...
    )
    ^
  File "/home/sirojiddin/code/Munacollection/venv/lib/python3.13/site-packages/telegram/ext/_extbot.py", line 378, in _do_post
    return await super()._do_post(
           ^^^^^^^^^^^^^^^^^^^^^^^
    ...<6 lines>...
    )
    ^
  File "/home/sirojiddin/code/Munacollection/venv/lib/python3.13/site-packages/telegram/_bot.py", line 741, in _do_post
    result = await request.post(
             ^^^^^^^^^^^^^^^^^^^
    ...<6 lines>...
    )
    ^
  File "/home/sirojiddin/code/Munacollection/venv/lib/python3.13/site-packages/telegram/request/_baserequest.py", line 198, in post
    result = await self._request_wrapper(
             ^^^^^^^^^^^^^^^^^^^^^^^^^^^^
    ...<7 lines>...
    )
    ^
  File "/home/sirojiddin/code/Munacollection/venv/lib/python3.13/site-packages/telegram/request/_baserequest.py", line 375, in _request_wrapper
    raise exception
telegram.error.Conflict: Conflict: terminated by other getUpdates request; make sure that only one bot instance is running
2026-06-15 23:20:16,975 - httpx - INFO - HTTP Request: POST https://api.telegram.org/bot8657142758:AAGUQRm-T_ITFafMBJHzhBNQ2ZhjhuXQ4oE/getUpdates "HTTP/1.1 409 Conflict"
2026-06-15 23:20:16,977 - telegram.ext.Application - ERROR - No error handlers are registered, logging exception.
Traceback (most recent call last):
  File "/home/sirojiddin/code/Munacollection/venv/lib/python3.13/site-packages/telegram/ext/_utils/networkloop.py", line 161, in network_retry_loop
    await do_action()
  File "/home/sirojiddin/code/Munacollection/venv/lib/python3.13/site-packages/telegram/ext/_utils/networkloop.py", line 154, in do_action
    action_cb_task.result()
    ~~~~~~~~~~~~~~~~~~~~~^^
  File "/home/sirojiddin/code/Munacollection/venv/lib/python3.13/site-packages/telegram/ext/_updater.py", line 340, in polling_action_cb
    updates = await self.bot.get_updates(
              ^^^^^^^^^^^^^^^^^^^^^^^^^^^
    ...<3 lines>...
    )
    ^
  File "/home/sirojiddin/code/Munacollection/venv/lib/python3.13/site-packages/telegram/ext/_extbot.py", line 680, in get_updates
    updates = await super().get_updates(
              ^^^^^^^^^^^^^^^^^^^^^^^^^^
    ...<9 lines>...
    )
    ^
  File "/home/sirojiddin/code/Munacollection/venv/lib/python3.13/site-packages/telegram/_bot.py", line 4767, in get_updates
    await self._post(
    ^^^^^^^^^^^^^^^^^
    ...<7 lines>...
    ),
    ^
  File "/home/sirojiddin/code/Munacollection/venv/lib/python3.13/site-packages/telegram/_bot.py", line 712, in _post
    return await self._do_post(
           ^^^^^^^^^^^^^^^^^^^^
    ...<6 lines>...
    )
    ^
  File "/home/sirojiddin/code/Munacollection/venv/lib/python3.13/site-packages/telegram/ext/_extbot.py", line 378, in _do_post
    return await super()._do_post(
           ^^^^^^^^^^^^^^^^^^^^^^^
    ...<6 lines>...
    )
    ^
  File "/home/sirojiddin/code/Munacollection/venv/lib/python3.13/site-packages/telegram/_bot.py", line 741, in _do_post
    result = await request.post(
             ^^^^^^^^^^^^^^^^^^^
    ...<6 lines>...
    )
    ^
  File "/home/sirojiddin/code/Munacollection/venv/lib/python3.13/site-packages/telegram/request/_baserequest.py", line 198, in post
    result = await self._request_wrapper(
             ^^^^^^^^^^^^^^^^^^^^^^^^^^^^
    ...<7 lines>...
    )
    ^
  File "/home/sirojiddin/code/Munacollection/venv/lib/python3.13/site-packages/telegram/request/_baserequest.py", line 375, in _request_wrapper
    raise exception
telegram.error.Conflict: Conflict: terminated by other getUpdates request; make sure that only one bot instance is running
2026-06-15 23:20:20,512 - httpx - INFO - HTTP Request: POST https://api.telegram.org/bot8657142758:AAGUQRm-T_ITFafMBJHzhBNQ2ZhjhuXQ4oE/getUpdates "HTTP/1.1 409 Conflict"
2026-06-15 23:20:20,514 - telegram.ext.Application - ERROR - No error handlers are registered, logging exception.
Traceback (most recent call last):
  File "/home/sirojiddin/code/Munacollection/venv/lib/python3.13/site-packages/telegram/ext/_utils/networkloop.py", line 161, in network_retry_loop
    await do_action()
  File "/home/sirojiddin/code/Munacollection/venv/lib/python3.13/site-packages/telegram/ext/_utils/networkloop.py", line 154, in do_action
    action_cb_task.result()
    ~~~~~~~~~~~~~~~~~~~~~^^
  File "/home/sirojiddin/code/Munacollection/venv/lib/python3.13/site-packages/telegram/ext/_updater.py", line 340, in polling_action_cb
    updates = await self.bot.get_updates(
              ^^^^^^^^^^^^^^^^^^^^^^^^^^^
    ...<3 lines>...
    )
    ^
  File "/home/sirojiddin/code/Munacollection/venv/lib/python3.13/site-packages/telegram/ext/_extbot.py", line 680, in get_updates
    updates = await super().get_updates(
              ^^^^^^^^^^^^^^^^^^^^^^^^^^
    ...<9 lines>...
    )
    ^
  File "/home/sirojiddin/code/Munacollection/venv/lib/python3.13/site-packages/telegram/_bot.py", line 4767, in get_updates
    await self._post(
    ^^^^^^^^^^^^^^^^^
    ...<7 lines>...
    ),
    ^
  File "/home/sirojiddin/code/Munacollection/venv/lib/python3.13/site-packages/telegram/_bot.py", line 712, in _post
    return await self._do_post(
           ^^^^^^^^^^^^^^^^^^^^
    ...<6 lines>...
    )
    ^
  File "/home/sirojiddin/code/Munacollection/venv/lib/python3.13/site-packages/telegram/ext/_extbot.py", line 378, in _do_post
    return await super()._do_post(
           ^^^^^^^^^^^^^^^^^^^^^^^
    ...<6 lines>...
    )
    ^
  File "/home/sirojiddin/code/Munacollection/venv/lib/python3.13/site-packages/telegram/_bot.py", line 741, in _do_post
    result = await request.post(
             ^^^^^^^^^^^^^^^^^^^
    ...<6 lines>...
    )
    ^
  File "/home/sirojiddin/code/Munacollection/venv/lib/python3.13/site-packages/telegram/request/_baserequest.py", line 198, in post
    result = await self._request_wrapper(
             ^^^^^^^^^^^^^^^^^^^^^^^^^^^^
    ...<7 lines>...
    )
    ^
  File "/home/sirojiddin/code/Munacollection/venv/lib/python3.13/site-packages/telegram/request/_baserequest.py", line 375, in _request_wrapper
    raise exception
telegram.error.Conflict: Conflict: terminated by other getUpdates request; make sure that only one bot instance is running
2026-06-15 23:20:24,030 - httpx - INFO - HTTP Request: POST https://api.telegram.org/bot8657142758:AAGUQRm-T_ITFafMBJHzhBNQ2ZhjhuXQ4oE/getUpdates "HTTP/1.1 409 Conflict"
2026-06-15 23:20:24,031 - telegram.ext.Application - ERROR - No error handlers are registered, logging exception.
Traceback (most recent call last):
  File "/home/sirojiddin/code/Munacollection/venv/lib/python3.13/site-packages/telegram/ext/_utils/networkloop.py", line 161, in network_retry_loop
    await do_action()
  File "/home/sirojiddin/code/Munacollection/venv/lib/python3.13/site-packages/telegram/ext/_utils/networkloop.py", line 154, in do_action
    action_cb_task.result()
    ~~~~~~~~~~~~~~~~~~~~~^^
  File "/home/sirojiddin/code/Munacollection/venv/lib/python3.13/site-packages/telegram/ext/_updater.py", line 340, in polling_action_cb
    updates = await self.bot.get_updates(
              ^^^^^^^^^^^^^^^^^^^^^^^^^^^
    ...<3 lines>...
    )
    ^
  File "/home/sirojiddin/code/Munacollection/venv/lib/python3.13/site-packages/telegram/ext/_extbot.py", line 680, in get_updates
    updates = await super().get_updates(
              ^^^^^^^^^^^^^^^^^^^^^^^^^^
    ...<9 lines>...
    )
    ^
  File "/home/sirojiddin/code/Munacollection/venv/lib/python3.13/site-packages/telegram/_bot.py", line 4767, in get_updates
    await self._post(
    ^^^^^^^^^^^^^^^^^
    ...<7 lines>...
    ),
    ^
  File "/home/sirojiddin/code/Munacollection/venv/lib/python3.13/site-packages/telegram/_bot.py", line 712, in _post
    return await self._do_post(
           ^^^^^^^^^^^^^^^^^^^^
    ...<6 lines>...
    )
    ^
  File "/home/sirojiddin/code/Munacollection/venv/lib/python3.13/site-packages/telegram/ext/_extbot.py", line 378, in _do_post
    return await super()._do_post(
           ^^^^^^^^^^^^^^^^^^^^^^^
    ...<6 lines>...
    )
    ^
  File "/home/sirojiddin/code/Munacollection/venv/lib/python3.13/site-packages/telegram/_bot.py", line 741, in _do_post
    result = await request.post(
             ^^^^^^^^^^^^^^^^^^^
    ...<6 lines>...
    )
    ^
  File "/home/sirojiddin/code/Munacollection/venv/lib/python3.13/site-packages/telegram/request/_baserequest.py", line 198, in post
    result = await self._request_wrapper(
             ^^^^^^^^^^^^^^^^^^^^^^^^^^^^
    ...<7 lines>...
    )
    ^
  File "/home/sirojiddin/code/Munacollection/venv/lib/python3.13/site-packages/telegram/request/_baserequest.py", line 375, in _request_wrapper
    raise exception
telegram.error.Conflict: Conflict: terminated by other getUpdates request; make sure that only one bot instance is running
2026-06-15 23:20:29,509 - httpx - INFO - HTTP Request: POST https://api.telegram.org/bot8657142758:AAGUQRm-T_ITFafMBJHzhBNQ2ZhjhuXQ4oE/getUpdates "HTTP/1.1 409 Conflict"
2026-06-15 23:20:29,511 - telegram.ext.Application - ERROR - No error handlers are registered, logging exception.
Traceback (most recent call last):
  File "/home/sirojiddin/code/Munacollection/venv/lib/python3.13/site-packages/telegram/ext/_utils/networkloop.py", line 161, in network_retry_loop
    await do_action()
  File "/home/sirojiddin/code/Munacollection/venv/lib/python3.13/site-packages/telegram/ext/_utils/networkloop.py", line 154, in do_action
    action_cb_task.result()
    ~~~~~~~~~~~~~~~~~~~~~^^
  File "/home/sirojiddin/code/Munacollection/venv/lib/python3.13/site-packages/telegram/ext/_updater.py", line 340, in polling_action_cb
    updates = await self.bot.get_updates(
              ^^^^^^^^^^^^^^^^^^^^^^^^^^^
    ...<3 lines>...
    )
    ^
  File "/home/sirojiddin/code/Munacollection/venv/lib/python3.13/site-packages/telegram/ext/_extbot.py", line 680, in get_updates
    updates = await super().get_updates(
              ^^^^^^^^^^^^^^^^^^^^^^^^^^
    ...<9 lines>...
    )
    ^
  File "/home/sirojiddin/code/Munacollection/venv/lib/python3.13/site-packages/telegram/_bot.py", line 4767, in get_updates
    await self._post(
    ^^^^^^^^^^^^^^^^^
    ...<7 lines>...
    ),
    ^
  File "/home/sirojiddin/code/Munacollection/venv/lib/python3.13/site-packages/telegram/_bot.py", line 712, in _post
    return await self._do_post(
           ^^^^^^^^^^^^^^^^^^^^
    ...<6 lines>...
    )
    ^
  File "/home/sirojiddin/code/Munacollection/venv/lib/python3.13/site-packages/telegram/ext/_extbot.py", line 378, in _do_post
    return await super()._do_post(
           ^^^^^^^^^^^^^^^^^^^^^^^
    ...<6 lines>...
    )
    ^
  File "/home/sirojiddin/code/Munacollection/venv/lib/python3.13/site-packages/telegram/_bot.py", line 741, in _do_post
    result = await request.post(
             ^^^^^^^^^^^^^^^^^^^
    ...<6 lines>...
    )
    ^
  File "/home/sirojiddin/code/Munacollection/venv/lib/python3.13/site-packages/telegram/request/_baserequest.py", line 198, in post
    result = await self._request_wrapper(
             ^^^^^^^^^^^^^^^^^^^^^^^^^^^^
    ...<7 lines>...
    )
    ^
  File "/home/sirojiddin/code/Munacollection/venv/lib/python3.13/site-packages/telegram/request/_baserequest.py", line 375, in _request_wrapper
    raise exception
telegram.error.Conflict: Conflict: terminated by other getUpdates request; make sure that only one bot instance is running
2026-06-15 23:20:35,004 - httpx - INFO - HTTP Request: POST https://api.telegram.org/bot8657142758:AAGUQRm-T_ITFafMBJHzhBNQ2ZhjhuXQ4oE/getUpdates "HTTP/1.1 409 Conflict"
2026-06-15 23:20:35,006 - telegram.ext.Application - ERROR - No error handlers are registered, logging exception.
Traceback (most recent call last):
  File "/home/sirojiddin/code/Munacollection/venv/lib/python3.13/site-packages/telegram/ext/_utils/networkloop.py", line 161, in network_retry_loop
    await do_action()
  File "/home/sirojiddin/code/Munacollection/venv/lib/python3.13/site-packages/telegram/ext/_utils/networkloop.py", line 154, in do_action
    action_cb_task.result()
    ~~~~~~~~~~~~~~~~~~~~~^^
  File "/home/sirojiddin/code/Munacollection/venv/lib/python3.13/site-packages/telegram/ext/_updater.py", line 340, in polling_action_cb
    updates = await self.bot.get_updates(
              ^^^^^^^^^^^^^^^^^^^^^^^^^^^
    ...<3 lines>...
    )
    ^
  File "/home/sirojiddin/code/Munacollection/venv/lib/python3.13/site-packages/telegram/ext/_extbot.py", line 680, in get_updates
    updates = await super().get_updates(
              ^^^^^^^^^^^^^^^^^^^^^^^^^^
    ...<9 lines>...
    )
    ^
  File "/home/sirojiddin/code/Munacollection/venv/lib/python3.13/site-packages/telegram/_bot.py", line 4767, in get_updates
    await self._post(
    ^^^^^^^^^^^^^^^^^
    ...<7 lines>...
    ),
    ^
  File "/home/sirojiddin/code/Munacollection/venv/lib/python3.13/site-packages/telegram/_bot.py", line 712, in _post
    return await self._do_post(
           ^^^^^^^^^^^^^^^^^^^^
    ...<6 lines>...
    )
    ^
  File "/home/sirojiddin/code/Munacollection/venv/lib/python3.13/site-packages/telegram/ext/_extbot.py", line 378, in _do_post
    return await super()._do_post(
           ^^^^^^^^^^^^^^^^^^^^^^^
    ...<6 lines>...
    )
    ^
  File "/home/sirojiddin/code/Munacollection/venv/lib/python3.13/site-packages/telegram/_bot.py", line 741, in _do_post
    result = await request.post(
             ^^^^^^^^^^^^^^^^^^^
    ...<6 lines>...
    )
    ^
  File "/home/sirojiddin/code/Munacollection/venv/lib/python3.13/site-packages/telegram/request/_baserequest.py", line 198, in post
    result = await self._request_wrapper(
             ^^^^^^^^^^^^^^^^^^^^^^^^^^^^
    ...<7 lines>...
    )
    ^
  File "/home/sirojiddin/code/Munacollection/venv/lib/python3.13/site-packages/telegram/request/_baserequest.py", line 375, in _request_wrapper
    raise exception
telegram.error.Conflict: Conflict: terminated by other getUpdates request; make sure that only one bot instance is running
2026-06-15 23:20:43,042 - httpx - INFO - HTTP Request: POST https://api.telegram.org/bot8657142758:AAGUQRm-T_ITFafMBJHzhBNQ2ZhjhuXQ4oE/getUpdates "HTTP/1.1 409 Conflict"
2026-06-15 23:20:43,044 - telegram.ext.Application - ERROR - No error handlers are registered, logging exception.
Traceback (most recent call last):
  File "/home/sirojiddin/code/Munacollection/venv/lib/python3.13/site-packages/telegram/ext/_utils/networkloop.py", line 161, in network_retry_loop
    await do_action()
  File "/home/sirojiddin/code/Munacollection/venv/lib/python3.13/site-packages/telegram/ext/_utils/networkloop.py", line 154, in do_action
    action_cb_task.result()
    ~~~~~~~~~~~~~~~~~~~~~^^
  File "/home/sirojiddin/code/Munacollection/venv/lib/python3.13/site-packages/telegram/ext/_updater.py", line 340, in polling_action_cb
    updates = await self.bot.get_updates(
              ^^^^^^^^^^^^^^^^^^^^^^^^^^^
    ...<3 lines>...
    )
    ^
  File "/home/sirojiddin/code/Munacollection/venv/lib/python3.13/site-packages/telegram/ext/_extbot.py", line 680, in get_updates
    updates = await super().get_updates(
              ^^^^^^^^^^^^^^^^^^^^^^^^^^
    ...<9 lines>...
    )
    ^
  File "/home/sirojiddin/code/Munacollection/venv/lib/python3.13/site-packages/telegram/_bot.py", line 4767, in get_updates
    await self._post(
    ^^^^^^^^^^^^^^^^^
    ...<7 lines>...
    ),
    ^
  File "/home/sirojiddin/code/Munacollection/venv/lib/python3.13/site-packages/telegram/_bot.py", line 712, in _post
    return await self._do_post(
           ^^^^^^^^^^^^^^^^^^^^
    ...<6 lines>...
    )
    ^
  File "/home/sirojiddin/code/Munacollection/venv/lib/python3.13/site-packages/telegram/ext/_extbot.py", line 378, in _do_post
    return await super()._do_post(
           ^^^^^^^^^^^^^^^^^^^^^^^
    ...<6 lines>...
    )
    ^
  File "/home/sirojiddin/code/Munacollection/venv/lib/python3.13/site-packages/telegram/_bot.py", line 741, in _do_post
    result = await request.post(
             ^^^^^^^^^^^^^^^^^^^
    ...<6 lines>...
    )
    ^
  File "/home/sirojiddin/code/Munacollection/venv/lib/python3.13/site-packages/telegram/request/_baserequest.py", line 198, in post
    result = await self._request_wrapper(
             ^^^^^^^^^^^^^^^^^^^^^^^^^^^^
    ...<7 lines>...
    )
    ^
  File "/home/sirojiddin/code/Munacollection/venv/lib/python3.13/site-packages/telegram/request/_baserequest.py", line 375, in _request_wrapper
    raise exception
telegram.error.Conflict: Conflict: terminated by other getUpdates request; make sure that only one bot instance is running
2026-06-15 23:20:51,059 - httpx - INFO - HTTP Request: POST https://api.telegram.org/bot8657142758:AAGUQRm-T_ITFafMBJHzhBNQ2ZhjhuXQ4oE/getUpdates "HTTP/1.1 409 Conflict"
2026-06-15 23:20:51,060 - telegram.ext.Application - ERROR - No error handlers are registered, logging exception.
Traceback (most recent call last):
  File "/home/sirojiddin/code/Munacollection/venv/lib/python3.13/site-packages/telegram/ext/_utils/networkloop.py", line 161, in network_retry_loop
    await do_action()
  File "/home/sirojiddin/code/Munacollection/venv/lib/python3.13/site-packages/telegram/ext/_utils/networkloop.py", line 154, in do_action
    action_cb_task.result()
    ~~~~~~~~~~~~~~~~~~~~~^^
  File "/home/sirojiddin/code/Munacollection/venv/lib/python3.13/site-packages/telegram/ext/_updater.py", line 340, in polling_action_cb
    updates = await self.bot.get_updates(
              ^^^^^^^^^^^^^^^^^^^^^^^^^^^
    ...<3 lines>...
    )
    ^
  File "/home/sirojiddin/code/Munacollection/venv/lib/python3.13/site-packages/telegram/ext/_extbot.py", line 680, in get_updates
    updates = await super().get_updates(
              ^^^^^^^^^^^^^^^^^^^^^^^^^^
    ...<9 lines>...
    )
    ^
  File "/home/sirojiddin/code/Munacollection/venv/lib/python3.13/site-packages/telegram/_bot.py", line 4767, in get_updates
    await self._post(
    ^^^^^^^^^^^^^^^^^
    ...<7 lines>...
    ),
    ^
  File "/home/sirojiddin/code/Munacollection/venv/lib/python3.13/site-packages/telegram/_bot.py", line 712, in _post
    return await self._do_post(
           ^^^^^^^^^^^^^^^^^^^^
    ...<6 lines>...
    )
    ^
  File "/home/sirojiddin/code/Munacollection/venv/lib/python3.13/site-packages/telegram/ext/_extbot.py", line 378, in _do_post
    return await super()._do_post(
           ^^^^^^^^^^^^^^^^^^^^^^^
    ...<6 lines>...
    )
    ^
  File "/home/sirojiddin/code/Munacollection/venv/lib/python3.13/site-packages/telegram/_bot.py", line 741, in _do_post
    result = await request.post(
             ^^^^^^^^^^^^^^^^^^^
    ...<6 lines>...
    )
    ^
  File "/home/sirojiddin/code/Munacollection/venv/lib/python3.13/site-packages/telegram/request/_baserequest.py", line 198, in post
    result = await self._request_wrapper(
             ^^^^^^^^^^^^^^^^^^^^^^^^^^^^
    ...<7 lines>...
    )
    ^
  File "/home/sirojiddin/code/Munacollection/venv/lib/python3.13/site-packages/telegram/request/_baserequest.py", line 375, in _request_wrapper
    raise exception
telegram.error.Conflict: Conflict: terminated by other getUpdates request; make sure that only one bot instance is running
2026-06-15 23:21:01,069 - httpx - INFO - HTTP Request: POST https://api.telegram.org/bot8657142758:AAGUQRm-T_ITFafMBJHzhBNQ2ZhjhuXQ4oE/getUpdates "HTTP/1.1 200 OK"
2026-06-15 23:21:02,868 - httpx - INFO - HTTP Request: POST https://api.telegram.org/bot8657142758:AAGUQRm-T_ITFafMBJHzhBNQ2ZhjhuXQ4oE/getUpdates "HTTP/1.1 409 Conflict"
2026-06-15 23:21:02,870 - telegram.ext.Application - ERROR - No error handlers are registered, logging exception.
Traceback (most recent call last):
  File "/home/sirojiddin/code/Munacollection/venv/lib/python3.13/site-packages/telegram/ext/_utils/networkloop.py", line 161, in network_retry_loop
    await do_action()
  File "/home/sirojiddin/code/Munacollection/venv/lib/python3.13/site-packages/telegram/ext/_utils/networkloop.py", line 154, in do_action
    action_cb_task.result()
    ~~~~~~~~~~~~~~~~~~~~~^^
  File "/home/sirojiddin/code/Munacollection/venv/lib/python3.13/site-packages/telegram/ext/_updater.py", line 340, in polling_action_cb
    updates = await self.bot.get_updates(
              ^^^^^^^^^^^^^^^^^^^^^^^^^^^
    ...<3 lines>...
    )
    ^
  File "/home/sirojiddin/code/Munacollection/venv/lib/python3.13/site-packages/telegram/ext/_extbot.py", line 680, in get_updates
    updates = await super().get_updates(
              ^^^^^^^^^^^^^^^^^^^^^^^^^^
    ...<9 lines>...
    )
    ^
  File "/home/sirojiddin/code/Munacollection/venv/lib/python3.13/site-packages/telegram/_bot.py", line 4767, in get_updates
    await self._post(
    ^^^^^^^^^^^^^^^^^
    ...<7 lines>...
    ),
    ^
  File "/home/sirojiddin/code/Munacollection/venv/lib/python3.13/site-packages/telegram/_bot.py", line 712, in _post
    return await self._do_post(
           ^^^^^^^^^^^^^^^^^^^^
    ...<6 lines>...
    )
    ^
  File "/home/sirojiddin/code/Munacollection/venv/lib/python3.13/site-packages/telegram/ext/_extbot.py", line 378, in _do_post
    return await super()._do_post(
           ^^^^^^^^^^^^^^^^^^^^^^^
    ...<6 lines>...
    )
    ^
  File "/home/sirojiddin/code/Munacollection/venv/lib/python3.13/site-packages/telegram/_bot.py", line 741, in _do_post
    result = await request.post(
             ^^^^^^^^^^^^^^^^^^^
    ...<6 lines>...
    )
    ^
  File "/home/sirojiddin/code/Munacollection/venv/lib/python3.13/site-packages/telegram/request/_baserequest.py", line 198, in post
    result = await self._request_wrapper(
             ^^^^^^^^^^^^^^^^^^^^^^^^^^^^
    ...<7 lines>...
    )
    ^
  File "/home/sirojiddin/code/Munacollection/venv/lib/python3.13/site-packages/telegram/request/_baserequest.py", line 375, in _request_wrapper
    raise exception
telegram.error.Conflict: Conflict: terminated by other getUpdates request; make sure that only one bot instance is running
2026-06-15 23:21:48,907 - httpx - INFO - HTTP Request: POST https://api.telegram.org/bot8657142758:AAGUQRm-T_ITFafMBJHzhBNQ2ZhjhuXQ4oE/getMe "HTTP/1.1 200 OK"
2026-06-15 23:21:49,050 - httpx - INFO - HTTP Request: POST https://api.telegram.org/bot8657142758:AAGUQRm-T_ITFafMBJHzhBNQ2ZhjhuXQ4oE/deleteWebhook "HTTP/1.1 200 OK"
2026-06-15 23:21:49,052 - telegram.ext.Application - INFO - Application started
2026-06-15 23:21:59,484 - httpx - INFO - HTTP Request: POST https://api.telegram.org/bot8657142758:AAGUQRm-T_ITFafMBJHzhBNQ2ZhjhuXQ4oE/getUpdates "HTTP/1.1 200 OK"
2026-06-15 23:22:09,633 - httpx - INFO - HTTP Request: POST https://api.telegram.org/bot8657142758:AAGUQRm-T_ITFafMBJHzhBNQ2ZhjhuXQ4oE/getUpdates "HTTP/1.1 200 OK"
2026-06-15 23:22:19,789 - httpx - INFO - HTTP Request: POST https://api.telegram.org/bot8657142758:AAGUQRm-T_ITFafMBJHzhBNQ2ZhjhuXQ4oE/getUpdates "HTTP/1.1 200 OK"
2026-06-15 23:22:29,931 - httpx - INFO - HTTP Request: POST https://api.telegram.org/bot8657142758:AAGUQRm-T_ITFafMBJHzhBNQ2ZhjhuXQ4oE/getUpdates "HTTP/1.1 200 OK"
2026-06-15 23:22:40,080 - httpx - INFO - HTTP Request: POST https://api.telegram.org/bot8657142758:AAGUQRm-T_ITFafMBJHzhBNQ2ZhjhuXQ4oE/getUpdates "HTTP/1.1 200 OK"
2026-06-15 23:22:50,225 - httpx - INFO - HTTP Request: POST https://api.telegram.org/bot8657142758:AAGUQRm-T_ITFafMBJHzhBNQ2ZhjhuXQ4oE/getUpdates "HTTP/1.1 200 OK"
2026-06-15 23:22:54,589 - httpx - INFO - HTTP Request: POST https://api.telegram.org/bot8657142758:AAGUQRm-T_ITFafMBJHzhBNQ2ZhjhuXQ4oE/getUpdates "HTTP/1.1 200 OK"
2026-06-15 23:22:55,047 - httpx - INFO - HTTP Request: POST https://api.telegram.org/bot8657142758:AAGUQRm-T_ITFafMBJHzhBNQ2ZhjhuXQ4oE/sendMessage "HTTP/1.1 200 OK"
2026-06-15 23:22:56,973 - httpx - INFO - HTTP Request: POST https://api.telegram.org/bot8657142758:AAGUQRm-T_ITFafMBJHzhBNQ2ZhjhuXQ4oE/getUpdates "HTTP/1.1 200 OK"
2026-06-15 23:22:57,144 - httpx - INFO - HTTP Request: POST https://api.telegram.org/bot8657142758:AAGUQRm-T_ITFafMBJHzhBNQ2ZhjhuXQ4oE/sendMessage "HTTP/1.1 200 OK"
2026-06-15 23:23:07,121 - httpx - INFO - HTTP Request: POST https://api.telegram.org/bot8657142758:AAGUQRm-T_ITFafMBJHzhBNQ2ZhjhuXQ4oE/getUpdates "HTTP/1.1 200 OK"
2026-06-15 23:23:09,709 - httpx - INFO - HTTP Request: POST https://api.telegram.org/bot8657142758:AAGUQRm-T_ITFafMBJHzhBNQ2ZhjhuXQ4oE/getUpdates "HTTP/1.1 200 OK"
2026-06-15 23:23:10,192 - httpx - INFO - HTTP Request: POST https://api.telegram.org/bot8657142758:AAGUQRm-T_ITFafMBJHzhBNQ2ZhjhuXQ4oE/sendMessage "HTTP/1.1 200 OK"
2026-06-15 23:23:10,389 - httpx - INFO - HTTP Request: POST https://api.telegram.org/bot8657142758:AAGUQRm-T_ITFafMBJHzhBNQ2ZhjhuXQ4oE/sendMessage "HTTP/1.1 200 OK"
2026-06-15 23:23:10,555 - httpx - INFO - HTTP Request: POST https://api.telegram.org/bot8657142758:AAGUQRm-T_ITFafMBJHzhBNQ2ZhjhuXQ4oE/sendMessage "HTTP/1.1 200 OK"
2026-06-15 23:23:19,850 - httpx - INFO - HTTP Request: POST https://api.telegram.org/bot8657142758:AAGUQRm-T_ITFafMBJHzhBNQ2ZhjhuXQ4oE/getUpdates "HTTP/1.1 200 OK"
2026-06-15 23:23:30,003 - httpx - INFO - HTTP Request: POST https://api.telegram.org/bot8657142758:AAGUQRm-T_ITFafMBJHzhBNQ2ZhjhuXQ4oE/getUpdates "HTTP/1.1 200 OK"
2026-06-15 23:23:40,144 - httpx - INFO - HTTP Request: POST https://api.telegram.org/bot8657142758:AAGUQRm-T_ITFafMBJHzhBNQ2ZhjhuXQ4oE/getUpdates "HTTP/1.1 200 OK"
2026-06-15 23:23:40,580 - httpx - INFO - HTTP Request: POST https://api.telegram.org/bot8657142758:AAGUQRm-T_ITFafMBJHzhBNQ2ZhjhuXQ4oE/getUpdates "HTTP/1.1 200 OK"
2026-06-15 23:23:41,025 - httpx - INFO - HTTP Request: POST https://api.telegram.org/bot8657142758:AAGUQRm-T_ITFafMBJHzhBNQ2ZhjhuXQ4oE/sendMessage "HTTP/1.1 200 OK"
2026-06-15 23:23:47,537 - httpx - INFO - HTTP Request: POST https://api.telegram.org/bot8657142758:AAGUQRm-T_ITFafMBJHzhBNQ2ZhjhuXQ4oE/getUpdates "HTTP/1.1 200 OK"
2026-06-15 23:23:47,957 - httpx - INFO - HTTP Request: POST https://api.telegram.org/bot8657142758:AAGUQRm-T_ITFafMBJHzhBNQ2ZhjhuXQ4oE/sendMessage "HTTP/1.1 200 OK"
2026-06-15 23:23:56,033 - httpx - INFO - HTTP Request: POST https://api.telegram.org/bot8657142758:AAGUQRm-T_ITFafMBJHzhBNQ2ZhjhuXQ4oE/getUpdates "HTTP/1.1 200 OK"
2026-06-15 23:23:56,480 - httpx - INFO - HTTP Request: POST https://api.telegram.org/bot8657142758:AAGUQRm-T_ITFafMBJHzhBNQ2ZhjhuXQ4oE/sendMessage "HTTP/1.1 200 OK"
2026-06-15 23:24:05,630 - httpx - INFO - HTTP Request: POST https://api.telegram.org/bot8657142758:AAGUQRm-T_ITFafMBJHzhBNQ2ZhjhuXQ4oE/getUpdates "HTTP/1.1 200 OK"
2026-06-15 23:24:06,065 - httpx - INFO - HTTP Request: POST https://api.telegram.org/bot8657142758:AAGUQRm-T_ITFafMBJHzhBNQ2ZhjhuXQ4oE/sendPhoto "HTTP/1.1 200 OK"
2026-06-15 23:24:15,772 - httpx - INFO - HTTP Request: POST https://api.telegram.org/bot8657142758:AAGUQRm-T_ITFafMBJHzhBNQ2ZhjhuXQ4oE/getUpdates "HTTP/1.1 200 OK"
2026-06-15 23:24:25,917 - httpx - INFO - HTTP Request: POST https://api.telegram.org/bot8657142758:AAGUQRm-T_ITFafMBJHzhBNQ2ZhjhuXQ4oE/getUpdates "HTTP/1.1 200 OK"
2026-06-15 23:24:36,057 - httpx - INFO - HTTP Request: POST https://api.telegram.org/bot8657142758:AAGUQRm-T_ITFafMBJHzhBNQ2ZhjhuXQ4oE/getUpdates "HTTP/1.1 200 OK"
2026-06-15 23:24:46,198 - httpx - INFO - HTTP Request: POST https://api.telegram.org/bot8657142758:AAGUQRm-T_ITFafMBJHzhBNQ2ZhjhuXQ4oE/getUpdates "HTTP/1.1 200 OK"
2026-06-15 23:24:50,834 - httpx - INFO - HTTP Request: POST https://api.telegram.org/bot8657142758:AAGUQRm-T_ITFafMBJHzhBNQ2ZhjhuXQ4oE/getUpdates "HTTP/1.1 200 OK"
2026-06-15 23:24:50,836 - telegram.ext.Application - INFO - Application is stopping. This might take a moment.
2026-06-15 23:24:50,836 - telegram.ext.Application - INFO - Application.stop() complete
2026-06-15 23:28:56,927 - httpx - INFO - HTTP Request: POST https://api.telegram.org/bot8657142758:AAGUQRm-T_ITFafMBJHzhBNQ2ZhjhuXQ4oE/getMe "HTTP/1.1 200 OK"
2026-06-15 23:28:57,064 - httpx - INFO - HTTP Request: POST https://api.telegram.org/bot8657142758:AAGUQRm-T_ITFafMBJHzhBNQ2ZhjhuXQ4oE/deleteWebhook "HTTP/1.1 200 OK"
2026-06-15 23:28:57,067 - telegram.ext.Application - INFO - Application started
2026-06-15 23:28:57,493 - httpx - INFO - HTTP Request: POST https://api.telegram.org/bot8657142758:AAGUQRm-T_ITFafMBJHzhBNQ2ZhjhuXQ4oE/getUpdates "HTTP/1.1 200 OK"
2026-06-15 23:28:58,178 - httpx - INFO - HTTP Request: POST https://api.telegram.org/bot8657142758:AAGUQRm-T_ITFafMBJHzhBNQ2ZhjhuXQ4oE/sendMessage "HTTP/1.1 200 OK"
2026-06-15 23:29:07,655 - httpx - INFO - HTTP Request: POST https://api.telegram.org/bot8657142758:AAGUQRm-T_ITFafMBJHzhBNQ2ZhjhuXQ4oE/getUpdates "HTTP/1.1 200 OK"
2026-06-15 23:29:07,880 - httpx - INFO - HTTP Request: POST https://api.telegram.org/bot8657142758:AAGUQRm-T_ITFafMBJHzhBNQ2ZhjhuXQ4oE/getUpdates "HTTP/1.1 200 OK"
2026-06-15 23:29:08,350 - httpx - INFO - HTTP Request: POST https://api.telegram.org/bot8657142758:AAGUQRm-T_ITFafMBJHzhBNQ2ZhjhuXQ4oE/sendMessage "HTTP/1.1 200 OK"
2026-06-15 23:29:10,699 - httpx - INFO - HTTP Request: POST https://api.telegram.org/bot8657142758:AAGUQRm-T_ITFafMBJHzhBNQ2ZhjhuXQ4oE/getUpdates "HTTP/1.1 200 OK"
2026-06-15 23:29:10,928 - httpx - INFO - HTTP Request: POST https://api.telegram.org/bot8657142758:AAGUQRm-T_ITFafMBJHzhBNQ2ZhjhuXQ4oE/sendMessage "HTTP/1.1 200 OK"
2026-06-15 23:29:20,837 - httpx - INFO - HTTP Request: POST https://api.telegram.org/bot8657142758:AAGUQRm-T_ITFafMBJHzhBNQ2ZhjhuXQ4oE/getUpdates "HTTP/1.1 200 OK"
2026-06-15 23:29:21,047 - httpx - INFO - HTTP Request: POST https://api.telegram.org/bot8657142758:AAGUQRm-T_ITFafMBJHzhBNQ2ZhjhuXQ4oE/getUpdates "HTTP/1.1 200 OK"
2026-06-15 23:29:22,231 - httpx - INFO - HTTP Request: POST https://api.telegram.org/bot8657142758:AAGUQRm-T_ITFafMBJHzhBNQ2ZhjhuXQ4oE/sendMessage "HTTP/1.1 200 OK"
2026-06-15 23:29:22,427 - httpx - INFO - HTTP Request: POST https://api.telegram.org/bot8657142758:AAGUQRm-T_ITFafMBJHzhBNQ2ZhjhuXQ4oE/sendMessage "HTTP/1.1 200 OK"
2026-06-15 23:29:27,807 - httpx - INFO - HTTP Request: POST https://api.telegram.org/bot8657142758:AAGUQRm-T_ITFafMBJHzhBNQ2ZhjhuXQ4oE/getUpdates "HTTP/1.1 200 OK"
2026-06-15 23:29:28,309 - httpx - INFO - HTTP Request: POST https://api.telegram.org/bot8657142758:AAGUQRm-T_ITFafMBJHzhBNQ2ZhjhuXQ4oE/sendMessage "HTTP/1.1 200 OK"
2026-06-15 23:29:32,464 - httpx - INFO - HTTP Request: POST https://api.telegram.org/bot8657142758:AAGUQRm-T_ITFafMBJHzhBNQ2ZhjhuXQ4oE/getUpdates "HTTP/1.1 200 OK"
2026-06-15 23:29:32,629 - httpx - INFO - HTTP Request: POST https://api.telegram.org/bot8657142758:AAGUQRm-T_ITFafMBJHzhBNQ2ZhjhuXQ4oE/sendMessage "HTTP/1.1 200 OK"
2026-06-15 23:29:36,318 - httpx - INFO - HTTP Request: POST https://api.telegram.org/bot8657142758:AAGUQRm-T_ITFafMBJHzhBNQ2ZhjhuXQ4oE/getUpdates "HTTP/1.1 200 OK"
2026-06-15 23:29:36,482 - httpx - INFO - HTTP Request: POST https://api.telegram.org/bot8657142758:AAGUQRm-T_ITFafMBJHzhBNQ2ZhjhuXQ4oE/sendMessage "HTTP/1.1 200 OK"
2026-06-15 23:29:43,089 - httpx - INFO - HTTP Request: POST https://api.telegram.org/bot8657142758:AAGUQRm-T_ITFafMBJHzhBNQ2ZhjhuXQ4oE/getUpdates "HTTP/1.1 200 OK"
2026-06-15 23:29:43,523 - httpx - INFO - HTTP Request: POST https://api.telegram.org/bot8657142758:AAGUQRm-T_ITFafMBJHzhBNQ2ZhjhuXQ4oE/sendPhoto "HTTP/1.1 200 OK"
2026-06-15 23:29:53,239 - httpx - INFO - HTTP Request: POST https://api.telegram.org/bot8657142758:AAGUQRm-T_ITFafMBJHzhBNQ2ZhjhuXQ4oE/getUpdates "HTTP/1.1 200 OK"
2026-06-15 23:29:59,956 - httpx - INFO - HTTP Request: POST https://api.telegram.org/bot8657142758:AAGUQRm-T_ITFafMBJHzhBNQ2ZhjhuXQ4oE/getUpdates "HTTP/1.1 200 OK"
2026-06-15 23:29:59,957 - telegram.ext.Application - INFO - Application is stopping. This might take a moment.
2026-06-15 23:29:59,957 - telegram.ext.Application - INFO - Application.stop() complete
2026-06-15 23:31:02,995 - httpx - INFO - HTTP Request: POST https://api.telegram.org/bot8657142758:AAGUQRm-T_ITFafMBJHzhBNQ2ZhjhuXQ4oE/getMe "HTTP/1.1 200 OK"
2026-06-15 23:31:03,132 - httpx - INFO - HTTP Request: POST https://api.telegram.org/bot8657142758:AAGUQRm-T_ITFafMBJHzhBNQ2ZhjhuXQ4oE/deleteWebhook "HTTP/1.1 200 OK"
2026-06-15 23:31:03,136 - telegram.ext.Application - INFO - Application started
2026-06-15 23:31:11,896 - httpx - INFO - HTTP Request: POST https://api.telegram.org/bot8657142758:AAGUQRm-T_ITFafMBJHzhBNQ2ZhjhuXQ4oE/getUpdates "HTTP/1.1 200 OK"
2026-06-15 23:31:11,898 - __main__ - INFO - Message received from user_id=8270492933: state=None, text=Bekor qilish ❌
2026-06-15 23:31:12,334 - httpx - INFO - HTTP Request: POST https://api.telegram.org/bot8657142758:AAGUQRm-T_ITFafMBJHzhBNQ2ZhjhuXQ4oE/sendMessage "HTTP/1.1 200 OK"
2026-06-15 23:31:14,428 - httpx - INFO - HTTP Request: POST https://api.telegram.org/bot8657142758:AAGUQRm-T_ITFafMBJHzhBNQ2ZhjhuXQ4oE/getUpdates "HTTP/1.1 200 OK"
2026-06-15 23:31:14,430 - __main__ - INFO - Message received from user_id=8270492933: state=None, text=Elon Joylashtirish ➕
2026-06-15 23:31:14,602 - httpx - INFO - HTTP Request: POST https://api.telegram.org/bot8657142758:AAGUQRm-T_ITFafMBJHzhBNQ2ZhjhuXQ4oE/sendMessage "HTTP/1.1 200 OK"
2026-06-15 23:31:24,573 - httpx - INFO - HTTP Request: POST https://api.telegram.org/bot8657142758:AAGUQRm-T_ITFafMBJHzhBNQ2ZhjhuXQ4oE/getUpdates "HTTP/1.1 200 OK"
2026-06-15 23:31:31,477 - httpx - INFO - HTTP Request: POST https://api.telegram.org/bot8657142758:AAGUQRm-T_ITFafMBJHzhBNQ2ZhjhuXQ4oE/getUpdates "HTTP/1.1 200 OK"
2026-06-15 23:31:31,479 - __main__ - INFO - Message received from user_id=8270492933: state=AD_PHOTO, text=None
2026-06-15 23:31:31,917 - httpx - INFO - HTTP Request: POST https://api.telegram.org/bot8657142758:AAGUQRm-T_ITFafMBJHzhBNQ2ZhjhuXQ4oE/sendMessage "HTTP/1.1 200 OK"
2026-06-15 23:31:31,919 - __main__ - INFO - Message received from user_id=8270492933: state=AD_LOCATION, text=None
2026-06-15 23:31:32,093 - httpx - INFO - HTTP Request: POST https://api.telegram.org/bot8657142758:AAGUQRm-T_ITFafMBJHzhBNQ2ZhjhuXQ4oE/sendMessage "HTTP/1.1 200 OK"
2026-06-15 23:31:38,386 - httpx - INFO - HTTP Request: POST https://api.telegram.org/bot8657142758:AAGUQRm-T_ITFafMBJHzhBNQ2ZhjhuXQ4oE/getUpdates "HTTP/1.1 200 OK"
2026-06-15 23:31:38,388 - __main__ - INFO - Message received from user_id=8270492933: state=AD_LOCATION, text=Xitoy
2026-06-15 23:31:38,858 - httpx - INFO - HTTP Request: POST https://api.telegram.org/bot8657142758:AAGUQRm-T_ITFafMBJHzhBNQ2ZhjhuXQ4oE/sendMessage "HTTP/1.1 200 OK"
2026-06-15 23:31:42,446 - httpx - INFO - HTTP Request: POST https://api.telegram.org/bot8657142758:AAGUQRm-T_ITFafMBJHzhBNQ2ZhjhuXQ4oE/getUpdates "HTTP/1.1 200 OK"
2026-06-15 23:31:42,448 - __main__ - INFO - Message received from user_id=8270492933: state=AD_DELIVERY, text=14kun
2026-06-15 23:31:42,615 - httpx - INFO - HTTP Request: POST https://api.telegram.org/bot8657142758:AAGUQRm-T_ITFafMBJHzhBNQ2ZhjhuXQ4oE/sendMessage "HTTP/1.1 200 OK"
2026-06-15 23:31:48,640 - httpx - INFO - HTTP Request: POST https://api.telegram.org/bot8657142758:AAGUQRm-T_ITFafMBJHzhBNQ2ZhjhuXQ4oE/getUpdates "HTTP/1.1 200 OK"
2026-06-15 23:31:48,641 - __main__ - INFO - Message received from user_id=8270492933: state=AD_PRICE, text=1200
2026-06-15 23:31:53,405 - httpx - INFO - HTTP Request: POST https://api.telegram.org/bot8657142758:AAGUQRm-T_ITFafMBJHzhBNQ2ZhjhuXQ4oE/sendMessage "HTTP/1.1 200 OK"
2026-06-15 23:31:58,777 - httpx - INFO - HTTP Request: POST https://api.telegram.org/bot8657142758:AAGUQRm-T_ITFafMBJHzhBNQ2ZhjhuXQ4oE/getUpdates "HTTP/1.1 200 OK"
2026-06-15 23:31:59,220 - httpx - INFO - HTTP Request: POST https://api.telegram.org/bot8657142758:AAGUQRm-T_ITFafMBJHzhBNQ2ZhjhuXQ4oE/getUpdates "HTTP/1.1 200 OK"
2026-06-15 23:31:59,222 - __main__ - INFO - Message received from user_id=8270492933: state=AD_DESCRIPTION, text=Balo battar
2026-06-15 23:31:59,647 - httpx - INFO - HTTP Request: POST https://api.telegram.org/bot8657142758:AAGUQRm-T_ITFafMBJHzhBNQ2ZhjhuXQ4oE/sendPhoto "HTTP/1.1 200 OK"
2026-06-15 23:32:09,367 - httpx - INFO - HTTP Request: POST https://api.telegram.org/bot8657142758:AAGUQRm-T_ITFafMBJHzhBNQ2ZhjhuXQ4oE/getUpdates "HTTP/1.1 200 OK"
2026-06-15 23:32:19,499 - httpx - INFO - HTTP Request: POST https://api.telegram.org/bot8657142758:AAGUQRm-T_ITFafMBJHzhBNQ2ZhjhuXQ4oE/getUpdates "HTTP/1.1 200 OK"
2026-06-15 23:32:30,136 - httpx - INFO - HTTP Request: POST https://api.telegram.org/bot8657142758:AAGUQRm-T_ITFafMBJHzhBNQ2ZhjhuXQ4oE/getUpdates "HTTP/1.1 200 OK"
2026-06-15 23:32:40,267 - httpx - INFO - HTTP Request: POST https://api.telegram.org/bot8657142758:AAGUQRm-T_ITFafMBJHzhBNQ2ZhjhuXQ4oE/getUpdates "HTTP/1.1 200 OK"
2026-06-15 23:32:50,483 - httpx - INFO - HTTP Request: POST https://api.telegram.org/bot8657142758:AAGUQRm-T_ITFafMBJHzhBNQ2ZhjhuXQ4oE/getUpdates "HTTP/1.1 200 OK"
2026-06-15 23:33:00,608 - httpx - INFO - HTTP Request: POST https://api.telegram.org/bot8657142758:AAGUQRm-T_ITFafMBJHzhBNQ2ZhjhuXQ4oE/getUpdates "HTTP/1.1 200 OK"
2026-06-15 23:33:07,591 - httpx - INFO - HTTP Request: POST https://api.telegram.org/bot8657142758:AAGUQRm-T_ITFafMBJHzhBNQ2ZhjhuXQ4oE/getUpdates "HTTP/1.1 200 OK"
2026-06-15 23:33:08,171 - httpx - INFO - HTTP Request: POST https://api.telegram.org/bot8657142758:AAGUQRm-T_ITFafMBJHzhBNQ2ZhjhuXQ4oE/sendMessage "HTTP/1.1 200 OK"
2026-06-15 23:33:10,588 - httpx - INFO - HTTP Request: POST https://api.telegram.org/bot8657142758:AAGUQRm-T_ITFafMBJHzhBNQ2ZhjhuXQ4oE/getUpdates "HTTP/1.1 200 OK"
2026-06-15 23:33:10,833 - httpx - INFO - HTTP Request: POST https://api.telegram.org/bot8657142758:AAGUQRm-T_ITFafMBJHzhBNQ2ZhjhuXQ4oE/sendMessage "HTTP/1.1 200 OK"
2026-06-15 23:33:14,381 - httpx - INFO - HTTP Request: POST https://api.telegram.org/bot8657142758:AAGUQRm-T_ITFafMBJHzhBNQ2ZhjhuXQ4oE/getUpdates "HTTP/1.1 200 OK"
2026-06-15 23:33:14,383 - __main__ - INFO - Message received from user_id=7208164975: state=None, text=Aloqa 📞
2026-06-15 23:33:14,571 - httpx - INFO - HTTP Request: POST https://api.telegram.org/bot8657142758:AAGUQRm-T_ITFafMBJHzhBNQ2ZhjhuXQ4oE/sendMessage "HTTP/1.1 200 OK"
2026-06-15 23:33:20,749 - httpx - INFO - HTTP Request: POST https://api.telegram.org/bot8657142758:AAGUQRm-T_ITFafMBJHzhBNQ2ZhjhuXQ4oE/getUpdates "HTTP/1.1 200 OK"
2026-06-15 23:33:20,751 - __main__ - INFO - Message received from user_id=7208164975: state=None, text=Bozor 🛍
2026-06-15 23:33:21,199 - httpx - INFO - HTTP Request: POST https://api.telegram.org/bot8657142758:AAGUQRm-T_ITFafMBJHzhBNQ2ZhjhuXQ4oE/sendMessage "HTTP/1.1 200 OK"
2026-06-15 23:33:30,885 - httpx - INFO - HTTP Request: POST https://api.telegram.org/bot8657142758:AAGUQRm-T_ITFafMBJHzhBNQ2ZhjhuXQ4oE/getUpdates "HTTP/1.1 200 OK"
2026-06-15 23:33:41,009 - httpx - INFO - HTTP Request: POST https://api.telegram.org/bot8657142758:AAGUQRm-T_ITFafMBJHzhBNQ2ZhjhuXQ4oE/getUpdates "HTTP/1.1 200 OK"
2026-06-15 23:33:51,167 - httpx - INFO - HTTP Request: POST https://api.telegram.org/bot8657142758:AAGUQRm-T_ITFafMBJHzhBNQ2ZhjhuXQ4oE/getUpdates "HTTP/1.1 200 OK"
2026-06-15 23:34:01,309 - httpx - INFO - HTTP Request: POST https://api.telegram.org/bot8657142758:AAGUQRm-T_ITFafMBJHzhBNQ2ZhjhuXQ4oE/getUpdates "HTTP/1.1 200 OK"
2026-06-15 23:34:11,441 - httpx - INFO - HTTP Request: POST https://api.telegram.org/bot8657142758:AAGUQRm-T_ITFafMBJHzhBNQ2ZhjhuXQ4oE/getUpdates "HTTP/1.1 200 OK"
2026-06-15 23:34:21,569 - httpx - INFO - HTTP Request: POST https://api.telegram.org/bot8657142758:AAGUQRm-T_ITFafMBJHzhBNQ2ZhjhuXQ4oE/getUpdates "HTTP/1.1 200 OK"
2026-06-15 23:34:31,698 - httpx - INFO - HTTP Request: POST https://api.telegram.org/bot8657142758:AAGUQRm-T_ITFafMBJHzhBNQ2ZhjhuXQ4oE/getUpdates "HTTP/1.1 200 OK"
2026-06-15 23:34:41,842 - httpx - INFO - HTTP Request: POST https://api.telegram.org/bot8657142758:AAGUQRm-T_ITFafMBJHzhBNQ2ZhjhuXQ4oE/getUpdates "HTTP/1.1 200 OK"
2026-06-15 23:34:51,966 - httpx - INFO - HTTP Request: POST https://api.telegram.org/bot8657142758:AAGUQRm-T_ITFafMBJHzhBNQ2ZhjhuXQ4oE/getUpdates "HTTP/1.1 200 OK"
2026-06-15 23:34:59,764 - httpx - INFO - HTTP Request: POST https://api.telegram.org/bot8657142758:AAGUQRm-T_ITFafMBJHzhBNQ2ZhjhuXQ4oE/getUpdates "HTTP/1.1 200 OK"
2026-06-15 23:34:59,767 - __main__ - INFO - Message received from user_id=8270492933: state=AD_CONFIRM, text=Hsus
2026-06-15 23:35:00,217 - httpx - INFO - HTTP Request: POST https://api.telegram.org/bot8657142758:AAGUQRm-T_ITFafMBJHzhBNQ2ZhjhuXQ4oE/sendMessage "HTTP/1.1 200 OK"
2026-06-15 23:35:09,908 - httpx - INFO - HTTP Request: POST https://api.telegram.org/bot8657142758:AAGUQRm-T_ITFafMBJHzhBNQ2ZhjhuXQ4oE/getUpdates "HTTP/1.1 200 OK"
2026-06-15 23:35:20,038 - httpx - INFO - HTTP Request: POST https://api.telegram.org/bot8657142758:AAGUQRm-T_ITFafMBJHzhBNQ2ZhjhuXQ4oE/getUpdates "HTTP/1.1 200 OK"
2026-06-15 23:35:30,341 - httpx - INFO - HTTP Request: POST https://api.telegram.org/bot8657142758:AAGUQRm-T_ITFafMBJHzhBNQ2ZhjhuXQ4oE/getUpdates "HTTP/1.1 200 OK"
2026-06-15 23:35:40,475 - httpx - INFO - HTTP Request: POST https://api.telegram.org/bot8657142758:AAGUQRm-T_ITFafMBJHzhBNQ2ZhjhuXQ4oE/getUpdates "HTTP/1.1 200 OK"
2026-06-15 23:35:50,617 - httpx - INFO - HTTP Request: POST https://api.telegram.org/bot8657142758:AAGUQRm-T_ITFafMBJHzhBNQ2ZhjhuXQ4oE/getUpdates "HTTP/1.1 200 OK"
2026-06-15 23:35:59,594 - httpx - INFO - HTTP Request: POST https://api.telegram.org/bot8657142758:AAGUQRm-T_ITFafMBJHzhBNQ2ZhjhuXQ4oE/getUpdates "HTTP/1.1 200 OK"
2026-06-15 23:35:59,595 - telegram.ext.Application - INFO - Application is stopping. This might take a moment.
2026-06-15 23:35:59,596 - telegram.ext.Application - INFO - Application.stop() complete
2026-06-15 23:36:13,973 - httpx - INFO - HTTP Request: POST https://api.telegram.org/bot8657142758:AAGUQRm-T_ITFafMBJHzhBNQ2ZhjhuXQ4oE/getMe "HTTP/1.1 200 OK"
2026-06-15 23:36:14,112 - httpx - INFO - HTTP Request: POST https://api.telegram.org/bot8657142758:AAGUQRm-T_ITFafMBJHzhBNQ2ZhjhuXQ4oE/deleteWebhook "HTTP/1.1 200 OK"
2026-06-15 23:36:14,115 - telegram.ext.Application - INFO - Application started
2026-06-15 23:36:24,560 - httpx - INFO - HTTP Request: POST https://api.telegram.org/bot8657142758:AAGUQRm-T_ITFafMBJHzhBNQ2ZhjhuXQ4oE/getUpdates "HTTP/1.1 200 OK"
2026-06-15 23:36:30,578 - httpx - INFO - HTTP Request: POST https://api.telegram.org/bot8657142758:AAGUQRm-T_ITFafMBJHzhBNQ2ZhjhuXQ4oE/getUpdates "HTTP/1.1 200 OK"
2026-06-15 23:36:31,034 - httpx - INFO - HTTP Request: POST https://api.telegram.org/bot8657142758:AAGUQRm-T_ITFafMBJHzhBNQ2ZhjhuXQ4oE/sendMessage "HTTP/1.1 200 OK"
2026-06-15 23:36:40,721 - httpx - INFO - HTTP Request: POST https://api.telegram.org/bot8657142758:AAGUQRm-T_ITFafMBJHzhBNQ2ZhjhuXQ4oE/getUpdates "HTTP/1.1 200 OK"
2026-06-15 23:36:50,862 - httpx - INFO - HTTP Request: POST https://api.telegram.org/bot8657142758:AAGUQRm-T_ITFafMBJHzhBNQ2ZhjhuXQ4oE/getUpdates "HTTP/1.1 200 OK"
2026-06-15 23:37:00,996 - httpx - INFO - HTTP Request: POST https://api.telegram.org/bot8657142758:AAGUQRm-T_ITFafMBJHzhBNQ2ZhjhuXQ4oE/getUpdates "HTTP/1.1 200 OK"
2026-06-15 23:37:09,498 - httpx - INFO - HTTP Request: POST https://api.telegram.org/bot8657142758:AAGUQRm-T_ITFafMBJHzhBNQ2ZhjhuXQ4oE/getUpdates "HTTP/1.1 200 OK"
2026-06-15 23:37:09,499 - telegram.ext.Application - INFO - Application is stopping. This might take a moment.
2026-06-15 23:37:09,499 - telegram.ext.Application - INFO - Application.stop() complete
2026-06-15 23:40:53,593 - httpx - INFO - HTTP Request: POST https://api.telegram.org/bot8657142758:AAGUQRm-T_ITFafMBJHzhBNQ2ZhjhuXQ4oE/getMe "HTTP/1.1 200 OK"
2026-06-15 23:40:53,716 - httpx - INFO - HTTP Request: POST https://api.telegram.org/bot8657142758:AAGUQRm-T_ITFafMBJHzhBNQ2ZhjhuXQ4oE/deleteWebhook "HTTP/1.1 200 OK"
2026-06-15 23:40:53,718 - telegram.ext.Application - INFO - Application started
2026-06-15 23:41:01,973 - httpx - INFO - HTTP Request: POST https://api.telegram.org/bot8657142758:AAGUQRm-T_ITFafMBJHzhBNQ2ZhjhuXQ4oE/getUpdates "HTTP/1.1 200 OK"
2026-06-15 23:41:02,378 - httpx - INFO - HTTP Request: POST https://api.telegram.org/bot8657142758:AAGUQRm-T_ITFafMBJHzhBNQ2ZhjhuXQ4oE/getMe "HTTP/1.1 200 OK"
2026-06-15 23:41:02,693 - httpx - INFO - HTTP Request: POST https://api.telegram.org/bot8657142758:AAGUQRm-T_ITFafMBJHzhBNQ2ZhjhuXQ4oE/sendMessage "HTTP/1.1 200 OK"
2026-06-15 23:41:12,105 - httpx - INFO - HTTP Request: POST https://api.telegram.org/bot8657142758:AAGUQRm-T_ITFafMBJHzhBNQ2ZhjhuXQ4oE/getUpdates "HTTP/1.1 200 OK"
2026-06-15 23:41:13,570 - httpx - INFO - HTTP Request: POST https://api.telegram.org/bot8657142758:AAGUQRm-T_ITFafMBJHzhBNQ2ZhjhuXQ4oE/getUpdates "HTTP/1.1 200 OK"
2026-06-15 23:41:13,572 - __main__ - INFO - Message received from user_id=8270492933: state=None, text=Bekor qilish ❌
2026-06-15 23:41:14,030 - httpx - INFO - HTTP Request: POST https://api.telegram.org/bot8657142758:AAGUQRm-T_ITFafMBJHzhBNQ2ZhjhuXQ4oE/sendMessage "HTTP/1.1 200 OK"
2026-06-15 23:41:17,454 - httpx - INFO - HTTP Request: POST https://api.telegram.org/bot8657142758:AAGUQRm-T_ITFafMBJHzhBNQ2ZhjhuXQ4oE/getUpdates "HTTP/1.1 200 OK"
2026-06-15 23:41:17,456 - __main__ - INFO - Message received from user_id=8270492933: state=None, text=Statistika 📊
2026-06-15 23:41:17,698 - httpx - INFO - HTTP Request: POST https://api.telegram.org/bot8657142758:AAGUQRm-T_ITFafMBJHzhBNQ2ZhjhuXQ4oE/sendMessage "HTTP/1.1 200 OK"
2026-06-15 23:41:20,694 - httpx - INFO - HTTP Request: POST https://api.telegram.org/bot8657142758:AAGUQRm-T_ITFafMBJHzhBNQ2ZhjhuXQ4oE/getUpdates "HTTP/1.1 200 OK"
2026-06-15 23:41:20,697 - __main__ - INFO - Message received from user_id=8270492933: state=None, text=Karta Raqami 💳
2026-06-15 23:41:20,862 - httpx - INFO - HTTP Request: POST https://api.telegram.org/bot8657142758:AAGUQRm-T_ITFafMBJHzhBNQ2ZhjhuXQ4oE/sendMessage "HTTP/1.1 200 OK"
2026-06-15 23:41:23,177 - httpx - INFO - HTTP Request: POST https://api.telegram.org/bot8657142758:AAGUQRm-T_ITFafMBJHzhBNQ2ZhjhuXQ4oE/getUpdates "HTTP/1.1 200 OK"
2026-06-15 23:41:23,179 - __main__ - INFO - Message received from user_id=8270492933: state=None, text=Bozor 🛍
2026-06-15 23:41:23,332 - httpx - INFO - HTTP Request: POST https://api.telegram.org/bot8657142758:AAGUQRm-T_ITFafMBJHzhBNQ2ZhjhuXQ4oE/sendMessage "HTTP/1.1 200 OK"
2026-06-15 23:41:25,256 - httpx - INFO - HTTP Request: POST https://api.telegram.org/bot8657142758:AAGUQRm-T_ITFafMBJHzhBNQ2ZhjhuXQ4oE/getUpdates "HTTP/1.1 200 OK"
2026-06-15 23:41:25,258 - __main__ - INFO - Message received from user_id=8270492933: state=None, text=Buyurtmalar 📝
2026-06-15 23:41:25,417 - httpx - INFO - HTTP Request: POST https://api.telegram.org/bot8657142758:AAGUQRm-T_ITFafMBJHzhBNQ2ZhjhuXQ4oE/sendMessage "HTTP/1.1 200 OK"
2026-06-15 23:41:27,808 - httpx - INFO - HTTP Request: POST https://api.telegram.org/bot8657142758:AAGUQRm-T_ITFafMBJHzhBNQ2ZhjhuXQ4oE/getUpdates "HTTP/1.1 200 OK"
2026-06-15 23:41:27,810 - __main__ - INFO - Message received from user_id=8270492933: state=None, text=Elon Joylashtirish ➕
2026-06-15 23:41:27,982 - httpx - INFO - HTTP Request: POST https://api.telegram.org/bot8657142758:AAGUQRm-T_ITFafMBJHzhBNQ2ZhjhuXQ4oE/sendMessage "HTTP/1.1 200 OK"
2026-06-15 23:41:37,950 - httpx - INFO - HTTP Request: POST https://api.telegram.org/bot8657142758:AAGUQRm-T_ITFafMBJHzhBNQ2ZhjhuXQ4oE/getUpdates "HTTP/1.1 200 OK"
2026-06-15 23:41:45,210 - httpx - INFO - HTTP Request: POST https://api.telegram.org/bot8657142758:AAGUQRm-T_ITFafMBJHzhBNQ2ZhjhuXQ4oE/getUpdates "HTTP/1.1 200 OK"
2026-06-15 23:41:45,212 - __main__ - INFO - Message received from user_id=8270492933: state=AD_PHOTO, text=None
2026-06-15 23:41:45,642 - httpx - INFO - HTTP Request: POST https://api.telegram.org/bot8657142758:AAGUQRm-T_ITFafMBJHzhBNQ2ZhjhuXQ4oE/sendMessage "HTTP/1.1 200 OK"
2026-06-15 23:41:45,644 - __main__ - INFO - Message received from user_id=8270492933: state=AD_LOCATION, text=None
2026-06-15 23:41:45,809 - httpx - INFO - HTTP Request: POST https://api.telegram.org/bot8657142758:AAGUQRm-T_ITFafMBJHzhBNQ2ZhjhuXQ4oE/sendMessage "HTTP/1.1 200 OK"
2026-06-15 23:41:52,743 - httpx - INFO - HTTP Request: POST https://api.telegram.org/bot8657142758:AAGUQRm-T_ITFafMBJHzhBNQ2ZhjhuXQ4oE/getUpdates "HTTP/1.1 200 OK"
2026-06-15 23:41:52,746 - __main__ - INFO - Message received from user_id=8270492933: state=AD_LOCATION, text=xitoydan
2026-06-15 23:41:53,199 - httpx - INFO - HTTP Request: POST https://api.telegram.org/bot8657142758:AAGUQRm-T_ITFafMBJHzhBNQ2ZhjhuXQ4oE/sendMessage "HTTP/1.1 200 OK"
2026-06-15 23:41:57,079 - httpx - INFO - HTTP Request: POST https://api.telegram.org/bot8657142758:AAGUQRm-T_ITFafMBJHzhBNQ2ZhjhuXQ4oE/getUpdates "HTTP/1.1 200 OK"
2026-06-15 23:41:57,081 - __main__ - INFO - Message received from user_id=8270492933: state=AD_DELIVERY, text=12
2026-06-15 23:41:57,395 - httpx - INFO - HTTP Request: POST https://api.telegram.org/bot8657142758:AAGUQRm-T_ITFafMBJHzhBNQ2ZhjhuXQ4oE/sendMessage "HTTP/1.1 200 OK"
2026-06-15 23:42:01,026 - httpx - INFO - HTTP Request: POST https://api.telegram.org/bot8657142758:AAGUQRm-T_ITFafMBJHzhBNQ2ZhjhuXQ4oE/getUpdates "HTTP/1.1 200 OK"
2026-06-15 23:42:01,027 - __main__ - INFO - Message received from user_id=8270492933: state=AD_PRICE, text=200000000000
2026-06-15 23:42:01,181 - httpx - INFO - HTTP Request: POST https://api.telegram.org/bot8657142758:AAGUQRm-T_ITFafMBJHzhBNQ2ZhjhuXQ4oE/sendMessage "HTTP/1.1 200 OK"
2026-06-15 23:42:06,683 - httpx - INFO - HTTP Request: POST https://api.telegram.org/bot8657142758:AAGUQRm-T_ITFafMBJHzhBNQ2ZhjhuXQ4oE/getUpdates "HTTP/1.1 200 OK"
2026-06-15 23:42:06,685 - __main__ - INFO - Message received from user_id=8270492933: state=AD_DESCRIPTION, text=bu test
2026-06-15 23:42:07,116 - httpx - INFO - HTTP Request: POST https://api.telegram.org/bot8657142758:AAGUQRm-T_ITFafMBJHzhBNQ2ZhjhuXQ4oE/sendPhoto "HTTP/1.1 200 OK"
2026-06-15 23:42:16,831 - httpx - INFO - HTTP Request: POST https://api.telegram.org/bot8657142758:AAGUQRm-T_ITFafMBJHzhBNQ2ZhjhuXQ4oE/getUpdates "HTTP/1.1 200 OK"
2026-06-15 23:42:27,001 - httpx - INFO - HTTP Request: POST https://api.telegram.org/bot8657142758:AAGUQRm-T_ITFafMBJHzhBNQ2ZhjhuXQ4oE/getUpdates "HTTP/1.1 200 OK"
2026-06-15 23:42:31,328 - httpx - INFO - HTTP Request: POST https://api.telegram.org/bot8657142758:AAGUQRm-T_ITFafMBJHzhBNQ2ZhjhuXQ4oE/getUpdates "HTTP/1.1 200 OK"
2026-06-15 23:42:31,739 - httpx - INFO - HTTP Request: POST https://api.telegram.org/bot8657142758:AAGUQRm-T_ITFafMBJHzhBNQ2ZhjhuXQ4oE/sendMessage "HTTP/1.1 200 OK"
2026-06-15 23:42:41,469 - httpx - INFO - HTTP Request: POST https://api.telegram.org/bot8657142758:AAGUQRm-T_ITFafMBJHzhBNQ2ZhjhuXQ4oE/getUpdates "HTTP/1.1 200 OK"
2026-06-15 23:42:51,607 - httpx - INFO - HTTP Request: POST https://api.telegram.org/bot8657142758:AAGUQRm-T_ITFafMBJHzhBNQ2ZhjhuXQ4oE/getUpdates "HTTP/1.1 200 OK"
2026-06-15 23:43:01,739 - httpx - INFO - HTTP Request: POST https://api.telegram.org/bot8657142758:AAGUQRm-T_ITFafMBJHzhBNQ2ZhjhuXQ4oE/getUpdates "HTTP/1.1 200 OK"
2026-06-15 23:43:11,877 - httpx - INFO - HTTP Request: POST https://api.telegram.org/bot8657142758:AAGUQRm-T_ITFafMBJHzhBNQ2ZhjhuXQ4oE/getUpdates "HTTP/1.1 200 OK"
2026-06-15 23:43:22,003 - httpx - INFO - HTTP Request: POST https://api.telegram.org/bot8657142758:AAGUQRm-T_ITFafMBJHzhBNQ2ZhjhuXQ4oE/getUpdates "HTTP/1.1 200 OK"
2026-06-15 23:43:32,140 - httpx - INFO - HTTP Request: POST https://api.telegram.org/bot8657142758:AAGUQRm-T_ITFafMBJHzhBNQ2ZhjhuXQ4oE/getUpdates "HTTP/1.1 200 OK"
2026-06-15 23:43:42,269 - httpx - INFO - HTTP Request: POST https://api.telegram.org/bot8657142758:AAGUQRm-T_ITFafMBJHzhBNQ2ZhjhuXQ4oE/getUpdates "HTTP/1.1 200 OK"
2026-06-15 23:43:52,408 - httpx - INFO - HTTP Request: POST https://api.telegram.org/bot8657142758:AAGUQRm-T_ITFafMBJHzhBNQ2ZhjhuXQ4oE/getUpdates "HTTP/1.1 200 OK"
2026-06-15 23:44:02,541 - httpx - INFO - HTTP Request: POST https://api.telegram.org/bot8657142758:AAGUQRm-T_ITFafMBJHzhBNQ2ZhjhuXQ4oE/getUpdates "HTTP/1.1 200 OK"
2026-06-15 23:44:12,714 - httpx - INFO - HTTP Request: POST https://api.telegram.org/bot8657142758:AAGUQRm-T_ITFafMBJHzhBNQ2ZhjhuXQ4oE/getUpdates "HTTP/1.1 200 OK"
2026-06-15 23:44:20,913 - httpx - INFO - HTTP Request: POST https://api.telegram.org/bot8657142758:AAGUQRm-T_ITFafMBJHzhBNQ2ZhjhuXQ4oE/getUpdates "HTTP/1.1 200 OK"
2026-06-15 23:44:20,914 - telegram.ext.Application - INFO - Application is stopping. This might take a moment.
2026-06-15 23:44:20,914 - telegram.ext.Application - INFO - Application.stop() complete
2026-06-15 23:45:36,722 - httpx - INFO - HTTP Request: POST https://api.telegram.org/bot8657142758:AAGUQRm-T_ITFafMBJHzhBNQ2ZhjhuXQ4oE/getMe "HTTP/1.1 200 OK"
2026-06-15 23:45:36,844 - httpx - INFO - HTTP Request: POST https://api.telegram.org/bot8657142758:AAGUQRm-T_ITFafMBJHzhBNQ2ZhjhuXQ4oE/deleteWebhook "HTTP/1.1 200 OK"
2026-06-15 23:45:36,846 - telegram.ext.Application - INFO - Application started
2026-06-15 23:45:47,403 - httpx - INFO - HTTP Request: POST https://api.telegram.org/bot8657142758:AAGUQRm-T_ITFafMBJHzhBNQ2ZhjhuXQ4oE/getUpdates "HTTP/1.1 200 OK"
2026-06-15 23:45:57,895 - httpx - INFO - HTTP Request: POST https://api.telegram.org/bot8657142758:AAGUQRm-T_ITFafMBJHzhBNQ2ZhjhuXQ4oE/getUpdates "HTTP/1.1 200 OK"
2026-06-15 23:46:08,035 - httpx - INFO - HTTP Request: POST https://api.telegram.org/bot8657142758:AAGUQRm-T_ITFafMBJHzhBNQ2ZhjhuXQ4oE/getUpdates "HTTP/1.1 200 OK"
2026-06-15 23:46:18,169 - httpx - INFO - HTTP Request: POST https://api.telegram.org/bot8657142758:AAGUQRm-T_ITFafMBJHzhBNQ2ZhjhuXQ4oE/getUpdates "HTTP/1.1 200 OK"
2026-06-15 23:46:28,299 - httpx - INFO - HTTP Request: POST https://api.telegram.org/bot8657142758:AAGUQRm-T_ITFafMBJHzhBNQ2ZhjhuXQ4oE/getUpdates "HTTP/1.1 200 OK"
2026-06-15 23:46:38,798 - httpx - INFO - HTTP Request: POST https://api.telegram.org/bot8657142758:AAGUQRm-T_ITFafMBJHzhBNQ2ZhjhuXQ4oE/getUpdates "HTTP/1.1 200 OK"
2026-06-15 23:46:49,302 - httpx - INFO - HTTP Request: POST https://api.telegram.org/bot8657142758:AAGUQRm-T_ITFafMBJHzhBNQ2ZhjhuXQ4oE/getUpdates "HTTP/1.1 200 OK"
2026-06-15 23:46:59,283 - httpx - INFO - HTTP Request: POST https://api.telegram.org/bot8657142758:AAGUQRm-T_ITFafMBJHzhBNQ2ZhjhuXQ4oE/getMe "HTTP/1.1 200 OK"
2026-06-15 23:46:59,415 - httpx - INFO - HTTP Request: POST https://api.telegram.org/bot8657142758:AAGUQRm-T_ITFafMBJHzhBNQ2ZhjhuXQ4oE/deleteWebhook "HTTP/1.1 200 OK"
2026-06-15 23:46:59,417 - telegram.ext.Application - INFO - Application started
2026-06-15 23:46:59,436 - httpx - INFO - HTTP Request: POST https://api.telegram.org/bot8657142758:AAGUQRm-T_ITFafMBJHzhBNQ2ZhjhuXQ4oE/getUpdates "HTTP/1.1 200 OK"
2026-06-15 23:46:59,832 - httpx - INFO - HTTP Request: POST https://api.telegram.org/bot8657142758:AAGUQRm-T_ITFafMBJHzhBNQ2ZhjhuXQ4oE/getUpdates "HTTP/1.1 409 Conflict"
2026-06-15 23:46:59,834 - telegram.ext.Application - ERROR - No error handlers are registered, logging exception.
Traceback (most recent call last):
  File "/home/sirojiddin/code/Munacollection/venv/lib/python3.13/site-packages/telegram/ext/_utils/networkloop.py", line 161, in network_retry_loop
    await do_action()
  File "/home/sirojiddin/code/Munacollection/venv/lib/python3.13/site-packages/telegram/ext/_utils/networkloop.py", line 154, in do_action
    action_cb_task.result()
    ~~~~~~~~~~~~~~~~~~~~~^^
  File "/home/sirojiddin/code/Munacollection/venv/lib/python3.13/site-packages/telegram/ext/_updater.py", line 340, in polling_action_cb
    updates = await self.bot.get_updates(
              ^^^^^^^^^^^^^^^^^^^^^^^^^^^
    ...<3 lines>...
    )
    ^
  File "/home/sirojiddin/code/Munacollection/venv/lib/python3.13/site-packages/telegram/ext/_extbot.py", line 680, in get_updates
    updates = await super().get_updates(
              ^^^^^^^^^^^^^^^^^^^^^^^^^^
    ...<9 lines>...
    )
    ^
  File "/home/sirojiddin/code/Munacollection/venv/lib/python3.13/site-packages/telegram/_bot.py", line 4767, in get_updates
    await self._post(
    ^^^^^^^^^^^^^^^^^
    ...<7 lines>...
    ),
    ^
  File "/home/sirojiddin/code/Munacollection/venv/lib/python3.13/site-packages/telegram/_bot.py", line 712, in _post
    return await self._do_post(
           ^^^^^^^^^^^^^^^^^^^^
    ...<6 lines>...
    )
    ^
  File "/home/sirojiddin/code/Munacollection/venv/lib/python3.13/site-packages/telegram/ext/_extbot.py", line 378, in _do_post
    return await super()._do_post(
           ^^^^^^^^^^^^^^^^^^^^^^^
    ...<6 lines>...
    )
    ^
  File "/home/sirojiddin/code/Munacollection/venv/lib/python3.13/site-packages/telegram/_bot.py", line 741, in _do_post
    result = await request.post(
             ^^^^^^^^^^^^^^^^^^^
    ...<6 lines>...
    )
    ^
  File "/home/sirojiddin/code/Munacollection/venv/lib/python3.13/site-packages/telegram/request/_baserequest.py", line 198, in post
    result = await self._request_wrapper(
             ^^^^^^^^^^^^^^^^^^^^^^^^^^^^
    ...<7 lines>...
    )
    ^
  File "/home/sirojiddin/code/Munacollection/venv/lib/python3.13/site-packages/telegram/request/_baserequest.py", line 375, in _request_wrapper
    raise exception
telegram.error.Conflict: Conflict: terminated by other getUpdates request; make sure that only one bot instance is running
2026-06-15 23:47:03,969 - httpx - INFO - HTTP Request: POST https://api.telegram.org/bot8657142758:AAGUQRm-T_ITFafMBJHzhBNQ2ZhjhuXQ4oE/getUpdates "HTTP/1.1 409 Conflict"
2026-06-15 23:47:03,970 - telegram.ext.Application - ERROR - No error handlers are registered, logging exception.
Traceback (most recent call last):
  File "/home/sirojiddin/code/Munacollection/venv/lib/python3.13/site-packages/telegram/ext/_utils/networkloop.py", line 161, in network_retry_loop
    await do_action()
  File "/home/sirojiddin/code/Munacollection/venv/lib/python3.13/site-packages/telegram/ext/_utils/networkloop.py", line 154, in do_action
    action_cb_task.result()
    ~~~~~~~~~~~~~~~~~~~~~^^
  File "/home/sirojiddin/code/Munacollection/venv/lib/python3.13/site-packages/telegram/ext/_updater.py", line 340, in polling_action_cb
    updates = await self.bot.get_updates(
              ^^^^^^^^^^^^^^^^^^^^^^^^^^^
    ...<3 lines>...
    )
    ^
  File "/home/sirojiddin/code/Munacollection/venv/lib/python3.13/site-packages/telegram/ext/_extbot.py", line 680, in get_updates
    updates = await super().get_updates(
              ^^^^^^^^^^^^^^^^^^^^^^^^^^
    ...<9 lines>...
    )
    ^
  File "/home/sirojiddin/code/Munacollection/venv/lib/python3.13/site-packages/telegram/_bot.py", line 4767, in get_updates
    await self._post(
    ^^^^^^^^^^^^^^^^^
    ...<7 lines>...
    ),
    ^
  File "/home/sirojiddin/code/Munacollection/venv/lib/python3.13/site-packages/telegram/_bot.py", line 712, in _post
    return await self._do_post(
           ^^^^^^^^^^^^^^^^^^^^
    ...<6 lines>...
    )
    ^
  File "/home/sirojiddin/code/Munacollection/venv/lib/python3.13/site-packages/telegram/ext/_extbot.py", line 378, in _do_post
    return await super()._do_post(
           ^^^^^^^^^^^^^^^^^^^^^^^
    ...<6 lines>...
    )
    ^
  File "/home/sirojiddin/code/Munacollection/venv/lib/python3.13/site-packages/telegram/_bot.py", line 741, in _do_post
    result = await request.post(
             ^^^^^^^^^^^^^^^^^^^
    ...<6 lines>...
    )
    ^
  File "/home/sirojiddin/code/Munacollection/venv/lib/python3.13/site-packages/telegram/request/_baserequest.py", line 198, in post
    result = await self._request_wrapper(
             ^^^^^^^^^^^^^^^^^^^^^^^^^^^^
    ...<7 lines>...
    )
    ^
  File "/home/sirojiddin/code/Munacollection/venv/lib/python3.13/site-packages/telegram/request/_baserequest.py", line 375, in _request_wrapper
    raise exception
telegram.error.Conflict: Conflict: terminated by other getUpdates request; make sure that only one bot instance is running
2026-06-15 23:47:05,106 - httpx - INFO - HTTP Request: POST https://api.telegram.org/bot8657142758:AAGUQRm-T_ITFafMBJHzhBNQ2ZhjhuXQ4oE/getUpdates "HTTP/1.1 409 Conflict"
2026-06-15 23:47:05,107 - telegram.ext.Application - ERROR - No error handlers are registered, logging exception.
Traceback (most recent call last):
  File "/home/sirojiddin/code/Munacollection/venv/lib/python3.13/site-packages/telegram/ext/_utils/networkloop.py", line 161, in network_retry_loop
    await do_action()
  File "/home/sirojiddin/code/Munacollection/venv/lib/python3.13/site-packages/telegram/ext/_utils/networkloop.py", line 154, in do_action
    action_cb_task.result()
    ~~~~~~~~~~~~~~~~~~~~~^^
  File "/home/sirojiddin/code/Munacollection/venv/lib/python3.13/site-packages/telegram/ext/_updater.py", line 340, in polling_action_cb
    updates = await self.bot.get_updates(
              ^^^^^^^^^^^^^^^^^^^^^^^^^^^
    ...<3 lines>...
    )
    ^
  File "/home/sirojiddin/code/Munacollection/venv/lib/python3.13/site-packages/telegram/ext/_extbot.py", line 680, in get_updates
    updates = await super().get_updates(
              ^^^^^^^^^^^^^^^^^^^^^^^^^^
    ...<9 lines>...
    )
    ^
  File "/home/sirojiddin/code/Munacollection/venv/lib/python3.13/site-packages/telegram/_bot.py", line 4767, in get_updates
    await self._post(
    ^^^^^^^^^^^^^^^^^
    ...<7 lines>...
    ),
    ^
  File "/home/sirojiddin/code/Munacollection/venv/lib/python3.13/site-packages/telegram/_bot.py", line 712, in _post
    return await self._do_post(
           ^^^^^^^^^^^^^^^^^^^^
    ...<6 lines>...
    )
    ^
  File "/home/sirojiddin/code/Munacollection/venv/lib/python3.13/site-packages/telegram/ext/_extbot.py", line 378, in _do_post
    return await super()._do_post(
           ^^^^^^^^^^^^^^^^^^^^^^^
    ...<6 lines>...
    )
    ^
  File "/home/sirojiddin/code/Munacollection/venv/lib/python3.13/site-packages/telegram/_bot.py", line 741, in _do_post
    result = await request.post(
             ^^^^^^^^^^^^^^^^^^^
    ...<6 lines>...
    )
    ^
  File "/home/sirojiddin/code/Munacollection/venv/lib/python3.13/site-packages/telegram/request/_baserequest.py", line 198, in post
    result = await self._request_wrapper(
             ^^^^^^^^^^^^^^^^^^^^^^^^^^^^
    ...<7 lines>...
    )
    ^
  File "/home/sirojiddin/code/Munacollection/venv/lib/python3.13/site-packages/telegram/request/_baserequest.py", line 375, in _request_wrapper
    raise exception
telegram.error.Conflict: Conflict: terminated by other getUpdates request; make sure that only one bot instance is running
2026-06-15 23:47:09,775 - httpx - INFO - HTTP Request: POST https://api.telegram.org/bot8657142758:AAGUQRm-T_ITFafMBJHzhBNQ2ZhjhuXQ4oE/getUpdates "HTTP/1.1 409 Conflict"
2026-06-15 23:47:09,777 - telegram.ext.Application - ERROR - No error handlers are registered, logging exception.
Traceback (most recent call last):
  File "/home/sirojiddin/code/Munacollection/venv/lib/python3.13/site-packages/telegram/ext/_utils/networkloop.py", line 161, in network_retry_loop
    await do_action()
  File "/home/sirojiddin/code/Munacollection/venv/lib/python3.13/site-packages/telegram/ext/_utils/networkloop.py", line 154, in do_action
    action_cb_task.result()
    ~~~~~~~~~~~~~~~~~~~~~^^
  File "/home/sirojiddin/code/Munacollection/venv/lib/python3.13/site-packages/telegram/ext/_updater.py", line 340, in polling_action_cb
    updates = await self.bot.get_updates(
              ^^^^^^^^^^^^^^^^^^^^^^^^^^^
    ...<3 lines>...
    )
    ^
  File "/home/sirojiddin/code/Munacollection/venv/lib/python3.13/site-packages/telegram/ext/_extbot.py", line 680, in get_updates
    updates = await super().get_updates(
              ^^^^^^^^^^^^^^^^^^^^^^^^^^
    ...<9 lines>...
    )
    ^
  File "/home/sirojiddin/code/Munacollection/venv/lib/python3.13/site-packages/telegram/_bot.py", line 4767, in get_updates
    await self._post(
    ^^^^^^^^^^^^^^^^^
    ...<7 lines>...
    ),
    ^
  File "/home/sirojiddin/code/Munacollection/venv/lib/python3.13/site-packages/telegram/_bot.py", line 712, in _post
    return await self._do_post(
           ^^^^^^^^^^^^^^^^^^^^
    ...<6 lines>...
    )
    ^
  File "/home/sirojiddin/code/Munacollection/venv/lib/python3.13/site-packages/telegram/ext/_extbot.py", line 378, in _do_post
    return await super()._do_post(
           ^^^^^^^^^^^^^^^^^^^^^^^
    ...<6 lines>...
    )
    ^
  File "/home/sirojiddin/code/Munacollection/venv/lib/python3.13/site-packages/telegram/_bot.py", line 741, in _do_post
    result = await request.post(
             ^^^^^^^^^^^^^^^^^^^
    ...<6 lines>...
    )
    ^
  File "/home/sirojiddin/code/Munacollection/venv/lib/python3.13/site-packages/telegram/request/_baserequest.py", line 198, in post
    result = await self._request_wrapper(
             ^^^^^^^^^^^^^^^^^^^^^^^^^^^^
    ...<7 lines>...
    )
    ^
  File "/home/sirojiddin/code/Munacollection/venv/lib/python3.13/site-packages/telegram/request/_baserequest.py", line 375, in _request_wrapper
    raise exception
telegram.error.Conflict: Conflict: terminated by other getUpdates request; make sure that only one bot instance is running
2026-06-15 23:47:11,430 - httpx - INFO - HTTP Request: POST https://api.telegram.org/bot8657142758:AAGUQRm-T_ITFafMBJHzhBNQ2ZhjhuXQ4oE/getUpdates "HTTP/1.1 409 Conflict"
2026-06-15 23:47:11,431 - telegram.ext.Application - ERROR - No error handlers are registered, logging exception.
Traceback (most recent call last):
  File "/home/sirojiddin/code/Munacollection/venv/lib/python3.13/site-packages/telegram/ext/_utils/networkloop.py", line 161, in network_retry_loop
    await do_action()
  File "/home/sirojiddin/code/Munacollection/venv/lib/python3.13/site-packages/telegram/ext/_utils/networkloop.py", line 154, in do_action
    action_cb_task.result()
    ~~~~~~~~~~~~~~~~~~~~~^^
  File "/home/sirojiddin/code/Munacollection/venv/lib/python3.13/site-packages/telegram/ext/_updater.py", line 340, in polling_action_cb
    updates = await self.bot.get_updates(
              ^^^^^^^^^^^^^^^^^^^^^^^^^^^
    ...<3 lines>...
    )
    ^
  File "/home/sirojiddin/code/Munacollection/venv/lib/python3.13/site-packages/telegram/ext/_extbot.py", line 680, in get_updates
    updates = await super().get_updates(
              ^^^^^^^^^^^^^^^^^^^^^^^^^^
    ...<9 lines>...
    )
    ^
  File "/home/sirojiddin/code/Munacollection/venv/lib/python3.13/site-packages/telegram/_bot.py", line 4767, in get_updates
    await self._post(
    ^^^^^^^^^^^^^^^^^
    ...<7 lines>...
    ),
    ^
  File "/home/sirojiddin/code/Munacollection/venv/lib/python3.13/site-packages/telegram/_bot.py", line 712, in _post
    return await self._do_post(
           ^^^^^^^^^^^^^^^^^^^^
    ...<6 lines>...
    )
    ^
  File "/home/sirojiddin/code/Munacollection/venv/lib/python3.13/site-packages/telegram/ext/_extbot.py", line 378, in _do_post
    return await super()._do_post(
           ^^^^^^^^^^^^^^^^^^^^^^^
    ...<6 lines>...
    )
    ^
  File "/home/sirojiddin/code/Munacollection/venv/lib/python3.13/site-packages/telegram/_bot.py", line 741, in _do_post
    result = await request.post(
             ^^^^^^^^^^^^^^^^^^^
    ...<6 lines>...
    )
    ^
  File "/home/sirojiddin/code/Munacollection/venv/lib/python3.13/site-packages/telegram/request/_baserequest.py", line 198, in post
    result = await self._request_wrapper(
             ^^^^^^^^^^^^^^^^^^^^^^^^^^^^
    ...<7 lines>...
    )
    ^
  File "/home/sirojiddin/code/Munacollection/venv/lib/python3.13/site-packages/telegram/request/_baserequest.py", line 375, in _request_wrapper
    raise exception
telegram.error.Conflict: Conflict: terminated by other getUpdates request; make sure that only one bot instance is running
2026-06-15 23:47:16,840 - httpx - INFO - HTTP Request: POST https://api.telegram.org/bot8657142758:AAGUQRm-T_ITFafMBJHzhBNQ2ZhjhuXQ4oE/getUpdates "HTTP/1.1 409 Conflict"
2026-06-15 23:47:16,841 - telegram.ext.Application - ERROR - No error handlers are registered, logging exception.
Traceback (most recent call last):
  File "/home/sirojiddin/code/Munacollection/venv/lib/python3.13/site-packages/telegram/ext/_utils/networkloop.py", line 161, in network_retry_loop
    await do_action()
  File "/home/sirojiddin/code/Munacollection/venv/lib/python3.13/site-packages/telegram/ext/_utils/networkloop.py", line 154, in do_action
    action_cb_task.result()
    ~~~~~~~~~~~~~~~~~~~~~^^
  File "/home/sirojiddin/code/Munacollection/venv/lib/python3.13/site-packages/telegram/ext/_updater.py", line 340, in polling_action_cb
    updates = await self.bot.get_updates(
              ^^^^^^^^^^^^^^^^^^^^^^^^^^^
    ...<3 lines>...
    )
    ^
  File "/home/sirojiddin/code/Munacollection/venv/lib/python3.13/site-packages/telegram/ext/_extbot.py", line 680, in get_updates
    updates = await super().get_updates(
              ^^^^^^^^^^^^^^^^^^^^^^^^^^
    ...<9 lines>...
    )
    ^
  File "/home/sirojiddin/code/Munacollection/venv/lib/python3.13/site-packages/telegram/_bot.py", line 4767, in get_updates
    await self._post(
    ^^^^^^^^^^^^^^^^^
    ...<7 lines>...
    ),
    ^
  File "/home/sirojiddin/code/Munacollection/venv/lib/python3.13/site-packages/telegram/_bot.py", line 712, in _post
    return await self._do_post(
           ^^^^^^^^^^^^^^^^^^^^
    ...<6 lines>...
    )
    ^
  File "/home/sirojiddin/code/Munacollection/venv/lib/python3.13/site-packages/telegram/ext/_extbot.py", line 378, in _do_post
    return await super()._do_post(
           ^^^^^^^^^^^^^^^^^^^^^^^
    ...<6 lines>...
    )
    ^
  File "/home/sirojiddin/code/Munacollection/venv/lib/python3.13/site-packages/telegram/_bot.py", line 741, in _do_post
    result = await request.post(
             ^^^^^^^^^^^^^^^^^^^
    ...<6 lines>...
    )
    ^
  File "/home/sirojiddin/code/Munacollection/venv/lib/python3.13/site-packages/telegram/request/_baserequest.py", line 198, in post
    result = await self._request_wrapper(
             ^^^^^^^^^^^^^^^^^^^^^^^^^^^^
    ...<7 lines>...
    )
    ^
  File "/home/sirojiddin/code/Munacollection/venv/lib/python3.13/site-packages/telegram/request/_baserequest.py", line 375, in _request_wrapper
    raise exception
telegram.error.Conflict: Conflict: terminated by other getUpdates request; make sure that only one bot instance is running
2026-06-15 23:47:19,232 - httpx - INFO - HTTP Request: POST https://api.telegram.org/bot8657142758:AAGUQRm-T_ITFafMBJHzhBNQ2ZhjhuXQ4oE/getUpdates "HTTP/1.1 409 Conflict"
2026-06-15 23:47:19,234 - telegram.ext.Application - ERROR - No error handlers are registered, logging exception.
Traceback (most recent call last):
  File "/home/sirojiddin/code/Munacollection/venv/lib/python3.13/site-packages/telegram/ext/_utils/networkloop.py", line 161, in network_retry_loop
    await do_action()
  File "/home/sirojiddin/code/Munacollection/venv/lib/python3.13/site-packages/telegram/ext/_utils/networkloop.py", line 154, in do_action
    action_cb_task.result()
    ~~~~~~~~~~~~~~~~~~~~~^^
  File "/home/sirojiddin/code/Munacollection/venv/lib/python3.13/site-packages/telegram/ext/_updater.py", line 340, in polling_action_cb
    updates = await self.bot.get_updates(
              ^^^^^^^^^^^^^^^^^^^^^^^^^^^
    ...<3 lines>...
    )
    ^
  File "/home/sirojiddin/code/Munacollection/venv/lib/python3.13/site-packages/telegram/ext/_extbot.py", line 680, in get_updates
    updates = await super().get_updates(
              ^^^^^^^^^^^^^^^^^^^^^^^^^^
    ...<9 lines>...
    )
    ^
  File "/home/sirojiddin/code/Munacollection/venv/lib/python3.13/site-packages/telegram/_bot.py", line 4767, in get_updates
    await self._post(
    ^^^^^^^^^^^^^^^^^
    ...<7 lines>...
    ),
    ^
  File "/home/sirojiddin/code/Munacollection/venv/lib/python3.13/site-packages/telegram/_bot.py", line 712, in _post
    return await self._do_post(
           ^^^^^^^^^^^^^^^^^^^^
    ...<6 lines>...
    )
    ^
  File "/home/sirojiddin/code/Munacollection/venv/lib/python3.13/site-packages/telegram/ext/_extbot.py", line 378, in _do_post
    return await super()._do_post(
           ^^^^^^^^^^^^^^^^^^^^^^^
    ...<6 lines>...
    )
    ^
  File "/home/sirojiddin/code/Munacollection/venv/lib/python3.13/site-packages/telegram/_bot.py", line 741, in _do_post
    result = await request.post(
             ^^^^^^^^^^^^^^^^^^^
    ...<6 lines>...
    )
    ^
  File "/home/sirojiddin/code/Munacollection/venv/lib/python3.13/site-packages/telegram/request/_baserequest.py", line 198, in post
    result = await self._request_wrapper(
             ^^^^^^^^^^^^^^^^^^^^^^^^^^^^
    ...<7 lines>...
    )
    ^
  File "/home/sirojiddin/code/Munacollection/venv/lib/python3.13/site-packages/telegram/request/_baserequest.py", line 375, in _request_wrapper
    raise exception
telegram.error.Conflict: Conflict: terminated by other getUpdates request; make sure that only one bot instance is running
2026-06-15 23:47:22,779 - httpx - INFO - HTTP Request: POST https://api.telegram.org/bot8657142758:AAGUQRm-T_ITFafMBJHzhBNQ2ZhjhuXQ4oE/getUpdates "HTTP/1.1 409 Conflict"
2026-06-15 23:47:22,781 - telegram.ext.Application - ERROR - No error handlers are registered, logging exception.
Traceback (most recent call last):
  File "/home/sirojiddin/code/Munacollection/venv/lib/python3.13/site-packages/telegram/ext/_utils/networkloop.py", line 161, in network_retry_loop
    await do_action()
  File "/home/sirojiddin/code/Munacollection/venv/lib/python3.13/site-packages/telegram/ext/_utils/networkloop.py", line 154, in do_action
    action_cb_task.result()
    ~~~~~~~~~~~~~~~~~~~~~^^
  File "/home/sirojiddin/code/Munacollection/venv/lib/python3.13/site-packages/telegram/ext/_updater.py", line 340, in polling_action_cb
    updates = await self.bot.get_updates(
              ^^^^^^^^^^^^^^^^^^^^^^^^^^^
    ...<3 lines>...
    )
    ^
  File "/home/sirojiddin/code/Munacollection/venv/lib/python3.13/site-packages/telegram/ext/_extbot.py", line 680, in get_updates
    updates = await super().get_updates(
              ^^^^^^^^^^^^^^^^^^^^^^^^^^
    ...<9 lines>...
    )
    ^
  File "/home/sirojiddin/code/Munacollection/venv/lib/python3.13/site-packages/telegram/_bot.py", line 4767, in get_updates
    await self._post(
    ^^^^^^^^^^^^^^^^^
    ...<7 lines>...
    ),
    ^
  File "/home/sirojiddin/code/Munacollection/venv/lib/python3.13/site-packages/telegram/_bot.py", line 712, in _post
    return await self._do_post(
           ^^^^^^^^^^^^^^^^^^^^
    ...<6 lines>...
    )
    ^
  File "/home/sirojiddin/code/Munacollection/venv/lib/python3.13/site-packages/telegram/ext/_extbot.py", line 378, in _do_post
    return await super()._do_post(
           ^^^^^^^^^^^^^^^^^^^^^^^
    ...<6 lines>...
    )
    ^
  File "/home/sirojiddin/code/Munacollection/venv/lib/python3.13/site-packages/telegram/_bot.py", line 741, in _do_post
    result = await request.post(
             ^^^^^^^^^^^^^^^^^^^
    ...<6 lines>...
    )
    ^
  File "/home/sirojiddin/code/Munacollection/venv/lib/python3.13/site-packages/telegram/request/_baserequest.py", line 198, in post
    result = await self._request_wrapper(
             ^^^^^^^^^^^^^^^^^^^^^^^^^^^^
    ...<7 lines>...
    )
    ^
  File "/home/sirojiddin/code/Munacollection/venv/lib/python3.13/site-packages/telegram/request/_baserequest.py", line 375, in _request_wrapper
    raise exception
telegram.error.Conflict: Conflict: terminated by other getUpdates request; make sure that only one bot instance is running
2026-06-15 23:47:26,675 - httpx - INFO - HTTP Request: POST https://api.telegram.org/bot8657142758:AAGUQRm-T_ITFafMBJHzhBNQ2ZhjhuXQ4oE/getUpdates "HTTP/1.1 409 Conflict"
2026-06-15 23:47:26,677 - telegram.ext.Application - ERROR - No error handlers are registered, logging exception.
Traceback (most recent call last):
  File "/home/sirojiddin/code/Munacollection/venv/lib/python3.13/site-packages/telegram/ext/_utils/networkloop.py", line 161, in network_retry_loop
    await do_action()
  File "/home/sirojiddin/code/Munacollection/venv/lib/python3.13/site-packages/telegram/ext/_utils/networkloop.py", line 154, in do_action
    action_cb_task.result()
    ~~~~~~~~~~~~~~~~~~~~~^^
  File "/home/sirojiddin/code/Munacollection/venv/lib/python3.13/site-packages/telegram/ext/_updater.py", line 340, in polling_action_cb
    updates = await self.bot.get_updates(
              ^^^^^^^^^^^^^^^^^^^^^^^^^^^
    ...<3 lines>...
    )
    ^
  File "/home/sirojiddin/code/Munacollection/venv/lib/python3.13/site-packages/telegram/ext/_extbot.py", line 680, in get_updates
    updates = await super().get_updates(
              ^^^^^^^^^^^^^^^^^^^^^^^^^^
    ...<9 lines>...
    )
    ^
  File "/home/sirojiddin/code/Munacollection/venv/lib/python3.13/site-packages/telegram/_bot.py", line 4767, in get_updates
    await self._post(
    ^^^^^^^^^^^^^^^^^
    ...<7 lines>...
    ),
    ^
  File "/home/sirojiddin/code/Munacollection/venv/lib/python3.13/site-packages/telegram/_bot.py", line 712, in _post
    return await self._do_post(
           ^^^^^^^^^^^^^^^^^^^^
    ...<6 lines>...
    )
    ^
  File "/home/sirojiddin/code/Munacollection/venv/lib/python3.13/site-packages/telegram/ext/_extbot.py", line 378, in _do_post
    return await super()._do_post(
           ^^^^^^^^^^^^^^^^^^^^^^^
    ...<6 lines>...
    )
    ^
  File "/home/sirojiddin/code/Munacollection/venv/lib/python3.13/site-packages/telegram/_bot.py", line 741, in _do_post
    result = await request.post(
             ^^^^^^^^^^^^^^^^^^^
    ...<6 lines>...
    )
    ^
  File "/home/sirojiddin/code/Munacollection/venv/lib/python3.13/site-packages/telegram/request/_baserequest.py", line 198, in post
    result = await self._request_wrapper(
             ^^^^^^^^^^^^^^^^^^^^^^^^^^^^
    ...<7 lines>...
    )
    ^
  File "/home/sirojiddin/code/Munacollection/venv/lib/python3.13/site-packages/telegram/request/_baserequest.py", line 375, in _request_wrapper
    raise exception
telegram.error.Conflict: Conflict: terminated by other getUpdates request; make sure that only one bot instance is running
2026-06-15 23:47:31,401 - httpx - INFO - HTTP Request: POST https://api.telegram.org/bot8657142758:AAGUQRm-T_ITFafMBJHzhBNQ2ZhjhuXQ4oE/getUpdates "HTTP/1.1 200 OK"
2026-06-15 23:47:31,897 - httpx - INFO - HTTP Request: POST https://api.telegram.org/bot8657142758:AAGUQRm-T_ITFafMBJHzhBNQ2ZhjhuXQ4oE/sendMessage "HTTP/1.1 200 OK"
2026-06-15 23:47:32,147 - httpx - INFO - HTTP Request: POST https://api.telegram.org/bot8657142758:AAGUQRm-T_ITFafMBJHzhBNQ2ZhjhuXQ4oE/getUpdates "HTTP/1.1 409 Conflict"
2026-06-15 23:47:32,149 - telegram.ext.Application - ERROR - No error handlers are registered, logging exception.
Traceback (most recent call last):
  File "/home/sirojiddin/code/Munacollection/venv/lib/python3.13/site-packages/telegram/ext/_utils/networkloop.py", line 161, in network_retry_loop
    await do_action()
  File "/home/sirojiddin/code/Munacollection/venv/lib/python3.13/site-packages/telegram/ext/_utils/networkloop.py", line 154, in do_action
    action_cb_task.result()
    ~~~~~~~~~~~~~~~~~~~~~^^
  File "/home/sirojiddin/code/Munacollection/venv/lib/python3.13/site-packages/telegram/ext/_updater.py", line 340, in polling_action_cb
    updates = await self.bot.get_updates(
              ^^^^^^^^^^^^^^^^^^^^^^^^^^^
    ...<3 lines>...
    )
    ^
  File "/home/sirojiddin/code/Munacollection/venv/lib/python3.13/site-packages/telegram/ext/_extbot.py", line 680, in get_updates
    updates = await super().get_updates(
              ^^^^^^^^^^^^^^^^^^^^^^^^^^
    ...<9 lines>...
    )
    ^
  File "/home/sirojiddin/code/Munacollection/venv/lib/python3.13/site-packages/telegram/_bot.py", line 4767, in get_updates
    await self._post(
    ^^^^^^^^^^^^^^^^^
    ...<7 lines>...
    ),
    ^
  File "/home/sirojiddin/code/Munacollection/venv/lib/python3.13/site-packages/telegram/_bot.py", line 712, in _post
    return await self._do_post(
           ^^^^^^^^^^^^^^^^^^^^
    ...<6 lines>...
    )
    ^
  File "/home/sirojiddin/code/Munacollection/venv/lib/python3.13/site-packages/telegram/ext/_extbot.py", line 378, in _do_post
    return await super()._do_post(
           ^^^^^^^^^^^^^^^^^^^^^^^
    ...<6 lines>...
    )
    ^
  File "/home/sirojiddin/code/Munacollection/venv/lib/python3.13/site-packages/telegram/_bot.py", line 741, in _do_post
    result = await request.post(
             ^^^^^^^^^^^^^^^^^^^
    ...<6 lines>...
    )
    ^
  File "/home/sirojiddin/code/Munacollection/venv/lib/python3.13/site-packages/telegram/request/_baserequest.py", line 198, in post
    result = await self._request_wrapper(
             ^^^^^^^^^^^^^^^^^^^^^^^^^^^^
    ...<7 lines>...
    )
    ^
  File "/home/sirojiddin/code/Munacollection/venv/lib/python3.13/site-packages/telegram/request/_baserequest.py", line 375, in _request_wrapper
    raise exception
telegram.error.Conflict: Conflict: terminated by other getUpdates request; make sure that only one bot instance is running
2026-06-15 23:47:35,500 - httpx - INFO - HTTP Request: POST https://api.telegram.org/bot8657142758:AAGUQRm-T_ITFafMBJHzhBNQ2ZhjhuXQ4oE/getUpdates "HTTP/1.1 200 OK"
2026-06-15 23:47:35,681 - httpx - INFO - HTTP Request: POST https://api.telegram.org/bot8657142758:AAGUQRm-T_ITFafMBJHzhBNQ2ZhjhuXQ4oE/sendMessage "HTTP/1.1 200 OK"
2026-06-15 23:47:36,295 - httpx - INFO - HTTP Request: POST https://api.telegram.org/bot8657142758:AAGUQRm-T_ITFafMBJHzhBNQ2ZhjhuXQ4oE/getUpdates "HTTP/1.1 409 Conflict"
2026-06-15 23:47:36,297 - telegram.ext.Application - ERROR - No error handlers are registered, logging exception.
Traceback (most recent call last):
  File "/home/sirojiddin/code/Munacollection/venv/lib/python3.13/site-packages/telegram/ext/_utils/networkloop.py", line 161, in network_retry_loop
    await do_action()
  File "/home/sirojiddin/code/Munacollection/venv/lib/python3.13/site-packages/telegram/ext/_utils/networkloop.py", line 154, in do_action
    action_cb_task.result()
    ~~~~~~~~~~~~~~~~~~~~~^^
  File "/home/sirojiddin/code/Munacollection/venv/lib/python3.13/site-packages/telegram/ext/_updater.py", line 340, in polling_action_cb
    updates = await self.bot.get_updates(
              ^^^^^^^^^^^^^^^^^^^^^^^^^^^
    ...<3 lines>...
    )
    ^
  File "/home/sirojiddin/code/Munacollection/venv/lib/python3.13/site-packages/telegram/ext/_extbot.py", line 680, in get_updates
    updates = await super().get_updates(
              ^^^^^^^^^^^^^^^^^^^^^^^^^^
    ...<9 lines>...
    )
    ^
  File "/home/sirojiddin/code/Munacollection/venv/lib/python3.13/site-packages/telegram/_bot.py", line 4767, in get_updates
    await self._post(
    ^^^^^^^^^^^^^^^^^
    ...<7 lines>...
    ),
    ^
  File "/home/sirojiddin/code/Munacollection/venv/lib/python3.13/site-packages/telegram/_bot.py", line 712, in _post
    return await self._do_post(
           ^^^^^^^^^^^^^^^^^^^^
    ...<6 lines>...
    )
    ^
  File "/home/sirojiddin/code/Munacollection/venv/lib/python3.13/site-packages/telegram/ext/_extbot.py", line 378, in _do_post
    return await super()._do_post(
           ^^^^^^^^^^^^^^^^^^^^^^^
    ...<6 lines>...
    )
    ^
  File "/home/sirojiddin/code/Munacollection/venv/lib/python3.13/site-packages/telegram/_bot.py", line 741, in _do_post
    result = await request.post(
             ^^^^^^^^^^^^^^^^^^^
    ...<6 lines>...
    )
    ^
  File "/home/sirojiddin/code/Munacollection/venv/lib/python3.13/site-packages/telegram/request/_baserequest.py", line 198, in post
    result = await self._request_wrapper(
             ^^^^^^^^^^^^^^^^^^^^^^^^^^^^
    ...<7 lines>...
    )
    ^
  File "/home/sirojiddin/code/Munacollection/venv/lib/python3.13/site-packages/telegram/request/_baserequest.py", line 375, in _request_wrapper
    raise exception
telegram.error.Conflict: Conflict: terminated by other getUpdates request; make sure that only one bot instance is running
2026-06-15 23:47:44,296 - httpx - INFO - HTTP Request: POST https://api.telegram.org/bot8657142758:AAGUQRm-T_ITFafMBJHzhBNQ2ZhjhuXQ4oE/getUpdates "HTTP/1.1 409 Conflict"
2026-06-15 23:47:44,298 - telegram.ext.Application - ERROR - No error handlers are registered, logging exception.
Traceback (most recent call last):
  File "/home/sirojiddin/code/Munacollection/venv/lib/python3.13/site-packages/telegram/ext/_utils/networkloop.py", line 161, in network_retry_loop
    await do_action()
  File "/home/sirojiddin/code/Munacollection/venv/lib/python3.13/site-packages/telegram/ext/_utils/networkloop.py", line 154, in do_action
    action_cb_task.result()
    ~~~~~~~~~~~~~~~~~~~~~^^
  File "/home/sirojiddin/code/Munacollection/venv/lib/python3.13/site-packages/telegram/ext/_updater.py", line 340, in polling_action_cb
    updates = await self.bot.get_updates(
              ^^^^^^^^^^^^^^^^^^^^^^^^^^^
    ...<3 lines>...
    )
    ^
  File "/home/sirojiddin/code/Munacollection/venv/lib/python3.13/site-packages/telegram/ext/_extbot.py", line 680, in get_updates
    updates = await super().get_updates(
              ^^^^^^^^^^^^^^^^^^^^^^^^^^
    ...<9 lines>...
    )
    ^
  File "/home/sirojiddin/code/Munacollection/venv/lib/python3.13/site-packages/telegram/_bot.py", line 4767, in get_updates
    await self._post(
    ^^^^^^^^^^^^^^^^^
    ...<7 lines>...
    ),
    ^
  File "/home/sirojiddin/code/Munacollection/venv/lib/python3.13/site-packages/telegram/_bot.py", line 712, in _post
    return await self._do_post(
           ^^^^^^^^^^^^^^^^^^^^
    ...<6 lines>...
    )
    ^
  File "/home/sirojiddin/code/Munacollection/venv/lib/python3.13/site-packages/telegram/ext/_extbot.py", line 378, in _do_post
    return await super()._do_post(
           ^^^^^^^^^^^^^^^^^^^^^^^
    ...<6 lines>...
    )
    ^
  File "/home/sirojiddin/code/Munacollection/venv/lib/python3.13/site-packages/telegram/_bot.py", line 741, in _do_post
    result = await request.post(
             ^^^^^^^^^^^^^^^^^^^
    ...<6 lines>...
    )
    ^
  File "/home/sirojiddin/code/Munacollection/venv/lib/python3.13/site-packages/telegram/request/_baserequest.py", line 198, in post
    result = await self._request_wrapper(
             ^^^^^^^^^^^^^^^^^^^^^^^^^^^^
    ...<7 lines>...
    )
    ^
  File "/home/sirojiddin/code/Munacollection/venv/lib/python3.13/site-packages/telegram/request/_baserequest.py", line 375, in _request_wrapper
    raise exception
telegram.error.Conflict: Conflict: terminated by other getUpdates request; make sure that only one bot instance is running
2026-06-15 23:47:48,445 - httpx - INFO - HTTP Request: POST https://api.telegram.org/bot8657142758:AAGUQRm-T_ITFafMBJHzhBNQ2ZhjhuXQ4oE/getUpdates "HTTP/1.1 409 Conflict"
2026-06-15 23:47:48,447 - telegram.ext.Application - ERROR - No error handlers are registered, logging exception.
Traceback (most recent call last):
  File "/home/sirojiddin/code/Munacollection/venv/lib/python3.13/site-packages/telegram/ext/_utils/networkloop.py", line 161, in network_retry_loop
    await do_action()
  File "/home/sirojiddin/code/Munacollection/venv/lib/python3.13/site-packages/telegram/ext/_utils/networkloop.py", line 154, in do_action
    action_cb_task.result()
    ~~~~~~~~~~~~~~~~~~~~~^^
  File "/home/sirojiddin/code/Munacollection/venv/lib/python3.13/site-packages/telegram/ext/_updater.py", line 340, in polling_action_cb
    updates = await self.bot.get_updates(
              ^^^^^^^^^^^^^^^^^^^^^^^^^^^
    ...<3 lines>...
    )
    ^
  File "/home/sirojiddin/code/Munacollection/venv/lib/python3.13/site-packages/telegram/ext/_extbot.py", line 680, in get_updates
    updates = await super().get_updates(
              ^^^^^^^^^^^^^^^^^^^^^^^^^^
    ...<9 lines>...
    )
    ^
  File "/home/sirojiddin/code/Munacollection/venv/lib/python3.13/site-packages/telegram/_bot.py", line 4767, in get_updates
    await self._post(
    ^^^^^^^^^^^^^^^^^
    ...<7 lines>...
    ),
    ^
  File "/home/sirojiddin/code/Munacollection/venv/lib/python3.13/site-packages/telegram/_bot.py", line 712, in _post
    return await self._do_post(
           ^^^^^^^^^^^^^^^^^^^^
    ...<6 lines>...
    )
    ^
  File "/home/sirojiddin/code/Munacollection/venv/lib/python3.13/site-packages/telegram/ext/_extbot.py", line 378, in _do_post
    return await super()._do_post(
           ^^^^^^^^^^^^^^^^^^^^^^^
    ...<6 lines>...
    )
    ^
  File "/home/sirojiddin/code/Munacollection/venv/lib/python3.13/site-packages/telegram/_bot.py", line 741, in _do_post
    result = await request.post(
             ^^^^^^^^^^^^^^^^^^^
    ...<6 lines>...
    )
    ^
  File "/home/sirojiddin/code/Munacollection/venv/lib/python3.13/site-packages/telegram/request/_baserequest.py", line 198, in post
    result = await self._request_wrapper(
             ^^^^^^^^^^^^^^^^^^^^^^^^^^^^
    ...<7 lines>...
    )
    ^
  File "/home/sirojiddin/code/Munacollection/venv/lib/python3.13/site-packages/telegram/request/_baserequest.py", line 375, in _request_wrapper
    raise exception
telegram.error.Conflict: Conflict: terminated by other getUpdates request; make sure that only one bot instance is running
2026-06-15 23:47:55,440 - httpx - INFO - HTTP Request: POST https://api.telegram.org/bot8657142758:AAGUQRm-T_ITFafMBJHzhBNQ2ZhjhuXQ4oE/getUpdates "HTTP/1.1 200 OK"
2026-06-15 23:48:05,579 - httpx - INFO - HTTP Request: POST https://api.telegram.org/bot8657142758:AAGUQRm-T_ITFafMBJHzhBNQ2ZhjhuXQ4oE/getUpdates "HTTP/1.1 200 OK"
2026-06-15 23:48:15,712 - httpx - INFO - HTTP Request: POST https://api.telegram.org/bot8657142758:AAGUQRm-T_ITFafMBJHzhBNQ2ZhjhuXQ4oE/getUpdates "HTTP/1.1 200 OK"
2026-06-15 23:48:25,844 - httpx - INFO - HTTP Request: POST https://api.telegram.org/bot8657142758:AAGUQRm-T_ITFafMBJHzhBNQ2ZhjhuXQ4oE/getUpdates "HTTP/1.1 200 OK"
2026-06-15 23:48:35,971 - httpx - INFO - HTTP Request: POST https://api.telegram.org/bot8657142758:AAGUQRm-T_ITFafMBJHzhBNQ2ZhjhuXQ4oE/getUpdates "HTTP/1.1 200 OK"
2026-06-15 23:48:46,104 - httpx - INFO - HTTP Request: POST https://api.telegram.org/bot8657142758:AAGUQRm-T_ITFafMBJHzhBNQ2ZhjhuXQ4oE/getUpdates "HTTP/1.1 200 OK"
2026-06-15 23:48:56,241 - httpx - INFO - HTTP Request: POST https://api.telegram.org/bot8657142758:AAGUQRm-T_ITFafMBJHzhBNQ2ZhjhuXQ4oE/getUpdates "HTTP/1.1 200 OK"
2026-06-15 23:49:06,380 - httpx - INFO - HTTP Request: POST https://api.telegram.org/bot8657142758:AAGUQRm-T_ITFafMBJHzhBNQ2ZhjhuXQ4oE/getUpdates "HTTP/1.1 200 OK"
2026-06-15 23:49:16,516 - httpx - INFO - HTTP Request: POST https://api.telegram.org/bot8657142758:AAGUQRm-T_ITFafMBJHzhBNQ2ZhjhuXQ4oE/getUpdates "HTTP/1.1 200 OK"
2026-06-15 23:49:26,682 - httpx - INFO - HTTP Request: POST https://api.telegram.org/bot8657142758:AAGUQRm-T_ITFafMBJHzhBNQ2ZhjhuXQ4oE/getUpdates "HTTP/1.1 200 OK"
2026-06-15 23:52:11,203 - httpx - INFO - HTTP Request: POST https://api.telegram.org/bot8657142758:AAGUQRm-T_ITFafMBJHzhBNQ2ZhjhuXQ4oE/getMe "HTTP/1.1 200 OK"
2026-06-15 23:52:11,338 - httpx - INFO - HTTP Request: POST https://api.telegram.org/bot8657142758:AAGUQRm-T_ITFafMBJHzhBNQ2ZhjhuXQ4oE/deleteWebhook "HTTP/1.1 200 OK"
2026-06-15 23:52:11,340 - telegram.ext.Application - INFO - Application started
2026-06-15 23:52:21,746 - httpx - INFO - HTTP Request: POST https://api.telegram.org/bot8657142758:AAGUQRm-T_ITFafMBJHzhBNQ2ZhjhuXQ4oE/getUpdates "HTTP/1.1 200 OK"
2026-06-15 23:52:31,883 - httpx - INFO - HTTP Request: POST https://api.telegram.org/bot8657142758:AAGUQRm-T_ITFafMBJHzhBNQ2ZhjhuXQ4oE/getUpdates "HTTP/1.1 200 OK"
2026-06-15 23:52:42,030 - httpx - INFO - HTTP Request: POST https://api.telegram.org/bot8657142758:AAGUQRm-T_ITFafMBJHzhBNQ2ZhjhuXQ4oE/getUpdates "HTTP/1.1 200 OK"
2026-06-15 23:52:44,789 - httpx - INFO - HTTP Request: POST https://api.telegram.org/bot8657142758:AAGUQRm-T_ITFafMBJHzhBNQ2ZhjhuXQ4oE/getUpdates "HTTP/1.1 200 OK"
2026-06-15 23:52:45,249 - httpx - INFO - HTTP Request: POST https://api.telegram.org/bot8657142758:AAGUQRm-T_ITFafMBJHzhBNQ2ZhjhuXQ4oE/sendMessage "HTTP/1.1 200 OK"
2026-06-15 23:52:54,987 - httpx - INFO - HTTP Request: POST https://api.telegram.org/bot8657142758:AAGUQRm-T_ITFafMBJHzhBNQ2ZhjhuXQ4oE/getUpdates "HTTP/1.1 200 OK"
2026-06-15 23:53:05,308 - httpx - INFO - HTTP Request: POST https://api.telegram.org/bot8657142758:AAGUQRm-T_ITFafMBJHzhBNQ2ZhjhuXQ4oE/getUpdates "HTTP/1.1 200 OK"
2026-06-15 23:53:15,442 - httpx - INFO - HTTP Request: POST https://api.telegram.org/bot8657142758:AAGUQRm-T_ITFafMBJHzhBNQ2ZhjhuXQ4oE/getUpdates "HTTP/1.1 200 OK"
2026-06-15 23:53:25,594 - httpx - INFO - HTTP Request: POST https://api.telegram.org/bot8657142758:AAGUQRm-T_ITFafMBJHzhBNQ2ZhjhuXQ4oE/getUpdates "HTTP/1.1 200 OK"
2026-06-15 23:53:37,531 - httpx - INFO - HTTP Request: POST https://api.telegram.org/bot8657142758:AAGUQRm-T_ITFafMBJHzhBNQ2ZhjhuXQ4oE/getMe "HTTP/1.1 200 OK"
2026-06-15 23:53:37,705 - httpx - INFO - HTTP Request: POST https://api.telegram.org/bot8657142758:AAGUQRm-T_ITFafMBJHzhBNQ2ZhjhuXQ4oE/deleteWebhook "HTTP/1.1 200 OK"
2026-06-15 23:53:37,707 - telegram.ext.Application - INFO - Application started
2026-06-15 23:53:48,092 - httpx - INFO - HTTP Request: POST https://api.telegram.org/bot8657142758:AAGUQRm-T_ITFafMBJHzhBNQ2ZhjhuXQ4oE/getUpdates "HTTP/1.1 200 OK"
2026-06-15 23:53:57,035 - httpx - INFO - HTTP Request: POST https://api.telegram.org/bot8657142758:AAGUQRm-T_ITFafMBJHzhBNQ2ZhjhuXQ4oE/getUpdates "HTTP/1.1 200 OK"
2026-06-15 23:53:57,037 - __main__ - INFO - RAW UPDATE: {'message': {'channel_chat_created': False, 'delete_chat_photo': False, 'entities': [{'length': 9, 'offset': 0, 'type': <MessageEntityType.BOT_COMMAND>}], 'group_chat_created': False, 'supergroup_chat_created': False, 'text': '/test_btn', 'chat': {'first_name': 'Sirojiddin', 'id': 8270492933, 'type': <ChatType.PRIVATE>, 'username': 'Sirojiddin_Ibn_Baxtiyor'}, 'date': 1781549636, 'message_id': 147, 'from': {'first_name': 'Sirojiddin', 'id': 8270492933, 'is_bot': False, 'language_code': 'en', 'username': 'Sirojiddin_Ibn_Baxtiyor'}}, 'update_id': 63032943}
2026-06-15 23:53:57,435 - httpx - INFO - HTTP Request: POST https://api.telegram.org/bot8657142758:AAGUQRm-T_ITFafMBJHzhBNQ2ZhjhuXQ4oE/sendMessage "HTTP/1.1 200 OK"
2026-06-15 23:54:07,177 - httpx - INFO - HTTP Request: POST https://api.telegram.org/bot8657142758:AAGUQRm-T_ITFafMBJHzhBNQ2ZhjhuXQ4oE/getUpdates "HTTP/1.1 200 OK"
2026-06-15 23:54:17,315 - httpx - INFO - HTTP Request: POST https://api.telegram.org/bot8657142758:AAGUQRm-T_ITFafMBJHzhBNQ2ZhjhuXQ4oE/getUpdates "HTTP/1.1 200 OK"
2026-06-15 23:54:27,443 - httpx - INFO - HTTP Request: POST https://api.telegram.org/bot8657142758:AAGUQRm-T_ITFafMBJHzhBNQ2ZhjhuXQ4oE/getUpdates "HTTP/1.1 200 OK"
2026-06-15 23:54:37,575 - httpx - INFO - HTTP Request: POST https://api.telegram.org/bot8657142758:AAGUQRm-T_ITFafMBJHzhBNQ2ZhjhuXQ4oE/getUpdates "HTTP/1.1 200 OK"
2026-06-15 23:54:47,724 - httpx - INFO - HTTP Request: POST https://api.telegram.org/bot8657142758:AAGUQRm-T_ITFafMBJHzhBNQ2ZhjhuXQ4oE/getUpdates "HTTP/1.1 200 OK"
2026-06-15 23:54:57,853 - httpx - INFO - HTTP Request: POST https://api.telegram.org/bot8657142758:AAGUQRm-T_ITFafMBJHzhBNQ2ZhjhuXQ4oE/getUpdates "HTTP/1.1 200 OK"
2026-06-15 23:55:07,985 - httpx - INFO - HTTP Request: POST https://api.telegram.org/bot8657142758:AAGUQRm-T_ITFafMBJHzhBNQ2ZhjhuXQ4oE/getUpdates "HTTP/1.1 200 OK"
2026-06-15 23:55:18,129 - httpx - INFO - HTTP Request: POST https://api.telegram.org/bot8657142758:AAGUQRm-T_ITFafMBJHzhBNQ2ZhjhuXQ4oE/getUpdates "HTTP/1.1 200 OK"
2026-06-15 23:55:28,292 - httpx - INFO - HTTP Request: POST https://api.telegram.org/bot8657142758:AAGUQRm-T_ITFafMBJHzhBNQ2ZhjhuXQ4oE/getUpdates "HTTP/1.1 200 OK"
2026-06-15 23:55:38,443 - httpx - INFO - HTTP Request: POST https://api.telegram.org/bot8657142758:AAGUQRm-T_ITFafMBJHzhBNQ2ZhjhuXQ4oE/getUpdates "HTTP/1.1 200 OK"
2026-06-15 23:55:48,571 - httpx - INFO - HTTP Request: POST https://api.telegram.org/bot8657142758:AAGUQRm-T_ITFafMBJHzhBNQ2ZhjhuXQ4oE/getUpdates "HTTP/1.1 200 OK"
2026-06-15 23:55:58,701 - httpx - INFO - HTTP Request: POST https://api.telegram.org/bot8657142758:AAGUQRm-T_ITFafMBJHzhBNQ2ZhjhuXQ4oE/getUpdates "HTTP/1.1 200 OK"
2026-06-15 23:56:08,840 - httpx - INFO - HTTP Request: POST https://api.telegram.org/bot8657142758:AAGUQRm-T_ITFafMBJHzhBNQ2ZhjhuXQ4oE/getUpdates "HTTP/1.1 200 OK"
2026-06-15 23:56:18,982 - httpx - INFO - HTTP Request: POST https://api.telegram.org/bot8657142758:AAGUQRm-T_ITFafMBJHzhBNQ2ZhjhuXQ4oE/getUpdates "HTTP/1.1 200 OK"
2026-06-15 23:56:29,118 - httpx - INFO - HTTP Request: POST https://api.telegram.org/bot8657142758:AAGUQRm-T_ITFafMBJHzhBNQ2ZhjhuXQ4oE/getUpdates "HTTP/1.1 200 OK"
2026-06-15 23:56:39,254 - httpx - INFO - HTTP Request: POST https://api.telegram.org/bot8657142758:AAGUQRm-T_ITFafMBJHzhBNQ2ZhjhuXQ4oE/getUpdates "HTTP/1.1 200 OK"
2026-06-15 23:56:49,685 - httpx - INFO - HTTP Request: POST https://api.telegram.org/bot8657142758:AAGUQRm-T_ITFafMBJHzhBNQ2ZhjhuXQ4oE/getMe "HTTP/1.1 200 OK"
2026-06-15 23:56:49,820 - httpx - INFO - HTTP Request: POST https://api.telegram.org/bot8657142758:AAGUQRm-T_ITFafMBJHzhBNQ2ZhjhuXQ4oE/deleteWebhook "HTTP/1.1 200 OK"
2026-06-15 23:56:49,821 - telegram.ext.Application - INFO - Application started
2026-06-15 23:57:00,208 - httpx - INFO - HTTP Request: POST https://api.telegram.org/bot8657142758:AAGUQRm-T_ITFafMBJHzhBNQ2ZhjhuXQ4oE/getUpdates "HTTP/1.1 200 OK"
2026-06-15 23:57:10,344 - httpx - INFO - HTTP Request: POST https://api.telegram.org/bot8657142758:AAGUQRm-T_ITFafMBJHzhBNQ2ZhjhuXQ4oE/getUpdates "HTTP/1.1 200 OK"
2026-06-15 23:57:20,483 - httpx - INFO - HTTP Request: POST https://api.telegram.org/bot8657142758:AAGUQRm-T_ITFafMBJHzhBNQ2ZhjhuXQ4oE/getUpdates "HTTP/1.1 200 OK"
2026-06-15 23:57:30,620 - httpx - INFO - HTTP Request: POST https://api.telegram.org/bot8657142758:AAGUQRm-T_ITFafMBJHzhBNQ2ZhjhuXQ4oE/getUpdates "HTTP/1.1 200 OK"
2026-06-15 23:57:33,165 - httpx - INFO - HTTP Request: POST https://api.telegram.org/bot8657142758:AAGUQRm-T_ITFafMBJHzhBNQ2ZhjhuXQ4oE/getMe "HTTP/1.1 200 OK"
2026-06-15 23:57:33,304 - httpx - INFO - HTTP Request: POST https://api.telegram.org/bot8657142758:AAGUQRm-T_ITFafMBJHzhBNQ2ZhjhuXQ4oE/deleteWebhook "HTTP/1.1 200 OK"
2026-06-15 23:57:33,306 - telegram.ext.Application - INFO - Application started
2026-06-15 23:57:33,692 - httpx - INFO - HTTP Request: POST https://api.telegram.org/bot8657142758:AAGUQRm-T_ITFafMBJHzhBNQ2ZhjhuXQ4oE/getUpdates "HTTP/1.1 409 Conflict"
2026-06-15 23:57:33,693 - telegram.ext.Application - ERROR - No error handlers are registered, logging exception.
Traceback (most recent call last):
  File "/home/sirojiddin/code/Munacollection/venv/lib/python3.13/site-packages/telegram/ext/_utils/networkloop.py", line 161, in network_retry_loop
    await do_action()
  File "/home/sirojiddin/code/Munacollection/venv/lib/python3.13/site-packages/telegram/ext/_utils/networkloop.py", line 154, in do_action
    action_cb_task.result()
    ~~~~~~~~~~~~~~~~~~~~~^^
  File "/home/sirojiddin/code/Munacollection/venv/lib/python3.13/site-packages/telegram/ext/_updater.py", line 340, in polling_action_cb
    updates = await self.bot.get_updates(
              ^^^^^^^^^^^^^^^^^^^^^^^^^^^
    ...<3 lines>...
    )
    ^
  File "/home/sirojiddin/code/Munacollection/venv/lib/python3.13/site-packages/telegram/ext/_extbot.py", line 680, in get_updates
    updates = await super().get_updates(
              ^^^^^^^^^^^^^^^^^^^^^^^^^^
    ...<9 lines>...
    )
    ^
  File "/home/sirojiddin/code/Munacollection/venv/lib/python3.13/site-packages/telegram/_bot.py", line 4767, in get_updates
    await self._post(
    ^^^^^^^^^^^^^^^^^
    ...<7 lines>...
    ),
    ^
  File "/home/sirojiddin/code/Munacollection/venv/lib/python3.13/site-packages/telegram/_bot.py", line 712, in _post
    return await self._do_post(
           ^^^^^^^^^^^^^^^^^^^^
    ...<6 lines>...
    )
    ^
  File "/home/sirojiddin/code/Munacollection/venv/lib/python3.13/site-packages/telegram/ext/_extbot.py", line 378, in _do_post
    return await super()._do_post(
           ^^^^^^^^^^^^^^^^^^^^^^^
    ...<6 lines>...
    )
    ^
  File "/home/sirojiddin/code/Munacollection/venv/lib/python3.13/site-packages/telegram/_bot.py", line 741, in _do_post
    result = await request.post(
             ^^^^^^^^^^^^^^^^^^^
    ...<6 lines>...
    )
    ^
  File "/home/sirojiddin/code/Munacollection/venv/lib/python3.13/site-packages/telegram/request/_baserequest.py", line 198, in post
    result = await self._request_wrapper(
             ^^^^^^^^^^^^^^^^^^^^^^^^^^^^
    ...<7 lines>...
    )
    ^
  File "/home/sirojiddin/code/Munacollection/venv/lib/python3.13/site-packages/telegram/request/_baserequest.py", line 375, in _request_wrapper
    raise exception
telegram.error.Conflict: Conflict: terminated by other getUpdates request; make sure that only one bot instance is running
2026-06-15 23:57:37,832 - httpx - INFO - HTTP Request: POST https://api.telegram.org/bot8657142758:AAGUQRm-T_ITFafMBJHzhBNQ2ZhjhuXQ4oE/getUpdates "HTTP/1.1 409 Conflict"
2026-06-15 23:57:37,833 - telegram.ext.Application - ERROR - No error handlers are registered, logging exception.
Traceback (most recent call last):
  File "/home/sirojiddin/code/Munacollection/venv/lib/python3.13/site-packages/telegram/ext/_utils/networkloop.py", line 161, in network_retry_loop
    await do_action()
  File "/home/sirojiddin/code/Munacollection/venv/lib/python3.13/site-packages/telegram/ext/_utils/networkloop.py", line 154, in do_action
    action_cb_task.result()
    ~~~~~~~~~~~~~~~~~~~~~^^
  File "/home/sirojiddin/code/Munacollection/venv/lib/python3.13/site-packages/telegram/ext/_updater.py", line 340, in polling_action_cb
    updates = await self.bot.get_updates(
              ^^^^^^^^^^^^^^^^^^^^^^^^^^^
    ...<3 lines>...
    )
    ^
  File "/home/sirojiddin/code/Munacollection/venv/lib/python3.13/site-packages/telegram/ext/_extbot.py", line 680, in get_updates
    updates = await super().get_updates(
              ^^^^^^^^^^^^^^^^^^^^^^^^^^
    ...<9 lines>...
    )
    ^
  File "/home/sirojiddin/code/Munacollection/venv/lib/python3.13/site-packages/telegram/_bot.py", line 4767, in get_updates
    await self._post(
    ^^^^^^^^^^^^^^^^^
    ...<7 lines>...
    ),
    ^
  File "/home/sirojiddin/code/Munacollection/venv/lib/python3.13/site-packages/telegram/_bot.py", line 712, in _post
    return await self._do_post(
           ^^^^^^^^^^^^^^^^^^^^
    ...<6 lines>...
    )
    ^
  File "/home/sirojiddin/code/Munacollection/venv/lib/python3.13/site-packages/telegram/ext/_extbot.py", line 378, in _do_post
    return await super()._do_post(
           ^^^^^^^^^^^^^^^^^^^^^^^
    ...<6 lines>...
    )
    ^
  File "/home/sirojiddin/code/Munacollection/venv/lib/python3.13/site-packages/telegram/_bot.py", line 741, in _do_post
    result = await request.post(
             ^^^^^^^^^^^^^^^^^^^
    ...<6 lines>...
    )
    ^
  File "/home/sirojiddin/code/Munacollection/venv/lib/python3.13/site-packages/telegram/request/_baserequest.py", line 198, in post
    result = await self._request_wrapper(
             ^^^^^^^^^^^^^^^^^^^^^^^^^^^^
    ...<7 lines>...
    )
    ^
  File "/home/sirojiddin/code/Munacollection/venv/lib/python3.13/site-packages/telegram/request/_baserequest.py", line 375, in _request_wrapper
    raise exception
telegram.error.Conflict: Conflict: terminated by other getUpdates request; make sure that only one bot instance is running
2026-06-15 23:57:38,973 - httpx - INFO - HTTP Request: POST https://api.telegram.org/bot8657142758:AAGUQRm-T_ITFafMBJHzhBNQ2ZhjhuXQ4oE/getUpdates "HTTP/1.1 409 Conflict"
2026-06-15 23:57:38,975 - telegram.ext.Application - ERROR - No error handlers are registered, logging exception.
Traceback (most recent call last):
  File "/home/sirojiddin/code/Munacollection/venv/lib/python3.13/site-packages/telegram/ext/_utils/networkloop.py", line 161, in network_retry_loop
    await do_action()
  File "/home/sirojiddin/code/Munacollection/venv/lib/python3.13/site-packages/telegram/ext/_utils/networkloop.py", line 154, in do_action
    action_cb_task.result()
    ~~~~~~~~~~~~~~~~~~~~~^^
  File "/home/sirojiddin/code/Munacollection/venv/lib/python3.13/site-packages/telegram/ext/_updater.py", line 340, in polling_action_cb
    updates = await self.bot.get_updates(
              ^^^^^^^^^^^^^^^^^^^^^^^^^^^
    ...<3 lines>...
    )
    ^
  File "/home/sirojiddin/code/Munacollection/venv/lib/python3.13/site-packages/telegram/ext/_extbot.py", line 680, in get_updates
    updates = await super().get_updates(
              ^^^^^^^^^^^^^^^^^^^^^^^^^^
    ...<9 lines>...
    )
    ^
  File "/home/sirojiddin/code/Munacollection/venv/lib/python3.13/site-packages/telegram/_bot.py", line 4767, in get_updates
    await self._post(
    ^^^^^^^^^^^^^^^^^
    ...<7 lines>...
    ),
    ^
  File "/home/sirojiddin/code/Munacollection/venv/lib/python3.13/site-packages/telegram/_bot.py", line 712, in _post
    return await self._do_post(
           ^^^^^^^^^^^^^^^^^^^^
    ...<6 lines>...
    )
    ^
  File "/home/sirojiddin/code/Munacollection/venv/lib/python3.13/site-packages/telegram/ext/_extbot.py", line 378, in _do_post
    return await super()._do_post(
           ^^^^^^^^^^^^^^^^^^^^^^^
    ...<6 lines>...
    )
    ^
  File "/home/sirojiddin/code/Munacollection/venv/lib/python3.13/site-packages/telegram/_bot.py", line 741, in _do_post
    result = await request.post(
             ^^^^^^^^^^^^^^^^^^^
    ...<6 lines>...
    )
    ^
  File "/home/sirojiddin/code/Munacollection/venv/lib/python3.13/site-packages/telegram/request/_baserequest.py", line 198, in post
    result = await self._request_wrapper(
             ^^^^^^^^^^^^^^^^^^^^^^^^^^^^
    ...<7 lines>...
    )
    ^
  File "/home/sirojiddin/code/Munacollection/venv/lib/python3.13/site-packages/telegram/request/_baserequest.py", line 375, in _request_wrapper
    raise exception
telegram.error.Conflict: Conflict: terminated by other getUpdates request; make sure that only one bot instance is running
2026-06-15 23:57:43,611 - httpx - INFO - HTTP Request: POST https://api.telegram.org/bot8657142758:AAGUQRm-T_ITFafMBJHzhBNQ2ZhjhuXQ4oE/getUpdates "HTTP/1.1 409 Conflict"
2026-06-15 23:57:43,613 - telegram.ext.Application - ERROR - No error handlers are registered, logging exception.
Traceback (most recent call last):
  File "/home/sirojiddin/code/Munacollection/venv/lib/python3.13/site-packages/telegram/ext/_utils/networkloop.py", line 161, in network_retry_loop
    await do_action()
  File "/home/sirojiddin/code/Munacollection/venv/lib/python3.13/site-packages/telegram/ext/_utils/networkloop.py", line 154, in do_action
    action_cb_task.result()
    ~~~~~~~~~~~~~~~~~~~~~^^
  File "/home/sirojiddin/code/Munacollection/venv/lib/python3.13/site-packages/telegram/ext/_updater.py", line 340, in polling_action_cb
    updates = await self.bot.get_updates(
              ^^^^^^^^^^^^^^^^^^^^^^^^^^^
    ...<3 lines>...
    )
    ^
  File "/home/sirojiddin/code/Munacollection/venv/lib/python3.13/site-packages/telegram/ext/_extbot.py", line 680, in get_updates
    updates = await super().get_updates(
              ^^^^^^^^^^^^^^^^^^^^^^^^^^
    ...<9 lines>...
    )
    ^
  File "/home/sirojiddin/code/Munacollection/venv/lib/python3.13/site-packages/telegram/_bot.py", line 4767, in get_updates
    await self._post(
    ^^^^^^^^^^^^^^^^^
    ...<7 lines>...
    ),
    ^
  File "/home/sirojiddin/code/Munacollection/venv/lib/python3.13/site-packages/telegram/_bot.py", line 712, in _post
    return await self._do_post(
           ^^^^^^^^^^^^^^^^^^^^
    ...<6 lines>...
    )
    ^
  File "/home/sirojiddin/code/Munacollection/venv/lib/python3.13/site-packages/telegram/ext/_extbot.py", line 378, in _do_post
    return await super()._do_post(
           ^^^^^^^^^^^^^^^^^^^^^^^
    ...<6 lines>...
    )
    ^
  File "/home/sirojiddin/code/Munacollection/venv/lib/python3.13/site-packages/telegram/_bot.py", line 741, in _do_post
    result = await request.post(
             ^^^^^^^^^^^^^^^^^^^
    ...<6 lines>...
    )
    ^
  File "/home/sirojiddin/code/Munacollection/venv/lib/python3.13/site-packages/telegram/request/_baserequest.py", line 198, in post
    result = await self._request_wrapper(
             ^^^^^^^^^^^^^^^^^^^^^^^^^^^^
    ...<7 lines>...
    )
    ^
  File "/home/sirojiddin/code/Munacollection/venv/lib/python3.13/site-packages/telegram/request/_baserequest.py", line 375, in _request_wrapper
    raise exception
telegram.error.Conflict: Conflict: terminated by other getUpdates request; make sure that only one bot instance is running
2026-06-15 23:57:45,255 - httpx - INFO - HTTP Request: POST https://api.telegram.org/bot8657142758:AAGUQRm-T_ITFafMBJHzhBNQ2ZhjhuXQ4oE/getUpdates "HTTP/1.1 409 Conflict"
2026-06-15 23:57:45,255 - telegram.ext.Application - ERROR - No error handlers are registered, logging exception.
Traceback (most recent call last):
  File "/home/sirojiddin/code/Munacollection/venv/lib/python3.13/site-packages/telegram/ext/_utils/networkloop.py", line 161, in network_retry_loop
    await do_action()
  File "/home/sirojiddin/code/Munacollection/venv/lib/python3.13/site-packages/telegram/ext/_utils/networkloop.py", line 154, in do_action
    action_cb_task.result()
    ~~~~~~~~~~~~~~~~~~~~~^^
  File "/home/sirojiddin/code/Munacollection/venv/lib/python3.13/site-packages/telegram/ext/_updater.py", line 340, in polling_action_cb
    updates = await self.bot.get_updates(
              ^^^^^^^^^^^^^^^^^^^^^^^^^^^
    ...<3 lines>...
    )
    ^
  File "/home/sirojiddin/code/Munacollection/venv/lib/python3.13/site-packages/telegram/ext/_extbot.py", line 680, in get_updates
    updates = await super().get_updates(
              ^^^^^^^^^^^^^^^^^^^^^^^^^^
    ...<9 lines>...
    )
    ^
  File "/home/sirojiddin/code/Munacollection/venv/lib/python3.13/site-packages/telegram/_bot.py", line 4767, in get_updates
    await self._post(
    ^^^^^^^^^^^^^^^^^
    ...<7 lines>...
    ),
    ^
  File "/home/sirojiddin/code/Munacollection/venv/lib/python3.13/site-packages/telegram/_bot.py", line 712, in _post
    return await self._do_post(
           ^^^^^^^^^^^^^^^^^^^^
    ...<6 lines>...
    )
    ^
  File "/home/sirojiddin/code/Munacollection/venv/lib/python3.13/site-packages/telegram/ext/_extbot.py", line 378, in _do_post
    return await super()._do_post(
           ^^^^^^^^^^^^^^^^^^^^^^^
    ...<6 lines>...
    )
    ^
  File "/home/sirojiddin/code/Munacollection/venv/lib/python3.13/site-packages/telegram/_bot.py", line 741, in _do_post
    result = await request.post(
             ^^^^^^^^^^^^^^^^^^^
    ...<6 lines>...
    )
    ^
  File "/home/sirojiddin/code/Munacollection/venv/lib/python3.13/site-packages/telegram/request/_baserequest.py", line 198, in post
    result = await self._request_wrapper(
             ^^^^^^^^^^^^^^^^^^^^^^^^^^^^
    ...<7 lines>...
    )
    ^
  File "/home/sirojiddin/code/Munacollection/venv/lib/python3.13/site-packages/telegram/request/_baserequest.py", line 375, in _request_wrapper
    raise exception
telegram.error.Conflict: Conflict: terminated by other getUpdates request; make sure that only one bot instance is running
2026-06-15 23:57:55,268 - httpx - INFO - HTTP Request: POST https://api.telegram.org/bot8657142758:AAGUQRm-T_ITFafMBJHzhBNQ2ZhjhuXQ4oE/getUpdates "HTTP/1.1 200 OK"
2026-06-15 23:57:57,095 - httpx - INFO - HTTP Request: POST https://api.telegram.org/bot8657142758:AAGUQRm-T_ITFafMBJHzhBNQ2ZhjhuXQ4oE/getUpdates "HTTP/1.1 200 OK"
2026-06-15 23:57:57,098 - __main__ - INFO - RAW UPDATE: {'message': {'channel_chat_created': False, 'delete_chat_photo': False, 'entities': [{'length': 9, 'offset': 0, 'type': <MessageEntityType.BOT_COMMAND>}], 'group_chat_created': False, 'supergroup_chat_created': False, 'text': '/test_btn', 'chat': {'first_name': 'Sirojiddin', 'id': 8270492933, 'type': <ChatType.PRIVATE>, 'username': 'Sirojiddin_Ibn_Baxtiyor'}, 'date': 1781549877, 'message_id': 149, 'from': {'first_name': 'Sirojiddin', 'id': 8270492933, 'is_bot': False, 'language_code': 'en', 'username': 'Sirojiddin_Ibn_Baxtiyor'}}, 'update_id': 63032944}
2026-06-15 23:57:57,537 - httpx - INFO - HTTP Request: POST https://api.telegram.org/bot8657142758:AAGUQRm-T_ITFafMBJHzhBNQ2ZhjhuXQ4oE/sendMessage "HTTP/1.1 200 OK"
2026-06-15 23:58:07,242 - httpx - INFO - HTTP Request: POST https://api.telegram.org/bot8657142758:AAGUQRm-T_ITFafMBJHzhBNQ2ZhjhuXQ4oE/getUpdates "HTTP/1.1 200 OK"
2026-06-15 23:58:11,124 - httpx - INFO - HTTP Request: POST https://api.telegram.org/bot8657142758:AAGUQRm-T_ITFafMBJHzhBNQ2ZhjhuXQ4oE/getUpdates "HTTP/1.1 200 OK"
2026-06-15 23:58:11,126 - __main__ - INFO - RAW UPDATE: {'callback_query': {'chat_instance': '3000672466049168352', 'data': 'test_callback', 'id': '7851380560296743033', 'message': {'channel_chat_created': False, 'delete_chat_photo': False, 'group_chat_created': False, 'reply_markup': {'inline_keyboard': [[{'callback_data': 'test_callback', 'text': 'Test tugmasi 🔘'}]]}, 'supergroup_chat_created': False, 'text': 'Test tugmasini bosing:', 'chat': {'first_name': 'Sirojiddin', 'id': 8270492933, 'type': <ChatType.PRIVATE>, 'username': 'Sirojiddin_Ibn_Baxtiyor'}, 'date': 1781549877, 'message_id': 150, 'from': {'first_name': 'Fevrallik', 'id': 8657142758, 'is_bot': True, 'username': 'fevrallik_noiloj_bot'}}, 'from': {'first_name': 'Sirojiddin', 'id': 8270492933, 'is_bot': False, 'language_code': 'en', 'username': 'Sirojiddin_Ibn_Baxtiyor'}}, 'update_id': 63032945}
2026-06-15 23:58:11,126 - __main__ - INFO - Callback query received: user_id=8270492933, data=test_callback
2026-06-15 23:58:11,517 - httpx - INFO - HTTP Request: POST https://api.telegram.org/bot8657142758:AAGUQRm-T_ITFafMBJHzhBNQ2ZhjhuXQ4oE/answerCallbackQuery "HTTP/1.1 200 OK"
2026-06-15 23:58:11,662 - httpx - INFO - HTTP Request: POST https://api.telegram.org/bot8657142758:AAGUQRm-T_ITFafMBJHzhBNQ2ZhjhuXQ4oE/sendMessage "HTTP/1.1 200 OK"
2026-06-15 23:58:19,979 - httpx - INFO - HTTP Request: POST https://api.telegram.org/bot8657142758:AAGUQRm-T_ITFafMBJHzhBNQ2ZhjhuXQ4oE/getUpdates "HTTP/1.1 200 OK"
2026-06-15 23:58:19,982 - __main__ - INFO - RAW UPDATE: {'message': {'channel_chat_created': False, 'delete_chat_photo': False, 'group_chat_created': False, 'supergroup_chat_created': False, 'text': 'Elon Joylashtirish ➕', 'chat': {'first_name': 'Sirojiddin', 'id': 8270492933, 'type': <ChatType.PRIVATE>, 'username': 'Sirojiddin_Ibn_Baxtiyor'}, 'date': 1781549899, 'message_id': 152, 'from': {'first_name': 'Sirojiddin', 'id': 8270492933, 'is_bot': False, 'language_code': 'en', 'username': 'Sirojiddin_Ibn_Baxtiyor'}}, 'update_id': 63032946}
2026-06-15 23:58:19,982 - __main__ - INFO - Message received from user_id=8270492933: state=None, text=Elon Joylashtirish ➕
2026-06-15 23:58:20,947 - httpx - INFO - HTTP Request: POST https://api.telegram.org/bot8657142758:AAGUQRm-T_ITFafMBJHzhBNQ2ZhjhuXQ4oE/sendMessage "HTTP/1.1 200 OK"
2026-06-15 23:58:30,151 - httpx - INFO - HTTP Request: POST https://api.telegram.org/bot8657142758:AAGUQRm-T_ITFafMBJHzhBNQ2ZhjhuXQ4oE/getUpdates "HTTP/1.1 200 OK"
2026-06-15 23:58:39,952 - httpx - INFO - HTTP Request: POST https://api.telegram.org/bot8657142758:AAGUQRm-T_ITFafMBJHzhBNQ2ZhjhuXQ4oE/getUpdates "HTTP/1.1 200 OK"
2026-06-15 23:58:39,955 - __main__ - INFO - RAW UPDATE: {'message': {'channel_chat_created': False, 'delete_chat_photo': False, 'group_chat_created': False, 'media_group_id': '14252399358842826', 'photo': [{'height': 90, 'width': 90, 'file_id': 'AgACAgIAAxkBAAN_ajBHaR0cmTwhAQa0p8PaJzRcRBAAAi8iaxsTboFJIn5IXmxpwwABAQADAgADcwADPAQ', 'file_size': 1348, 'file_unique_id': 'AQADLyJrGxNugUl4'}, {'height': 320, 'width': 320, 'file_id': 'AgACAgIAAxkBAAN_ajBHaR0cmTwhAQa0p8PaJzRcRBAAAi8iaxsTboFJIn5IXmxpwwABAQADAgADbQADPAQ', 'file_size': 13122, 'file_unique_id': 'AQADLyJrGxNugUly'}, {'height': 800, 'width': 800, 'file_id': 'AgACAgIAAxkBAAN_ajBHaR0cmTwhAQa0p8PaJzRcRBAAAi8iaxsTboFJIn5IXmxpwwABAQADAgADeAADPAQ', 'file_size': 51800, 'file_unique_id': 'AQADLyJrGxNugUl9'}, {'height': 1280, 'width': 1280, 'file_id': 'AgACAgIAAxkBAAN_ajBHaR0cmTwhAQa0p8PaJzRcRBAAAi8iaxsTboFJIn5IXmxpwwABAQADAgADeQADPAQ', 'file_size': 96924, 'file_unique_id': 'AQADLyJrGxNugUl-'}], 'supergroup_chat_created': False, 'chat': {'first_name': 'Sirojiddin', 'id': 8270492933, 'type': <ChatType.PRIVATE>, 'username': 'Sirojiddin_Ibn_Baxtiyor'}, 'date': 1781549919, 'message_id': 154, 'from': {'first_name': 'Sirojiddin', 'id': 8270492933, 'is_bot': False, 'language_code': 'en', 'username': 'Sirojiddin_Ibn_Baxtiyor'}}, 'update_id': 63032947}
2026-06-15 23:58:39,956 - __main__ - INFO - Message received from user_id=8270492933: state=AD_PHOTO, text=None
2026-06-15 23:58:40,353 - httpx - INFO - HTTP Request: POST https://api.telegram.org/bot8657142758:AAGUQRm-T_ITFafMBJHzhBNQ2ZhjhuXQ4oE/sendMessage "HTTP/1.1 200 OK"
2026-06-15 23:58:40,355 - __main__ - INFO - RAW UPDATE: {'message': {'channel_chat_created': False, 'delete_chat_photo': False, 'group_chat_created': False, 'media_group_id': '14252399358842826', 'photo': [{'height': 90, 'width': 90, 'file_id': 'AgACAgIAAxkBAAOAajBHaf4Q3uLW5Nkqr4iecO1_JOgAAjAiaxsTboFJ5yigSw3UN14BAAMCAANzAAM8BA', 'file_size': 1093, 'file_unique_id': 'AQADMCJrGxNugUl4'}, {'height': 320, 'width': 320, 'file_id': 'AgACAgIAAxkBAAOAajBHaf4Q3uLW5Nkqr4iecO1_JOgAAjAiaxsTboFJ5yigSw3UN14BAAMCAANtAAM8BA', 'file_size': 18080, 'file_unique_id': 'AQADMCJrGxNugUly'}, {'height': 800, 'width': 800, 'file_id': 'AgACAgIAAxkBAAOAajBHaf4Q3uLW5Nkqr4iecO1_JOgAAjAiaxsTboFJ5yigSw3UN14BAAMCAAN4AAM8BA', 'file_size': 74131, 'file_unique_id': 'AQADMCJrGxNugUl9'}, {'height': 1280, 'width': 1280, 'file_id': 'AgACAgIAAxkBAAOAajBHaf4Q3uLW5Nkqr4iecO1_JOgAAjAiaxsTboFJ5yigSw3UN14BAAMCAAN5AAM8BA', 'file_size': 121933, 'file_unique_id': 'AQADMCJrGxNugUl-'}], 'supergroup_chat_created': False, 'chat': {'first_name': 'Sirojiddin', 'id': 8270492933, 'type': <ChatType.PRIVATE>, 'username': 'Sirojiddin_Ibn_Baxtiyor'}, 'date': 1781549919, 'message_id': 155, 'from': {'first_name': 'Sirojiddin', 'id': 8270492933, 'is_bot': False, 'language_code': 'en', 'username': 'Sirojiddin_Ibn_Baxtiyor'}}, 'update_id': 63032948}
2026-06-15 23:58:40,356 - __main__ - INFO - Message received from user_id=8270492933: state=AD_LOCATION, text=None
2026-06-15 23:58:40,509 - httpx - INFO - HTTP Request: POST https://api.telegram.org/bot8657142758:AAGUQRm-T_ITFafMBJHzhBNQ2ZhjhuXQ4oE/sendMessage "HTTP/1.1 200 OK"
2026-06-15 23:58:40,512 - __main__ - INFO - RAW UPDATE: {'message': {'channel_chat_created': False, 'delete_chat_photo': False, 'group_chat_created': False, 'media_group_id': '14252399358842826', 'photo': [{'height': 90, 'width': 58, 'file_id': 'AgACAgIAAxkBAAOcajBLX32EqM6PgnZ4bHbPMNixfCQAAjkiaxsTboFJ3s_NVObRU14BAAMCAANzAAM8BA', 'file_size': 1151, 'file_unique_id': 'AQADOSJrGxNugUl4'}, {'height': 320, 'width': 208, 'file_id': 'AgACAgIAAxkBAAOcajBLX32EqM6PgnZ4bHbPMNixfCQAAjkiaxsTboFJ3s_NVObRU14BAAMCAANtAAM8BA', 'file_size': 10058, 'file_unique_id': 'AQADOSJrGxNugUly'}, {'height': 800, 'width': 519, 'file_id': 'AgACAgIAAxkBAAOcajBLX32EqM6PgnZ4bHbPMNixfCQAAjkiaxsTboFJ3s_NVObRU14BAAMCAAN4AAM8BA', 'file_size': 30510, 'file_unique_id': 'AQADOSJrGxNugUl9'}, {'height': 1280, 'width': 831, 'file_id': 'AgACAgIAAxkBAAOcajBLX32EqM6PgnZ4bHbPMNixfCQAAjkiaxsTboFJ3s_NVObRU14BAAMCAAN5AAM8BA', 'file_size': 47781, 'file_unique_id': 'AQADOSJrGxNugUl-'}], 'supergroup_chat_created': False, 'chat': {'first_name': 'Sirojiddin', 'id': 8270492933, 'type': <ChatType.PRIVATE>, 'username': 'Sirojiddin_Ibn_Baxtiyor'}, 'date': 1781549919, 'message_id': 156, 'from': {'first_name': 'Sirojiddin', 'id': 8270492933, 'is_bot': False, 'language_code': 'en', 'username': 'Sirojiddin_Ibn_Baxtiyor'}}, 'update_id': 63032949}
2026-06-15 23:58:40,512 - __main__ - INFO - Message received from user_id=8270492933: state=AD_LOCATION, text=None
2026-06-15 23:58:40,660 - httpx - INFO - HTTP Request: POST https://api.telegram.org/bot8657142758:AAGUQRm-T_ITFafMBJHzhBNQ2ZhjhuXQ4oE/sendMessage "HTTP/1.1 200 OK"
2026-06-15 23:58:50,126 - httpx - INFO - HTTP Request: POST https://api.telegram.org/bot8657142758:AAGUQRm-T_ITFafMBJHzhBNQ2ZhjhuXQ4oE/getUpdates "HTTP/1.1 200 OK"
2026-06-15 23:59:00,270 - httpx - INFO - HTTP Request: POST https://api.telegram.org/bot8657142758:AAGUQRm-T_ITFafMBJHzhBNQ2ZhjhuXQ4oE/getUpdates "HTTP/1.1 200 OK"
2026-06-15 23:59:10,405 - httpx - INFO - HTTP Request: POST https://api.telegram.org/bot8657142758:AAGUQRm-T_ITFafMBJHzhBNQ2ZhjhuXQ4oE/getUpdates "HTTP/1.1 200 OK"
2026-06-15 23:59:20,521 - httpx - INFO - HTTP Request: POST https://api.telegram.org/bot8657142758:AAGUQRm-T_ITFafMBJHzhBNQ2ZhjhuXQ4oE/getUpdates "HTTP/1.1 200 OK"
2026-06-15 23:59:20,523 - __main__ - INFO - RAW UPDATE: {'message': {'channel_chat_created': False, 'delete_chat_photo': False, 'group_chat_created': False, 'supergroup_chat_created': False, 'text': 'xitoydan', 'chat': {'first_name': 'Sirojiddin', 'id': 8270492933, 'type': <ChatType.PRIVATE>, 'username': 'Sirojiddin_Ibn_Baxtiyor'}, 'date': 1781549960, 'message_id': 160, 'from': {'first_name': 'Sirojiddin', 'id': 8270492933, 'is_bot': False, 'language_code': 'en', 'username': 'Sirojiddin_Ibn_Baxtiyor'}}, 'update_id': 63032950}
2026-06-15 23:59:20,523 - __main__ - INFO - Message received from user_id=8270492933: state=AD_LOCATION, text=xitoydan
2026-06-15 23:59:20,948 - httpx - INFO - HTTP Request: POST https://api.telegram.org/bot8657142758:AAGUQRm-T_ITFafMBJHzhBNQ2ZhjhuXQ4oE/sendMessage "HTTP/1.1 200 OK"
2026-06-15 23:59:23,901 - httpx - INFO - HTTP Request: POST https://api.telegram.org/bot8657142758:AAGUQRm-T_ITFafMBJHzhBNQ2ZhjhuXQ4oE/getUpdates "HTTP/1.1 200 OK"
2026-06-15 23:59:23,903 - __main__ - INFO - RAW UPDATE: {'message': {'channel_chat_created': False, 'delete_chat_photo': False, 'group_chat_created': False, 'supergroup_chat_created': False, 'text': '18', 'chat': {'first_name': 'Sirojiddin', 'id': 8270492933, 'type': <ChatType.PRIVATE>, 'username': 'Sirojiddin_Ibn_Baxtiyor'}, 'date': 1781549963, 'message_id': 162, 'from': {'first_name': 'Sirojiddin', 'id': 8270492933, 'is_bot': False, 'language_code': 'en', 'username': 'Sirojiddin_Ibn_Baxtiyor'}}, 'update_id': 63032951}
2026-06-15 23:59:23,903 - __main__ - INFO - Message received from user_id=8270492933: state=AD_DELIVERY, text=18
2026-06-15 23:59:24,074 - httpx - INFO - HTTP Request: POST https://api.telegram.org/bot8657142758:AAGUQRm-T_ITFafMBJHzhBNQ2ZhjhuXQ4oE/sendMessage "HTTP/1.1 200 OK"
2026-06-15 23:59:26,550 - httpx - INFO - HTTP Request: POST https://api.telegram.org/bot8657142758:AAGUQRm-T_ITFafMBJHzhBNQ2ZhjhuXQ4oE/getUpdates "HTTP/1.1 200 OK"
2026-06-15 23:59:26,552 - __main__ - INFO - RAW UPDATE: {'message': {'channel_chat_created': False, 'delete_chat_photo': False, 'group_chat_created': False, 'supergroup_chat_created': False, 'text': '19', 'chat': {'first_name': 'Sirojiddin', 'id': 8270492933, 'type': <ChatType.PRIVATE>, 'username': 'Sirojiddin_Ibn_Baxtiyor'}, 'date': 1781549966, 'message_id': 164, 'from': {'first_name': 'Sirojiddin', 'id': 8270492933, 'is_bot': False, 'language_code': 'en', 'username': 'Sirojiddin_Ibn_Baxtiyor'}}, 'update_id': 63032952}
2026-06-15 23:59:26,552 - __main__ - INFO - Message received from user_id=8270492933: state=AD_PRICE, text=19
2026-06-15 23:59:26,938 - httpx - INFO - HTTP Request: POST https://api.telegram.org/bot8657142758:AAGUQRm-T_ITFafMBJHzhBNQ2ZhjhuXQ4oE/sendMessage "HTTP/1.1 200 OK"
2026-06-15 23:59:32,443 - httpx - INFO - HTTP Request: POST https://api.telegram.org/bot8657142758:AAGUQRm-T_ITFafMBJHzhBNQ2ZhjhuXQ4oE/getUpdates "HTTP/1.1 200 OK"
2026-06-15 23:59:32,446 - __main__ - INFO - RAW UPDATE: {'message': {'channel_chat_created': False, 'delete_chat_photo': False, 'group_chat_created': False, 'supergroup_chat_created': False, 'text': 'bu textbgnsfjdmka', 'chat': {'first_name': 'Sirojiddin', 'id': 8270492933, 'type': <ChatType.PRIVATE>, 'username': 'Sirojiddin_Ibn_Baxtiyor'}, 'date': 1781549972, 'message_id': 166, 'from': {'first_name': 'Sirojiddin', 'id': 8270492933, 'is_bot': False, 'language_code': 'en', 'username': 'Sirojiddin_Ibn_Baxtiyor'}}, 'update_id': 63032953}
2026-06-15 23:59:32,447 - __main__ - INFO - Message received from user_id=8270492933: state=AD_DESCRIPTION, text=bu textbgnsfjdmka
2026-06-15 23:59:32,884 - httpx - INFO - HTTP Request: POST https://api.telegram.org/bot8657142758:AAGUQRm-T_ITFafMBJHzhBNQ2ZhjhuXQ4oE/sendPhoto "HTTP/1.1 200 OK"
2026-06-15 23:59:35,317 - httpx - INFO - HTTP Request: POST https://api.telegram.org/bot8657142758:AAGUQRm-T_ITFafMBJHzhBNQ2ZhjhuXQ4oE/getUpdates "HTTP/1.1 200 OK"
2026-06-15 23:59:35,319 - __main__ - INFO - RAW UPDATE: {'callback_query': {'chat_instance': '3000672466049168352', 'data': 'ad_publish', 'id': '7851380561683543978', 'message': {'caption': "📦 E'lon Preview:\n\n📍 Kelish joyi: xitoydan\n⏱ Kelish muddati: 18\n💵 Narxi: 19\n📝 Izoh: bu textbgnsfjdmka\n\nUshbu e'lonni chop etishni xohlaysizmi?", 'caption_entities': [{'length': 14, 'offset': 3, 'type': <MessageEntityType.BOLD>}], 'channel_chat_created': False, 'delete_chat_photo': False, 'group_chat_created': False, 'photo': [{'height': 90, 'width': 90, 'file_id': 'AgACAgIAAxkBAAN_ajBHaR0cmTwhAQa0p8PaJzRcRBAAAi8iaxsTboFJIn5IXmxpwwABAQADAgADcwADPAQ', 'file_size': 1348, 'file_unique_id': 'AQADLyJrGxNugUl4'}, {'height': 320, 'width': 320, 'file_id': 'AgACAgIAAxkBAAN_ajBHaR0cmTwhAQa0p8PaJzRcRBAAAi8iaxsTboFJIn5IXmxpwwABAQADAgADbQADPAQ', 'file_size': 13122, 'file_unique_id': 'AQADLyJrGxNugUly'}, {'height': 800, 'width': 800, 'file_id': 'AgACAgIAAxkBAAN_ajBHaR0cmTwhAQa0p8PaJzRcRBAAAi8iaxsTboFJIn5IXmxpwwABAQADAgADeAADPAQ', 'file_size': 51800, 'file_unique_id': 'AQADLyJrGxNugUl9'}, {'height': 1280, 'width': 1280, 'file_id': 'AgACAgIAAxkBAAN_ajBHaR0cmTwhAQa0p8PaJzRcRBAAAi8iaxsTboFJIn5IXmxpwwABAQADAgADeQADPAQ', 'file_size': 96924, 'file_unique_id': 'AQADLyJrGxNugUl-'}], 'reply_markup': {'inline_keyboard': [[{'callback_data': 'ad_publish', 'text': 'Chop etish 🚀'}, {'callback_data': 'ad_cancel', 'text': 'Bekor qilish ❌'}]]}, 'supergroup_chat_created': False, 'chat': {'first_name': 'Sirojiddin', 'id': 8270492933, 'type': <ChatType.PRIVATE>, 'username': 'Sirojiddin_Ibn_Baxtiyor'}, 'date': 1781549972, 'message_id': 167, 'from': {'first_name': 'Fevrallik', 'id': 8657142758, 'is_bot': True, 'username': 'fevrallik_noiloj_bot'}}, 'from': {'first_name': 'Sirojiddin', 'id': 8270492933, 'is_bot': False, 'language_code': 'en', 'username': 'Sirojiddin_Ibn_Baxtiyor'}}, 'update_id': 63032954}
2026-06-15 23:59:35,319 - __main__ - INFO - Callback query received: user_id=8270492933, data=ad_publish
2026-06-15 23:59:35,468 - httpx - INFO - HTTP Request: POST https://api.telegram.org/bot8657142758:AAGUQRm-T_ITFafMBJHzhBNQ2ZhjhuXQ4oE/answerCallbackQuery "HTTP/1.1 200 OK"
2026-06-15 23:59:35,469 - __main__ - INFO - ad_publish callback triggered. user_data keys: ['state', 'new_ad_photo', 'new_ad_location', 'new_ad_delivery', 'new_ad_price', 'new_ad_description']
2026-06-15 23:59:35,469 - __main__ - INFO - ad_publish details: photo=True, location=xitoydan, delivery=18, price=19, description=bu textbgnsfjdmka
2026-06-15 23:59:35,606 - httpx - INFO - HTTP Request: POST https://api.telegram.org/bot8657142758:AAGUQRm-T_ITFafMBJHzhBNQ2ZhjhuXQ4oE/getMe "HTTP/1.1 200 OK"
2026-06-15 23:59:35,812 - httpx - INFO - HTTP Request: POST https://api.telegram.org/bot8657142758:AAGUQRm-T_ITFafMBJHzhBNQ2ZhjhuXQ4oE/sendPhoto "HTTP/1.1 200 OK"
2026-06-15 23:59:35,985 - httpx - INFO - HTTP Request: POST https://api.telegram.org/bot8657142758:AAGUQRm-T_ITFafMBJHzhBNQ2ZhjhuXQ4oE/sendMessage "HTTP/1.1 200 OK"
2026-06-15 23:59:36,136 - httpx - INFO - HTTP Request: POST https://api.telegram.org/bot8657142758:AAGUQRm-T_ITFafMBJHzhBNQ2ZhjhuXQ4oE/deleteMessage "HTTP/1.1 200 OK"
2026-06-15 23:59:36,289 - httpx - INFO - HTTP Request: POST https://api.telegram.org/bot8657142758:AAGUQRm-T_ITFafMBJHzhBNQ2ZhjhuXQ4oE/answerCallbackQuery "HTTP/1.1 200 OK"
2026-06-15 23:59:45,461 - httpx - INFO - HTTP Request: POST https://api.telegram.org/bot8657142758:AAGUQRm-T_ITFafMBJHzhBNQ2ZhjhuXQ4oE/getUpdates "HTTP/1.1 200 OK"
2026-06-15 23:59:55,599 - httpx - INFO - HTTP Request: POST https://api.telegram.org/bot8657142758:AAGUQRm-T_ITFafMBJHzhBNQ2ZhjhuXQ4oE/getUpdates "HTTP/1.1 200 OK"
2026-06-16 00:00:24,395 - httpx - INFO - HTTP Request: POST https://api.telegram.org/bot8657142758:AAGUQRm-T_ITFafMBJHzhBNQ2ZhjhuXQ4oE/getUpdates "HTTP/1.1 200 OK"
2026-06-16 00:00:30,662 - httpx - INFO - HTTP Request: POST https://api.telegram.org/bot8657142758:AAGUQRm-T_ITFafMBJHzhBNQ2ZhjhuXQ4oE/getUpdates "HTTP/1.1 200 OK"
2026-06-16 00:00:30,665 - __main__ - INFO - RAW UPDATE: {'message': {'channel_chat_created': False, 'delete_chat_photo': False, 'entities': [{'length': 6, 'offset': 0, 'type': <MessageEntityType.BOT_COMMAND>}], 'group_chat_created': False, 'supergroup_chat_created': False, 'text': '/start buy_1', 'chat': {'first_name': 'Ghost', 'id': 7844532860, 'type': <ChatType.PRIVATE>}, 'date': 1781550030, 'message_id': 169, 'from': {'first_name': 'Ghost', 'id': 7844532860, 'is_bot': False, 'language_code': 'uz'}}, 'update_id': 63032955}
2026-06-16 00:00:31,249 - httpx - INFO - HTTP Request: POST https://api.telegram.org/bot8657142758:AAGUQRm-T_ITFafMBJHzhBNQ2ZhjhuXQ4oE/sendMessage "HTTP/1.1 200 OK"
2026-06-16 00:00:33,266 - httpx - INFO - HTTP Request: POST https://api.telegram.org/bot8657142758:AAGUQRm-T_ITFafMBJHzhBNQ2ZhjhuXQ4oE/getUpdates "HTTP/1.1 200 OK"
2026-06-16 00:00:33,269 - __main__ - INFO - RAW UPDATE: {'message': {'channel_chat_created': False, 'contact': {'first_name': 'Ghost', 'phone_number': '998952442256', 'user_id': 7844532860}, 'delete_chat_photo': False, 'group_chat_created': False, 'reply_to_message': {'channel_chat_created': False, 'delete_chat_photo': False, 'group_chat_created': False, 'supergroup_chat_created': False, 'text': "Xush kelibsiz! Bot xizmatlaridan foydalanish uchun telefon raqamingiz orqali ro'yxatdan o'ting:", 'chat': {'first_name': 'Ghost', 'id': 7844532860, 'type': <ChatType.PRIVATE>}, 'date': 1781550031, 'message_id': 170, 'from': {'first_name': 'Fevrallik', 'id': 8657142758, 'is_bot': True, 'username': 'fevrallik_noiloj_bot'}}, 'supergroup_chat_created': False, 'chat': {'first_name': 'Ghost', 'id': 7844532860, 'type': <ChatType.PRIVATE>}, 'date': 1781550033, 'message_id': 171, 'from': {'first_name': 'Ghost', 'id': 7844532860, 'is_bot': False, 'language_code': 'uz'}}, 'update_id': 63032956}
2026-06-16 00:00:33,475 - httpx - INFO - HTTP Request: POST https://api.telegram.org/bot8657142758:AAGUQRm-T_ITFafMBJHzhBNQ2ZhjhuXQ4oE/sendMessage "HTTP/1.1 200 OK"
2026-06-16 00:00:33,684 - httpx - INFO - HTTP Request: POST https://api.telegram.org/bot8657142758:AAGUQRm-T_ITFafMBJHzhBNQ2ZhjhuXQ4oE/sendMessage "HTTP/1.1 200 OK"
2026-06-16 00:00:43,457 - httpx - INFO - HTTP Request: POST https://api.telegram.org/bot8657142758:AAGUQRm-T_ITFafMBJHzhBNQ2ZhjhuXQ4oE/getUpdates "HTTP/1.1 200 OK"
2026-06-16 00:00:53,641 - httpx - INFO - HTTP Request: POST https://api.telegram.org/bot8657142758:AAGUQRm-T_ITFafMBJHzhBNQ2ZhjhuXQ4oE/getUpdates "HTTP/1.1 200 OK"
2026-06-16 00:00:56,492 - httpx - INFO - HTTP Request: POST https://api.telegram.org/bot8657142758:AAGUQRm-T_ITFafMBJHzhBNQ2ZhjhuXQ4oE/getUpdates "HTTP/1.1 200 OK"
2026-06-16 00:00:56,495 - __main__ - INFO - RAW UPDATE: {'message': {'channel_chat_created': False, 'delete_chat_photo': False, 'group_chat_created': False, 'photo': [{'height': 90, 'width': 90, 'file_id': 'AgACAgIAAxkBAAOuajBL6DKr1ff4mFSKVHXtktEBGqUAAt8XaxtTZohJ0OjAO5B0bCEBAAMCAANzAAM8BA', 'file_size': 771, 'file_unique_id': 'AQAD3xdrG1NmiEl4'}, {'height': 320, 'width': 320, 'file_id': 'AgACAgIAAxkBAAOuajBL6DKr1ff4mFSKVHXtktEBGqUAAt8XaxtTZohJ0OjAO5B0bCEBAAMCAANtAAM8BA', 'file_size': 4833, 'file_unique_id': 'AQAD3xdrG1NmiEly'}, {'height': 640, 'width': 640, 'file_id': 'AgACAgIAAxkBAAOuajBL6DKr1ff4mFSKVHXtktEBGqUAAt8XaxtTZohJ0OjAO5B0bCEBAAMCAAN4AAM8BA', 'file_size': 10612, 'file_unique_id': 'AQAD3xdrG1NmiEl9'}], 'supergroup_chat_created': False, 'chat': {'first_name': 'Ghost', 'id': 7844532860, 'type': <ChatType.PRIVATE>}, 'date': 1781550056, 'message_id': 174, 'from': {'first_name': 'Ghost', 'id': 7844532860, 'is_bot': False, 'language_code': 'uz'}}, 'update_id': 63032957}
2026-06-16 00:00:56,495 - __main__ - INFO - Message received from user_id=7844532860: state=BUY_RECEIPT, text=None
2026-06-16 00:00:57,066 - httpx - INFO - HTTP Request: POST https://api.telegram.org/bot8657142758:AAGUQRm-T_ITFafMBJHzhBNQ2ZhjhuXQ4oE/sendMessage "HTTP/1.1 200 OK"
2026-06-16 00:00:57,295 - httpx - INFO - HTTP Request: POST https://api.telegram.org/bot8657142758:AAGUQRm-T_ITFafMBJHzhBNQ2ZhjhuXQ4oE/sendPhoto "HTTP/1.1 200 OK"
2026-06-16 00:01:06,665 - httpx - INFO - HTTP Request: POST https://api.telegram.org/bot8657142758:AAGUQRm-T_ITFafMBJHzhBNQ2ZhjhuXQ4oE/getUpdates "HTTP/1.1 200 OK"
2026-06-16 00:01:14,185 - httpx - INFO - HTTP Request: POST https://api.telegram.org/bot8657142758:AAGUQRm-T_ITFafMBJHzhBNQ2ZhjhuXQ4oE/getUpdates "HTTP/1.1 200 OK"
2026-06-16 00:01:14,188 - __main__ - INFO - RAW UPDATE: {'callback_query': {'chat_instance': '3000672466049168352', 'data': 'order_app_1', 'id': '7851380559798263468', 'message': {'caption': '🔔 YANGI BUYURTMA #1!\n\n👤 Xaridor: Mavjud emas (ID: 7844532860)\n📞 Telefon: +998952442256\n\n📦 Mahsulot:\n- ID: 1\n- Joyi: xitoydan\n- Narxi: 19\n- Izohi: bu textbgnsfjdmka', 'caption_entities': [{'length': 13, 'offset': 76, 'type': <MessageEntityType.PHONE_NUMBER>}], 'channel_chat_created': False, 'delete_chat_photo': False, 'group_chat_created': False, 'photo': [{'height': 90, 'width': 90, 'file_id': 'AgACAgIAAxkBAAOuajBL6DKr1ff4mFSKVHXtktEBGqUAAt8XaxtTZohJ0OjAO5B0bCEBAAMCAANzAAM8BA', 'file_size': 771, 'file_unique_id': 'AQAD3xdrG1NmiEl4'}, {'height': 320, 'width': 320, 'file_id': 'AgACAgIAAxkBAAOuajBL6DKr1ff4mFSKVHXtktEBGqUAAt8XaxtTZohJ0OjAO5B0bCEBAAMCAANtAAM8BA', 'file_size': 4833, 'file_unique_id': 'AQAD3xdrG1NmiEly'}, {'height': 640, 'width': 640, 'file_id': 'AgACAgIAAxkBAAOuajBL6DKr1ff4mFSKVHXtktEBGqUAAt8XaxtTZohJ0OjAO5B0bCEBAAMCAAN4AAM8BA', 'file_size': 10612, 'file_unique_id': 'AQAD3xdrG1NmiEl9'}], 'reply_markup': {'inline_keyboard': [[{'callback_data': 'order_app_1', 'text': 'Tasdiqlash ✅'}, {'callback_data': 'order_rej_1', 'text': 'Rad etish ❌'}]]}, 'supergroup_chat_created': False, 'chat': {'first_name': 'Sirojiddin', 'id': 8270492933, 'type': <ChatType.PRIVATE>, 'username': 'Sirojiddin_Ibn_Baxtiyor'}, 'date': 1781550057, 'message_id': 176, 'from': {'first_name': 'Fevrallik', 'id': 8657142758, 'is_bot': True, 'username': 'fevrallik_noiloj_bot'}}, 'from': {'first_name': 'Sirojiddin', 'id': 8270492933, 'is_bot': False, 'language_code': 'en', 'username': 'Sirojiddin_Ibn_Baxtiyor'}}, 'update_id': 63032958}
2026-06-16 00:01:14,188 - __main__ - INFO - Callback query received: user_id=8270492933, data=order_app_1
2026-06-16 00:01:14,701 - httpx - INFO - HTTP Request: POST https://api.telegram.org/bot8657142758:AAGUQRm-T_ITFafMBJHzhBNQ2ZhjhuXQ4oE/answerCallbackQuery "HTTP/1.1 200 OK"
2026-06-16 00:01:14,920 - httpx - INFO - HTTP Request: POST https://api.telegram.org/bot8657142758:AAGUQRm-T_ITFafMBJHzhBNQ2ZhjhuXQ4oE/editMessageCaption "HTTP/1.1 200 OK"
2026-06-16 00:01:15,115 - httpx - INFO - HTTP Request: POST https://api.telegram.org/bot8657142758:AAGUQRm-T_ITFafMBJHzhBNQ2ZhjhuXQ4oE/sendMessage "HTTP/1.1 200 OK"
2026-06-16 00:01:15,331 - httpx - INFO - HTTP Request: POST https://api.telegram.org/bot8657142758:AAGUQRm-T_ITFafMBJHzhBNQ2ZhjhuXQ4oE/answerCallbackQuery "HTTP/1.1 200 OK"
2026-06-16 00:01:24,368 - httpx - INFO - HTTP Request: POST https://api.telegram.org/bot8657142758:AAGUQRm-T_ITFafMBJHzhBNQ2ZhjhuXQ4oE/getUpdates "HTTP/1.1 200 OK"
2026-06-16 00:01:34,554 - httpx - INFO - HTTP Request: POST https://api.telegram.org/bot8657142758:AAGUQRm-T_ITFafMBJHzhBNQ2ZhjhuXQ4oE/getUpdates "HTTP/1.1 200 OK"
2026-06-16 00:01:44,722 - httpx - INFO - HTTP Request: POST https://api.telegram.org/bot8657142758:AAGUQRm-T_ITFafMBJHzhBNQ2ZhjhuXQ4oE/getUpdates "HTTP/1.1 200 OK"
2026-06-16 00:01:54,899 - httpx - INFO - HTTP Request: POST https://api.telegram.org/bot8657142758:AAGUQRm-T_ITFafMBJHzhBNQ2ZhjhuXQ4oE/getUpdates "HTTP/1.1 200 OK"
2026-06-16 00:02:05,052 - httpx - INFO - HTTP Request: POST https://api.telegram.org/bot8657142758:AAGUQRm-T_ITFafMBJHzhBNQ2ZhjhuXQ4oE/getUpdates "HTTP/1.1 200 OK"
2026-06-16 00:02:15,226 - httpx - INFO - HTTP Request: POST https://api.telegram.org/bot8657142758:AAGUQRm-T_ITFafMBJHzhBNQ2ZhjhuXQ4oE/getUpdates "HTTP/1.1 200 OK"
2026-06-16 00:02:25,403 - httpx - INFO - HTTP Request: POST https://api.telegram.org/bot8657142758:AAGUQRm-T_ITFafMBJHzhBNQ2ZhjhuXQ4oE/getUpdates "HTTP/1.1 200 OK"
2026-06-16 00:02:35,576 - httpx - INFO - HTTP Request: POST https://api.telegram.org/bot8657142758:AAGUQRm-T_ITFafMBJHzhBNQ2ZhjhuXQ4oE/getUpdates "HTTP/1.1 200 OK"
2026-06-16 00:02:45,752 - httpx - INFO - HTTP Request: POST https://api.telegram.org/bot8657142758:AAGUQRm-T_ITFafMBJHzhBNQ2ZhjhuXQ4oE/getUpdates "HTTP/1.1 200 OK"
2026-06-16 00:02:55,933 - httpx - INFO - HTTP Request: POST https://api.telegram.org/bot8657142758:AAGUQRm-T_ITFafMBJHzhBNQ2ZhjhuXQ4oE/getUpdates "HTTP/1.1 200 OK"
2026-06-16 00:03:06,105 - httpx - INFO - HTTP Request: POST https://api.telegram.org/bot8657142758:AAGUQRm-T_ITFafMBJHzhBNQ2ZhjhuXQ4oE/getUpdates "HTTP/1.1 200 OK"
2026-06-16 00:03:16,267 - httpx - INFO - HTTP Request: POST https://api.telegram.org/bot8657142758:AAGUQRm-T_ITFafMBJHzhBNQ2ZhjhuXQ4oE/getUpdates "HTTP/1.1 200 OK"
2026-06-16 00:03:26,450 - httpx - INFO - HTTP Request: POST https://api.telegram.org/bot8657142758:AAGUQRm-T_ITFafMBJHzhBNQ2ZhjhuXQ4oE/getUpdates "HTTP/1.1 200 OK"
2026-06-16 00:03:36,641 - httpx - INFO - HTTP Request: POST https://api.telegram.org/bot8657142758:AAGUQRm-T_ITFafMBJHzhBNQ2ZhjhuXQ4oE/getUpdates "HTTP/1.1 200 OK"
2026-06-16 00:03:46,834 - httpx - INFO - HTTP Request: POST https://api.telegram.org/bot8657142758:AAGUQRm-T_ITFafMBJHzhBNQ2ZhjhuXQ4oE/getUpdates "HTTP/1.1 200 OK"
2026-06-16 00:03:49,535 - httpx - INFO - HTTP Request: POST https://api.telegram.org/bot8657142758:AAGUQRm-T_ITFafMBJHzhBNQ2ZhjhuXQ4oE/getMe "HTTP/1.1 200 OK"
2026-06-16 00:03:49,703 - httpx - INFO - HTTP Request: POST https://api.telegram.org/bot8657142758:AAGUQRm-T_ITFafMBJHzhBNQ2ZhjhuXQ4oE/deleteWebhook "HTTP/1.1 200 OK"
2026-06-16 00:03:49,705 - telegram.ext.Application - INFO - Application started
2026-06-16 00:03:50,228 - httpx - INFO - HTTP Request: POST https://api.telegram.org/bot8657142758:AAGUQRm-T_ITFafMBJHzhBNQ2ZhjhuXQ4oE/getUpdates "HTTP/1.1 409 Conflict"
2026-06-16 00:03:50,229 - telegram.ext.Application - ERROR - No error handlers are registered, logging exception.
Traceback (most recent call last):
  File "/home/sirojiddin/code/Munacollection/venv/lib/python3.13/site-packages/telegram/ext/_utils/networkloop.py", line 161, in network_retry_loop
    await do_action()
  File "/home/sirojiddin/code/Munacollection/venv/lib/python3.13/site-packages/telegram/ext/_utils/networkloop.py", line 154, in do_action
    action_cb_task.result()
    ~~~~~~~~~~~~~~~~~~~~~^^
  File "/home/sirojiddin/code/Munacollection/venv/lib/python3.13/site-packages/telegram/ext/_updater.py", line 340, in polling_action_cb
    updates = await self.bot.get_updates(
              ^^^^^^^^^^^^^^^^^^^^^^^^^^^
    ...<3 lines>...
    )
    ^
  File "/home/sirojiddin/code/Munacollection/venv/lib/python3.13/site-packages/telegram/ext/_extbot.py", line 680, in get_updates
    updates = await super().get_updates(
              ^^^^^^^^^^^^^^^^^^^^^^^^^^
    ...<9 lines>...
    )
    ^
  File "/home/sirojiddin/code/Munacollection/venv/lib/python3.13/site-packages/telegram/_bot.py", line 4767, in get_updates
    await self._post(
    ^^^^^^^^^^^^^^^^^
    ...<7 lines>...
    ),
    ^
  File "/home/sirojiddin/code/Munacollection/venv/lib/python3.13/site-packages/telegram/_bot.py", line 712, in _post
    return await self._do_post(
           ^^^^^^^^^^^^^^^^^^^^
    ...<6 lines>...
    )
    ^
  File "/home/sirojiddin/code/Munacollection/venv/lib/python3.13/site-packages/telegram/ext/_extbot.py", line 378, in _do_post
    return await super()._do_post(
           ^^^^^^^^^^^^^^^^^^^^^^^
    ...<6 lines>...
    )
    ^
  File "/home/sirojiddin/code/Munacollection/venv/lib/python3.13/site-packages/telegram/_bot.py", line 741, in _do_post
    result = await request.post(
             ^^^^^^^^^^^^^^^^^^^
    ...<6 lines>...
    )
    ^
  File "/home/sirojiddin/code/Munacollection/venv/lib/python3.13/site-packages/telegram/request/_baserequest.py", line 198, in post
    result = await self._request_wrapper(
             ^^^^^^^^^^^^^^^^^^^^^^^^^^^^
    ...<7 lines>...
    )
    ^
  File "/home/sirojiddin/code/Munacollection/venv/lib/python3.13/site-packages/telegram/request/_baserequest.py", line 375, in _request_wrapper
    raise exception
telegram.error.Conflict: Conflict: terminated by other getUpdates request; make sure that only one bot instance is running
2026-06-16 00:03:54,425 - httpx - INFO - HTTP Request: POST https://api.telegram.org/bot8657142758:AAGUQRm-T_ITFafMBJHzhBNQ2ZhjhuXQ4oE/getUpdates "HTTP/1.1 409 Conflict"
2026-06-16 00:03:54,426 - telegram.ext.Application - ERROR - No error handlers are registered, logging exception.
Traceback (most recent call last):
  File "/home/sirojiddin/code/Munacollection/venv/lib/python3.13/site-packages/telegram/ext/_utils/networkloop.py", line 161, in network_retry_loop
    await do_action()
  File "/home/sirojiddin/code/Munacollection/venv/lib/python3.13/site-packages/telegram/ext/_utils/networkloop.py", line 154, in do_action
    action_cb_task.result()
    ~~~~~~~~~~~~~~~~~~~~~^^
  File "/home/sirojiddin/code/Munacollection/venv/lib/python3.13/site-packages/telegram/ext/_updater.py", line 340, in polling_action_cb
    updates = await self.bot.get_updates(
              ^^^^^^^^^^^^^^^^^^^^^^^^^^^
    ...<3 lines>...
    )
    ^
  File "/home/sirojiddin/code/Munacollection/venv/lib/python3.13/site-packages/telegram/ext/_extbot.py", line 680, in get_updates
    updates = await super().get_updates(
              ^^^^^^^^^^^^^^^^^^^^^^^^^^
    ...<9 lines>...
    )
    ^
  File "/home/sirojiddin/code/Munacollection/venv/lib/python3.13/site-packages/telegram/_bot.py", line 4767, in get_updates
    await self._post(
    ^^^^^^^^^^^^^^^^^
    ...<7 lines>...
    ),
    ^
  File "/home/sirojiddin/code/Munacollection/venv/lib/python3.13/site-packages/telegram/_bot.py", line 712, in _post
    return await self._do_post(
           ^^^^^^^^^^^^^^^^^^^^
    ...<6 lines>...
    )
    ^
  File "/home/sirojiddin/code/Munacollection/venv/lib/python3.13/site-packages/telegram/ext/_extbot.py", line 378, in _do_post
    return await super()._do_post(
           ^^^^^^^^^^^^^^^^^^^^^^^
    ...<6 lines>...
    )
    ^
  File "/home/sirojiddin/code/Munacollection/venv/lib/python3.13/site-packages/telegram/_bot.py", line 741, in _do_post
    result = await request.post(
             ^^^^^^^^^^^^^^^^^^^
    ...<6 lines>...
    )
    ^
  File "/home/sirojiddin/code/Munacollection/venv/lib/python3.13/site-packages/telegram/request/_baserequest.py", line 198, in post
    result = await self._request_wrapper(
             ^^^^^^^^^^^^^^^^^^^^^^^^^^^^
    ...<7 lines>...
    )
    ^
  File "/home/sirojiddin/code/Munacollection/venv/lib/python3.13/site-packages/telegram/request/_baserequest.py", line 375, in _request_wrapper
    raise exception
telegram.error.Conflict: Conflict: terminated by other getUpdates request; make sure that only one bot instance is running
2026-06-16 00:03:55,617 - httpx - INFO - HTTP Request: POST https://api.telegram.org/bot8657142758:AAGUQRm-T_ITFafMBJHzhBNQ2ZhjhuXQ4oE/getUpdates "HTTP/1.1 409 Conflict"
2026-06-16 00:03:55,619 - telegram.ext.Application - ERROR - No error handlers are registered, logging exception.
Traceback (most recent call last):
  File "/home/sirojiddin/code/Munacollection/venv/lib/python3.13/site-packages/telegram/ext/_utils/networkloop.py", line 161, in network_retry_loop
    await do_action()
  File "/home/sirojiddin/code/Munacollection/venv/lib/python3.13/site-packages/telegram/ext/_utils/networkloop.py", line 154, in do_action
    action_cb_task.result()
    ~~~~~~~~~~~~~~~~~~~~~^^
  File "/home/sirojiddin/code/Munacollection/venv/lib/python3.13/site-packages/telegram/ext/_updater.py", line 340, in polling_action_cb
    updates = await self.bot.get_updates(
              ^^^^^^^^^^^^^^^^^^^^^^^^^^^
    ...<3 lines>...
    )
    ^
  File "/home/sirojiddin/code/Munacollection/venv/lib/python3.13/site-packages/telegram/ext/_extbot.py", line 680, in get_updates
    updates = await super().get_updates(
              ^^^^^^^^^^^^^^^^^^^^^^^^^^
    ...<9 lines>...
    )
    ^
  File "/home/sirojiddin/code/Munacollection/venv/lib/python3.13/site-packages/telegram/_bot.py", line 4767, in get_updates
    await self._post(
    ^^^^^^^^^^^^^^^^^
    ...<7 lines>...
    ),
    ^
  File "/home/sirojiddin/code/Munacollection/venv/lib/python3.13/site-packages/telegram/_bot.py", line 712, in _post
    return await self._do_post(
           ^^^^^^^^^^^^^^^^^^^^
    ...<6 lines>...
    )
    ^
  File "/home/sirojiddin/code/Munacollection/venv/lib/python3.13/site-packages/telegram/ext/_extbot.py", line 378, in _do_post
    return await super()._do_post(
           ^^^^^^^^^^^^^^^^^^^^^^^
    ...<6 lines>...
    )
    ^
  File "/home/sirojiddin/code/Munacollection/venv/lib/python3.13/site-packages/telegram/_bot.py", line 741, in _do_post
    result = await request.post(
             ^^^^^^^^^^^^^^^^^^^
    ...<6 lines>...
    )
    ^
  File "/home/sirojiddin/code/Munacollection/venv/lib/python3.13/site-packages/telegram/request/_baserequest.py", line 198, in post
    result = await self._request_wrapper(
             ^^^^^^^^^^^^^^^^^^^^^^^^^^^^
    ...<7 lines>...
    )
    ^
  File "/home/sirojiddin/code/Munacollection/venv/lib/python3.13/site-packages/telegram/request/_baserequest.py", line 375, in _request_wrapper
    raise exception
telegram.error.Conflict: Conflict: terminated by other getUpdates request; make sure that only one bot instance is running
2026-06-16 00:04:07,295 - httpx - INFO - HTTP Request: POST https://api.telegram.org/bot8657142758:AAGUQRm-T_ITFafMBJHzhBNQ2ZhjhuXQ4oE/getUpdates "HTTP/1.1 200 OK"
2026-06-16 00:04:17,477 - httpx - INFO - HTTP Request: POST https://api.telegram.org/bot8657142758:AAGUQRm-T_ITFafMBJHzhBNQ2ZhjhuXQ4oE/getUpdates "HTTP/1.1 200 OK"
2026-06-16 00:04:27,652 - httpx - INFO - HTTP Request: POST https://api.telegram.org/bot8657142758:AAGUQRm-T_ITFafMBJHzhBNQ2ZhjhuXQ4oE/getUpdates "HTTP/1.1 200 OK"
2026-06-16 00:04:37,830 - httpx - INFO - HTTP Request: POST https://api.telegram.org/bot8657142758:AAGUQRm-T_ITFafMBJHzhBNQ2ZhjhuXQ4oE/getUpdates "HTTP/1.1 200 OK"
2026-06-16 00:04:48,019 - httpx - INFO - HTTP Request: POST https://api.telegram.org/bot8657142758:AAGUQRm-T_ITFafMBJHzhBNQ2ZhjhuXQ4oE/getUpdates "HTTP/1.1 200 OK"
2026-06-16 00:04:58,203 - httpx - INFO - HTTP Request: POST https://api.telegram.org/bot8657142758:AAGUQRm-T_ITFafMBJHzhBNQ2ZhjhuXQ4oE/getUpdates "HTTP/1.1 200 OK"
2026-06-16 00:05:08,379 - httpx - INFO - HTTP Request: POST https://api.telegram.org/bot8657142758:AAGUQRm-T_ITFafMBJHzhBNQ2ZhjhuXQ4oE/getUpdates "HTTP/1.1 200 OK"
2026-06-16 00:05:18,559 - httpx - INFO - HTTP Request: POST https://api.telegram.org/bot8657142758:AAGUQRm-T_ITFafMBJHzhBNQ2ZhjhuXQ4oE/getUpdates "HTTP/1.1 200 OK"
2026-06-16 00:05:28,782 - httpx - INFO - HTTP Request: POST https://api.telegram.org/bot8657142758:AAGUQRm-T_ITFafMBJHzhBNQ2ZhjhuXQ4oE/getUpdates "HTTP/1.1 200 OK"
2026-06-16 00:05:38,990 - httpx - INFO - HTTP Request: POST https://api.telegram.org/bot8657142758:AAGUQRm-T_ITFafMBJHzhBNQ2ZhjhuXQ4oE/getUpdates "HTTP/1.1 200 OK"
2026-06-16 00:05:49,174 - httpx - INFO - HTTP Request: POST https://api.telegram.org/bot8657142758:AAGUQRm-T_ITFafMBJHzhBNQ2ZhjhuXQ4oE/getUpdates "HTTP/1.1 200 OK"
2026-06-16 00:05:54,906 - httpx - INFO - HTTP Request: POST https://api.telegram.org/bot8657142758:AAGUQRm-T_ITFafMBJHzhBNQ2ZhjhuXQ4oE/getUpdates "HTTP/1.1 200 OK"
2026-06-16 00:05:54,907 - telegram.ext.Application - INFO - Application is stopping. This might take a moment.
2026-06-16 00:05:54,908 - telegram.ext.Application - INFO - Application.stop() complete
2026-06-16 00:05:59,012 - httpx - INFO - HTTP Request: POST https://api.telegram.org/bot8657142758:AAGUQRm-T_ITFafMBJHzhBNQ2ZhjhuXQ4oE/getMe "HTTP/1.1 200 OK"
2026-06-16 00:05:59,195 - httpx - INFO - HTTP Request: POST https://api.telegram.org/bot8657142758:AAGUQRm-T_ITFafMBJHzhBNQ2ZhjhuXQ4oE/deleteWebhook "HTTP/1.1 200 OK"
2026-06-16 00:05:59,197 - telegram.ext.Application - INFO - Application started
2026-06-16 00:06:09,728 - httpx - INFO - HTTP Request: POST https://api.telegram.org/bot8657142758:AAGUQRm-T_ITFafMBJHzhBNQ2ZhjhuXQ4oE/getUpdates "HTTP/1.1 200 OK"
2026-06-16 00:06:19,912 - httpx - INFO - HTTP Request: POST https://api.telegram.org/bot8657142758:AAGUQRm-T_ITFafMBJHzhBNQ2ZhjhuXQ4oE/getUpdates "HTTP/1.1 200 OK"
2026-06-16 00:06:30,119 - httpx - INFO - HTTP Request: POST https://api.telegram.org/bot8657142758:AAGUQRm-T_ITFafMBJHzhBNQ2ZhjhuXQ4oE/getUpdates "HTTP/1.1 200 OK"
2026-06-16 00:06:34,922 - httpx - INFO - HTTP Request: POST https://api.telegram.org/bot8657142758:AAGUQRm-T_ITFafMBJHzhBNQ2ZhjhuXQ4oE/getUpdates "HTTP/1.1 200 OK"
2026-06-16 00:06:34,924 - __main__ - INFO - RAW UPDATE: {'message': {'channel_chat_created': False, 'delete_chat_photo': False, 'entities': [{'length': 6, 'offset': 0, 'type': <MessageEntityType.BOT_COMMAND>}], 'group_chat_created': False, 'supergroup_chat_created': False, 'text': '/start', 'chat': {'first_name': 'Sirojiddin', 'id': 8270492933, 'type': <ChatType.PRIVATE>, 'username': 'Sirojiddin_Ibn_Baxtiyor'}, 'date': 1781550394, 'message_id': 178, 'from': {'first_name': 'Sirojiddin', 'id': 8270492933, 'is_bot': False, 'language_code': 'en', 'username': 'Sirojiddin_Ibn_Baxtiyor'}}, 'update_id': 63032959}
2026-06-16 00:06:35,408 - httpx - INFO - HTTP Request: POST https://api.telegram.org/bot8657142758:AAGUQRm-T_ITFafMBJHzhBNQ2ZhjhuXQ4oE/sendMessage "HTTP/1.1 200 OK"
2026-06-16 00:06:39,383 - httpx - INFO - HTTP Request: POST https://api.telegram.org/bot8657142758:AAGUQRm-T_ITFafMBJHzhBNQ2ZhjhuXQ4oE/getUpdates "HTTP/1.1 200 OK"
2026-06-16 00:06:39,386 - __main__ - INFO - RAW UPDATE: {'message': {'channel_chat_created': False, 'delete_chat_photo': False, 'group_chat_created': False, 'supergroup_chat_created': False, 'text': 'Elon Joylashtirish ➕', 'chat': {'first_name': 'Sirojiddin', 'id': 8270492933, 'type': <ChatType.PRIVATE>, 'username': 'Sirojiddin_Ibn_Baxtiyor'}, 'date': 1781550399, 'message_id': 180, 'from': {'first_name': 'Sirojiddin', 'id': 8270492933, 'is_bot': False, 'language_code': 'en', 'username': 'Sirojiddin_Ibn_Baxtiyor'}}, 'update_id': 63032960}
2026-06-16 00:06:39,386 - __main__ - INFO - Message received from user_id=8270492933: state=None, text=Elon Joylashtirish ➕
2026-06-16 00:06:39,578 - httpx - INFO - HTTP Request: POST https://api.telegram.org/bot8657142758:AAGUQRm-T_ITFafMBJHzhBNQ2ZhjhuXQ4oE/sendMessage "HTTP/1.1 200 OK"
2026-06-16 00:06:49,575 - httpx - INFO - HTTP Request: POST https://api.telegram.org/bot8657142758:AAGUQRm-T_ITFafMBJHzhBNQ2ZhjhuXQ4oE/getUpdates "HTTP/1.1 200 OK"
2026-06-16 00:06:59,756 - httpx - INFO - HTTP Request: POST https://api.telegram.org/bot8657142758:AAGUQRm-T_ITFafMBJHzhBNQ2ZhjhuXQ4oE/getUpdates "HTTP/1.1 200 OK"
2026-06-16 00:07:01,060 - httpx - INFO - HTTP Request: POST https://api.telegram.org/bot8657142758:AAGUQRm-T_ITFafMBJHzhBNQ2ZhjhuXQ4oE/getUpdates "HTTP/1.1 200 OK"
2026-06-16 00:07:01,063 - __main__ - INFO - RAW UPDATE: {'message': {'channel_chat_created': False, 'delete_chat_photo': False, 'group_chat_created': False, 'media_group_id': '14252403367419730', 'photo': [{'height': 90, 'width': 90, 'file_id': 'AgACAgIAAxkBAAN_ajBHaR0cmTwhAQa0p8PaJzRcRBAAAi8iaxsTboFJIn5IXmxpwwABAQADAgADcwADPAQ', 'file_size': 1348, 'file_unique_id': 'AQADLyJrGxNugUl4'}, {'height': 320, 'width': 320, 'file_id': 'AgACAgIAAxkBAAN_ajBHaR0cmTwhAQa0p8PaJzRcRBAAAi8iaxsTboFJIn5IXmxpwwABAQADAgADbQADPAQ', 'file_size': 13122, 'file_unique_id': 'AQADLyJrGxNugUly'}, {'height': 800, 'width': 800, 'file_id': 'AgACAgIAAxkBAAN_ajBHaR0cmTwhAQa0p8PaJzRcRBAAAi8iaxsTboFJIn5IXmxpwwABAQADAgADeAADPAQ', 'file_size': 51800, 'file_unique_id': 'AQADLyJrGxNugUl9'}, {'height': 1280, 'width': 1280, 'file_id': 'AgACAgIAAxkBAAN_ajBHaR0cmTwhAQa0p8PaJzRcRBAAAi8iaxsTboFJIn5IXmxpwwABAQADAgADeQADPAQ', 'file_size': 96924, 'file_unique_id': 'AQADLyJrGxNugUl-'}], 'supergroup_chat_created': False, 'chat': {'first_name': 'Sirojiddin', 'id': 8270492933, 'type': <ChatType.PRIVATE>, 'username': 'Sirojiddin_Ibn_Baxtiyor'}, 'date': 1781550420, 'message_id': 182, 'from': {'first_name': 'Sirojiddin', 'id': 8270492933, 'is_bot': False, 'language_code': 'en', 'username': 'Sirojiddin_Ibn_Baxtiyor'}}, 'update_id': 63032961}
2026-06-16 00:07:01,063 - __main__ - INFO - Message received from user_id=8270492933: state=AD_PHOTO, text=None
2026-06-16 00:07:03,702 - httpx - INFO - HTTP Request: POST https://api.telegram.org/bot8657142758:AAGUQRm-T_ITFafMBJHzhBNQ2ZhjhuXQ4oE/sendMessage "HTTP/1.1 200 OK"
2026-06-16 00:07:03,705 - __main__ - INFO - RAW UPDATE: {'message': {'channel_chat_created': False, 'delete_chat_photo': False, 'group_chat_created': False, 'media_group_id': '14252403367419730', 'photo': [{'height': 90, 'width': 90, 'file_id': 'AgACAgIAAxkBAAOAajBHaf4Q3uLW5Nkqr4iecO1_JOgAAjAiaxsTboFJ5yigSw3UN14BAAMCAANzAAM8BA', 'file_size': 1093, 'file_unique_id': 'AQADMCJrGxNugUl4'}, {'height': 320, 'width': 320, 'file_id': 'AgACAgIAAxkBAAOAajBHaf4Q3uLW5Nkqr4iecO1_JOgAAjAiaxsTboFJ5yigSw3UN14BAAMCAANtAAM8BA', 'file_size': 18080, 'file_unique_id': 'AQADMCJrGxNugUly'}, {'height': 800, 'width': 800, 'file_id': 'AgACAgIAAxkBAAOAajBHaf4Q3uLW5Nkqr4iecO1_JOgAAjAiaxsTboFJ5yigSw3UN14BAAMCAAN4AAM8BA', 'file_size': 74131, 'file_unique_id': 'AQADMCJrGxNugUl9'}, {'height': 1280, 'width': 1280, 'file_id': 'AgACAgIAAxkBAAOAajBHaf4Q3uLW5Nkqr4iecO1_JOgAAjAiaxsTboFJ5yigSw3UN14BAAMCAAN5AAM8BA', 'file_size': 121933, 'file_unique_id': 'AQADMCJrGxNugUl-'}], 'supergroup_chat_created': False, 'chat': {'first_name': 'Sirojiddin', 'id': 8270492933, 'type': <ChatType.PRIVATE>, 'username': 'Sirojiddin_Ibn_Baxtiyor'}, 'date': 1781550420, 'message_id': 183, 'from': {'first_name': 'Sirojiddin', 'id': 8270492933, 'is_bot': False, 'language_code': 'en', 'username': 'Sirojiddin_Ibn_Baxtiyor'}}, 'update_id': 63032962}
2026-06-16 00:07:03,705 - __main__ - INFO - Message received from user_id=8270492933: state=AD_LOCATION, text=None
2026-06-16 00:07:03,893 - httpx - INFO - HTTP Request: POST https://api.telegram.org/bot8657142758:AAGUQRm-T_ITFafMBJHzhBNQ2ZhjhuXQ4oE/sendMessage "HTTP/1.1 200 OK"
2026-06-16 00:07:03,895 - __main__ - INFO - RAW UPDATE: {'message': {'channel_chat_created': False, 'delete_chat_photo': False, 'group_chat_created': False, 'media_group_id': '14252403367419730', 'photo': [{'height': 90, 'width': 58, 'file_id': 'AgACAgIAAxkBAAOcajBLX32EqM6PgnZ4bHbPMNixfCQAAjkiaxsTboFJ3s_NVObRU14BAAMCAANzAAM8BA', 'file_size': 1151, 'file_unique_id': 'AQADOSJrGxNugUl4'}, {'height': 320, 'width': 208, 'file_id': 'AgACAgIAAxkBAAOcajBLX32EqM6PgnZ4bHbPMNixfCQAAjkiaxsTboFJ3s_NVObRU14BAAMCAANtAAM8BA', 'file_size': 10058, 'file_unique_id': 'AQADOSJrGxNugUly'}, {'height': 800, 'width': 519, 'file_id': 'AgACAgIAAxkBAAOcajBLX32EqM6PgnZ4bHbPMNixfCQAAjkiaxsTboFJ3s_NVObRU14BAAMCAAN4AAM8BA', 'file_size': 30510, 'file_unique_id': 'AQADOSJrGxNugUl9'}, {'height': 1280, 'width': 831, 'file_id': 'AgACAgIAAxkBAAOcajBLX32EqM6PgnZ4bHbPMNixfCQAAjkiaxsTboFJ3s_NVObRU14BAAMCAAN5AAM8BA', 'file_size': 47781, 'file_unique_id': 'AQADOSJrGxNugUl-'}], 'supergroup_chat_created': False, 'chat': {'first_name': 'Sirojiddin', 'id': 8270492933, 'type': <ChatType.PRIVATE>, 'username': 'Sirojiddin_Ibn_Baxtiyor'}, 'date': 1781550420, 'message_id': 184, 'from': {'first_name': 'Sirojiddin', 'id': 8270492933, 'is_bot': False, 'language_code': 'en', 'username': 'Sirojiddin_Ibn_Baxtiyor'}}, 'update_id': 63032963}
2026-06-16 00:07:03,895 - __main__ - INFO - Message received from user_id=8270492933: state=AD_LOCATION, text=None
2026-06-16 00:07:04,135 - httpx - INFO - HTTP Request: POST https://api.telegram.org/bot8657142758:AAGUQRm-T_ITFafMBJHzhBNQ2ZhjhuXQ4oE/sendMessage "HTTP/1.1 200 OK"
2026-06-16 00:07:11,248 - httpx - INFO - HTTP Request: POST https://api.telegram.org/bot8657142758:AAGUQRm-T_ITFafMBJHzhBNQ2ZhjhuXQ4oE/getUpdates "HTTP/1.1 200 OK"
2026-06-16 00:07:21,710 - httpx - INFO - HTTP Request: POST https://api.telegram.org/bot8657142758:AAGUQRm-T_ITFafMBJHzhBNQ2ZhjhuXQ4oE/getUpdates "HTTP/1.1 200 OK"
2026-06-16 00:07:21,712 - telegram.ext.Application - INFO - Application is stopping. This might take a moment.
2026-06-16 00:07:21,712 - telegram.ext.Application - INFO - Application.stop() complete
2026-06-16 00:10:37,618 - httpx - INFO - HTTP Request: POST https://api.telegram.org/bot8657142758:AAGUQRm-T_ITFafMBJHzhBNQ2ZhjhuXQ4oE/getMe "HTTP/1.1 200 OK"
2026-06-16 00:10:37,797 - httpx - INFO - HTTP Request: POST https://api.telegram.org/bot8657142758:AAGUQRm-T_ITFafMBJHzhBNQ2ZhjhuXQ4oE/deleteWebhook "HTTP/1.1 200 OK"
2026-06-16 00:10:37,801 - telegram.ext.Application - INFO - Application started
2026-06-16 00:10:44,083 - httpx - INFO - HTTP Request: POST https://api.telegram.org/bot8657142758:AAGUQRm-T_ITFafMBJHzhBNQ2ZhjhuXQ4oE/getUpdates "HTTP/1.1 200 OK"
2026-06-16 00:10:44,086 - __main__ - INFO - RAW UPDATE: {'message': {'channel_chat_created': False, 'delete_chat_photo': False, 'group_chat_created': False, 'supergroup_chat_created': False, 'text': 'Bekor qilish ❌', 'chat': {'first_name': 'Sirojiddin', 'id': 8270492933, 'type': <ChatType.PRIVATE>, 'username': 'Sirojiddin_Ibn_Baxtiyor'}, 'date': 1781550643, 'message_id': 188, 'from': {'first_name': 'Sirojiddin', 'id': 8270492933, 'is_bot': False, 'language_code': 'en', 'username': 'Sirojiddin_Ibn_Baxtiyor'}}, 'update_id': 63032964}
2026-06-16 00:10:44,087 - __main__ - INFO - Message received from user_id=8270492933: state=None, text=Bekor qilish ❌
2026-06-16 00:10:44,626 - httpx - INFO - HTTP Request: POST https://api.telegram.org/bot8657142758:AAGUQRm-T_ITFafMBJHzhBNQ2ZhjhuXQ4oE/sendMessage "HTTP/1.1 200 OK"
2026-06-16 00:10:46,667 - httpx - INFO - HTTP Request: POST https://api.telegram.org/bot8657142758:AAGUQRm-T_ITFafMBJHzhBNQ2ZhjhuXQ4oE/getUpdates "HTTP/1.1 200 OK"
2026-06-16 00:10:46,670 - __main__ - INFO - RAW UPDATE: {'message': {'channel_chat_created': False, 'delete_chat_photo': False, 'group_chat_created': False, 'supergroup_chat_created': False, 'text': 'Elon Joylashtirish ➕', 'chat': {'first_name': 'Sirojiddin', 'id': 8270492933, 'type': <ChatType.PRIVATE>, 'username': 'Sirojiddin_Ibn_Baxtiyor'}, 'date': 1781550646, 'message_id': 190, 'from': {'first_name': 'Sirojiddin', 'id': 8270492933, 'is_bot': False, 'language_code': 'en', 'username': 'Sirojiddin_Ibn_Baxtiyor'}}, 'update_id': 63032965}
2026-06-16 00:10:46,670 - __main__ - INFO - Message received from user_id=8270492933: state=None, text=Elon Joylashtirish ➕
2026-06-16 00:10:46,862 - httpx - INFO - HTTP Request: POST https://api.telegram.org/bot8657142758:AAGUQRm-T_ITFafMBJHzhBNQ2ZhjhuXQ4oE/sendMessage "HTTP/1.1 200 OK"
2026-06-16 00:10:56,849 - httpx - INFO - HTTP Request: POST https://api.telegram.org/bot8657142758:AAGUQRm-T_ITFafMBJHzhBNQ2ZhjhuXQ4oE/getUpdates "HTTP/1.1 200 OK"
2026-06-16 00:11:01,177 - httpx - INFO - HTTP Request: POST https://api.telegram.org/bot8657142758:AAGUQRm-T_ITFafMBJHzhBNQ2ZhjhuXQ4oE/getUpdates "HTTP/1.1 200 OK"
2026-06-16 00:11:01,180 - __main__ - INFO - RAW UPDATE: {'message': {'channel_chat_created': False, 'delete_chat_photo': False, 'group_chat_created': False, 'media_group_id': '14252405288446322', 'photo': [{'height': 90, 'width': 90, 'file_id': 'AgACAgIAAxkBAAN_ajBHaR0cmTwhAQa0p8PaJzRcRBAAAi8iaxsTboFJIn5IXmxpwwABAQADAgADcwADPAQ', 'file_size': 1348, 'file_unique_id': 'AQADLyJrGxNugUl4'}, {'height': 320, 'width': 320, 'file_id': 'AgACAgIAAxkBAAN_ajBHaR0cmTwhAQa0p8PaJzRcRBAAAi8iaxsTboFJIn5IXmxpwwABAQADAgADbQADPAQ', 'file_size': 13122, 'file_unique_id': 'AQADLyJrGxNugUly'}, {'height': 800, 'width': 800, 'file_id': 'AgACAgIAAxkBAAN_ajBHaR0cmTwhAQa0p8PaJzRcRBAAAi8iaxsTboFJIn5IXmxpwwABAQADAgADeAADPAQ', 'file_size': 51800, 'file_unique_id': 'AQADLyJrGxNugUl9'}, {'height': 1280, 'width': 1280, 'file_id': 'AgACAgIAAxkBAAN_ajBHaR0cmTwhAQa0p8PaJzRcRBAAAi8iaxsTboFJIn5IXmxpwwABAQADAgADeQADPAQ', 'file_size': 96924, 'file_unique_id': 'AQADLyJrGxNugUl-'}], 'supergroup_chat_created': False, 'chat': {'first_name': 'Sirojiddin', 'id': 8270492933, 'type': <ChatType.PRIVATE>, 'username': 'Sirojiddin_Ibn_Baxtiyor'}, 'date': 1781550661, 'message_id': 192, 'from': {'first_name': 'Sirojiddin', 'id': 8270492933, 'is_bot': False, 'language_code': 'en', 'username': 'Sirojiddin_Ibn_Baxtiyor'}}, 'update_id': 63032966}
2026-06-16 00:11:01,180 - __main__ - INFO - Message received from user_id=8270492933: state=AD_PHOTO, text=None
2026-06-16 00:11:05,084 - httpx - INFO - HTTP Request: POST https://api.telegram.org/bot8657142758:AAGUQRm-T_ITFafMBJHzhBNQ2ZhjhuXQ4oE/sendMessage "HTTP/1.1 200 OK"
2026-06-16 00:11:05,086 - __main__ - INFO - RAW UPDATE: {'message': {'channel_chat_created': False, 'delete_chat_photo': False, 'group_chat_created': False, 'media_group_id': '14252405288446322', 'photo': [{'height': 90, 'width': 90, 'file_id': 'AgACAgIAAxkBAAOAajBHaf4Q3uLW5Nkqr4iecO1_JOgAAjAiaxsTboFJ5yigSw3UN14BAAMCAANzAAM8BA', 'file_size': 1093, 'file_unique_id': 'AQADMCJrGxNugUl4'}, {'height': 320, 'width': 320, 'file_id': 'AgACAgIAAxkBAAOAajBHaf4Q3uLW5Nkqr4iecO1_JOgAAjAiaxsTboFJ5yigSw3UN14BAAMCAANtAAM8BA', 'file_size': 18080, 'file_unique_id': 'AQADMCJrGxNugUly'}, {'height': 800, 'width': 800, 'file_id': 'AgACAgIAAxkBAAOAajBHaf4Q3uLW5Nkqr4iecO1_JOgAAjAiaxsTboFJ5yigSw3UN14BAAMCAAN4AAM8BA', 'file_size': 74131, 'file_unique_id': 'AQADMCJrGxNugUl9'}, {'height': 1280, 'width': 1280, 'file_id': 'AgACAgIAAxkBAAOAajBHaf4Q3uLW5Nkqr4iecO1_JOgAAjAiaxsTboFJ5yigSw3UN14BAAMCAAN5AAM8BA', 'file_size': 121933, 'file_unique_id': 'AQADMCJrGxNugUl-'}], 'supergroup_chat_created': False, 'chat': {'first_name': 'Sirojiddin', 'id': 8270492933, 'type': <ChatType.PRIVATE>, 'username': 'Sirojiddin_Ibn_Baxtiyor'}, 'date': 1781550661, 'message_id': 193, 'from': {'first_name': 'Sirojiddin', 'id': 8270492933, 'is_bot': False, 'language_code': 'en', 'username': 'Sirojiddin_Ibn_Baxtiyor'}}, 'update_id': 63032967}
2026-06-16 00:11:05,087 - __main__ - INFO - Message received from user_id=8270492933: state=AD_LOCATION, text=None
2026-06-16 00:11:05,307 - httpx - INFO - HTTP Request: POST https://api.telegram.org/bot8657142758:AAGUQRm-T_ITFafMBJHzhBNQ2ZhjhuXQ4oE/sendMessage "HTTP/1.1 200 OK"
2026-06-16 00:11:05,310 - __main__ - INFO - RAW UPDATE: {'message': {'channel_chat_created': False, 'delete_chat_photo': False, 'group_chat_created': False, 'media_group_id': '14252405288446322', 'photo': [{'height': 90, 'width': 58, 'file_id': 'AgACAgIAAxkBAAOcajBLX32EqM6PgnZ4bHbPMNixfCQAAjkiaxsTboFJ3s_NVObRU14BAAMCAANzAAM8BA', 'file_size': 1151, 'file_unique_id': 'AQADOSJrGxNugUl4'}, {'height': 320, 'width': 208, 'file_id': 'AgACAgIAAxkBAAOcajBLX32EqM6PgnZ4bHbPMNixfCQAAjkiaxsTboFJ3s_NVObRU14BAAMCAANtAAM8BA', 'file_size': 10058, 'file_unique_id': 'AQADOSJrGxNugUly'}, {'height': 800, 'width': 519, 'file_id': 'AgACAgIAAxkBAAOcajBLX32EqM6PgnZ4bHbPMNixfCQAAjkiaxsTboFJ3s_NVObRU14BAAMCAAN4AAM8BA', 'file_size': 30510, 'file_unique_id': 'AQADOSJrGxNugUl9'}, {'height': 1280, 'width': 831, 'file_id': 'AgACAgIAAxkBAAOcajBLX32EqM6PgnZ4bHbPMNixfCQAAjkiaxsTboFJ3s_NVObRU14BAAMCAAN5AAM8BA', 'file_size': 47781, 'file_unique_id': 'AQADOSJrGxNugUl-'}], 'supergroup_chat_created': False, 'chat': {'first_name': 'Sirojiddin', 'id': 8270492933, 'type': <ChatType.PRIVATE>, 'username': 'Sirojiddin_Ibn_Baxtiyor'}, 'date': 1781550661, 'message_id': 194, 'from': {'first_name': 'Sirojiddin', 'id': 8270492933, 'is_bot': False, 'language_code': 'en', 'username': 'Sirojiddin_Ibn_Baxtiyor'}}, 'update_id': 63032968}
2026-06-16 00:11:05,310 - __main__ - INFO - Message received from user_id=8270492933: state=AD_LOCATION, text=None
2026-06-16 00:11:05,499 - httpx - INFO - HTTP Request: POST https://api.telegram.org/bot8657142758:AAGUQRm-T_ITFafMBJHzhBNQ2ZhjhuXQ4oE/sendMessage "HTTP/1.1 200 OK"
2026-06-16 00:11:11,370 - httpx - INFO - HTTP Request: POST https://api.telegram.org/bot8657142758:AAGUQRm-T_ITFafMBJHzhBNQ2ZhjhuXQ4oE/getUpdates "HTTP/1.1 200 OK"
2026-06-16 00:11:21,530 - httpx - INFO - HTTP Request: POST https://api.telegram.org/bot8657142758:AAGUQRm-T_ITFafMBJHzhBNQ2ZhjhuXQ4oE/getUpdates "HTTP/1.1 200 OK"
2026-06-16 00:11:31,712 - httpx - INFO - HTTP Request: POST https://api.telegram.org/bot8657142758:AAGUQRm-T_ITFafMBJHzhBNQ2ZhjhuXQ4oE/getUpdates "HTTP/1.1 200 OK"
2026-06-16 00:11:41,894 - httpx - INFO - HTTP Request: POST https://api.telegram.org/bot8657142758:AAGUQRm-T_ITFafMBJHzhBNQ2ZhjhuXQ4oE/getUpdates "HTTP/1.1 200 OK"
2026-06-16 00:11:52,068 - httpx - INFO - HTTP Request: POST https://api.telegram.org/bot8657142758:AAGUQRm-T_ITFafMBJHzhBNQ2ZhjhuXQ4oE/getUpdates "HTTP/1.1 200 OK"
2026-06-16 00:12:02,627 - httpx - INFO - HTTP Request: POST https://api.telegram.org/bot8657142758:AAGUQRm-T_ITFafMBJHzhBNQ2ZhjhuXQ4oE/getUpdates "HTTP/1.1 200 OK"
2026-06-16 00:12:12,816 - httpx - INFO - HTTP Request: POST https://api.telegram.org/bot8657142758:AAGUQRm-T_ITFafMBJHzhBNQ2ZhjhuXQ4oE/getUpdates "HTTP/1.1 200 OK"
2026-06-16 00:12:22,968 - httpx - INFO - HTTP Request: POST https://api.telegram.org/bot8657142758:AAGUQRm-T_ITFafMBJHzhBNQ2ZhjhuXQ4oE/getUpdates "HTTP/1.1 200 OK"
2026-06-16 00:12:33,147 - httpx - INFO - HTTP Request: POST https://api.telegram.org/bot8657142758:AAGUQRm-T_ITFafMBJHzhBNQ2ZhjhuXQ4oE/getUpdates "HTTP/1.1 200 OK"
2026-06-16 00:12:43,330 - httpx - INFO - HTTP Request: POST https://api.telegram.org/bot8657142758:AAGUQRm-T_ITFafMBJHzhBNQ2ZhjhuXQ4oE/getUpdates "HTTP/1.1 200 OK"
2026-06-16 00:12:53,506 - httpx - INFO - HTTP Request: POST https://api.telegram.org/bot8657142758:AAGUQRm-T_ITFafMBJHzhBNQ2ZhjhuXQ4oE/getUpdates "HTTP/1.1 200 OK"
2026-06-16 00:13:03,687 - httpx - INFO - HTTP Request: POST https://api.telegram.org/bot8657142758:AAGUQRm-T_ITFafMBJHzhBNQ2ZhjhuXQ4oE/getUpdates "HTTP/1.1 200 OK"
2026-06-16 00:13:13,881 - httpx - INFO - HTTP Request: POST https://api.telegram.org/bot8657142758:AAGUQRm-T_ITFafMBJHzhBNQ2ZhjhuXQ4oE/getUpdates "HTTP/1.1 200 OK"
2026-06-16 00:13:24,104 - httpx - INFO - HTTP Request: POST https://api.telegram.org/bot8657142758:AAGUQRm-T_ITFafMBJHzhBNQ2ZhjhuXQ4oE/getUpdates "HTTP/1.1 200 OK"
2026-06-16 00:13:34,300 - httpx - INFO - HTTP Request: POST https://api.telegram.org/bot8657142758:AAGUQRm-T_ITFafMBJHzhBNQ2ZhjhuXQ4oE/getUpdates "HTTP/1.1 200 OK"
2026-06-16 00:13:44,504 - httpx - INFO - HTTP Request: POST https://api.telegram.org/bot8657142758:AAGUQRm-T_ITFafMBJHzhBNQ2ZhjhuXQ4oE/getUpdates "HTTP/1.1 200 OK"
2026-06-16 00:13:50,425 - httpx - INFO - HTTP Request: POST https://api.telegram.org/bot8657142758:AAGUQRm-T_ITFafMBJHzhBNQ2ZhjhuXQ4oE/getUpdates "HTTP/1.1 200 OK"
2026-06-16 00:13:50,426 - telegram.ext.Application - INFO - Application is stopping. This might take a moment.
2026-06-16 00:13:50,427 - telegram.ext.Application - INFO - Application.stop() complete
2026-06-16 00:13:54,334 - httpx - INFO - HTTP Request: POST https://api.telegram.org/bot8657142758:AAGUQRm-T_ITFafMBJHzhBNQ2ZhjhuXQ4oE/getMe "HTTP/1.1 200 OK"
2026-06-16 00:13:54,506 - httpx - INFO - HTTP Request: POST https://api.telegram.org/bot8657142758:AAGUQRm-T_ITFafMBJHzhBNQ2ZhjhuXQ4oE/deleteWebhook "HTTP/1.1 200 OK"
2026-06-16 00:13:54,510 - telegram.ext.Application - INFO - Application started
2026-06-16 00:13:57,220 - httpx - INFO - HTTP Request: POST https://api.telegram.org/bot8657142758:AAGUQRm-T_ITFafMBJHzhBNQ2ZhjhuXQ4oE/getUpdates "HTTP/1.1 200 OK"
2026-06-16 00:13:57,223 - __main__ - INFO - RAW UPDATE: {'message': {'channel_chat_created': False, 'delete_chat_photo': False, 'group_chat_created': False, 'supergroup_chat_created': False, 'text': 'Bekor qilish ❌', 'chat': {'first_name': 'Sirojiddin', 'id': 8270492933, 'type': <ChatType.PRIVATE>, 'username': 'Sirojiddin_Ibn_Baxtiyor'}, 'date': 1781550837, 'message_id': 198, 'from': {'first_name': 'Sirojiddin', 'id': 8270492933, 'is_bot': False, 'language_code': 'en', 'username': 'Sirojiddin_Ibn_Baxtiyor'}}, 'update_id': 63032969}
2026-06-16 00:13:57,224 - __main__ - INFO - Message received from user_id=8270492933: state=None, text=Bekor qilish ❌
2026-06-16 00:13:57,442 - httpx - INFO - HTTP Request: POST https://api.telegram.org/bot8657142758:AAGUQRm-T_ITFafMBJHzhBNQ2ZhjhuXQ4oE/sendMessage "HTTP/1.1 200 OK"
2026-06-16 00:14:07,415 - httpx - INFO - HTTP Request: POST https://api.telegram.org/bot8657142758:AAGUQRm-T_ITFafMBJHzhBNQ2ZhjhuXQ4oE/getUpdates "HTTP/1.1 200 OK"
2026-06-16 00:14:17,596 - httpx - INFO - HTTP Request: POST https://api.telegram.org/bot8657142758:AAGUQRm-T_ITFafMBJHzhBNQ2ZhjhuXQ4oE/getUpdates "HTTP/1.1 200 OK"
2026-06-16 00:14:27,764 - httpx - INFO - HTTP Request: POST https://api.telegram.org/bot8657142758:AAGUQRm-T_ITFafMBJHzhBNQ2ZhjhuXQ4oE/getUpdates "HTTP/1.1 200 OK"
2026-06-16 00:14:37,955 - httpx - INFO - HTTP Request: POST https://api.telegram.org/bot8657142758:AAGUQRm-T_ITFafMBJHzhBNQ2ZhjhuXQ4oE/getUpdates "HTTP/1.1 200 OK"
2026-06-16 00:14:38,679 - httpx - INFO - HTTP Request: POST https://api.telegram.org/bot8657142758:AAGUQRm-T_ITFafMBJHzhBNQ2ZhjhuXQ4oE/getUpdates "HTTP/1.1 200 OK"
2026-06-16 00:14:38,681 - __main__ - INFO - RAW UPDATE: {'message': {'channel_chat_created': False, 'delete_chat_photo': False, 'group_chat_created': False, 'media_group_id': '14252407028644850', 'photo': [{'height': 90, 'width': 90, 'file_id': 'AgACAgIAAxkBAAN_ajBHaR0cmTwhAQa0p8PaJzRcRBAAAi8iaxsTboFJIn5IXmxpwwABAQADAgADcwADPAQ', 'file_size': 1348, 'file_unique_id': 'AQADLyJrGxNugUl4'}, {'height': 320, 'width': 320, 'file_id': 'AgACAgIAAxkBAAN_ajBHaR0cmTwhAQa0p8PaJzRcRBAAAi8iaxsTboFJIn5IXmxpwwABAQADAgADbQADPAQ', 'file_size': 13122, 'file_unique_id': 'AQADLyJrGxNugUly'}, {'height': 800, 'width': 800, 'file_id': 'AgACAgIAAxkBAAN_ajBHaR0cmTwhAQa0p8PaJzRcRBAAAi8iaxsTboFJIn5IXmxpwwABAQADAgADeAADPAQ', 'file_size': 51800, 'file_unique_id': 'AQADLyJrGxNugUl9'}, {'height': 1280, 'width': 1280, 'file_id': 'AgACAgIAAxkBAAN_ajBHaR0cmTwhAQa0p8PaJzRcRBAAAi8iaxsTboFJIn5IXmxpwwABAQADAgADeQADPAQ', 'file_size': 96924, 'file_unique_id': 'AQADLyJrGxNugUl-'}], 'supergroup_chat_created': False, 'chat': {'first_name': 'Sirojiddin', 'id': 8270492933, 'type': <ChatType.PRIVATE>, 'username': 'Sirojiddin_Ibn_Baxtiyor'}, 'date': 1781550878, 'message_id': 200, 'from': {'first_name': 'Sirojiddin', 'id': 8270492933, 'is_bot': False, 'language_code': 'en', 'username': 'Sirojiddin_Ibn_Baxtiyor'}}, 'update_id': 63032970}
2026-06-16 00:14:38,681 - __main__ - INFO - Message received from user_id=8270492933: state=None, text=None
2026-06-16 00:14:39,275 - httpx - INFO - HTTP Request: POST https://api.telegram.org/bot8657142758:AAGUQRm-T_ITFafMBJHzhBNQ2ZhjhuXQ4oE/sendMessage "HTTP/1.1 200 OK"
2026-06-16 00:14:39,277 - __main__ - INFO - RAW UPDATE: {'message': {'channel_chat_created': False, 'delete_chat_photo': False, 'group_chat_created': False, 'media_group_id': '14252407028644850', 'photo': [{'height': 90, 'width': 58, 'file_id': 'AgACAgIAAxkBAAOcajBLX32EqM6PgnZ4bHbPMNixfCQAAjkiaxsTboFJ3s_NVObRU14BAAMCAANzAAM8BA', 'file_size': 1151, 'file_unique_id': 'AQADOSJrGxNugUl4'}, {'height': 320, 'width': 208, 'file_id': 'AgACAgIAAxkBAAOcajBLX32EqM6PgnZ4bHbPMNixfCQAAjkiaxsTboFJ3s_NVObRU14BAAMCAANtAAM8BA', 'file_size': 10058, 'file_unique_id': 'AQADOSJrGxNugUly'}, {'height': 800, 'width': 519, 'file_id': 'AgACAgIAAxkBAAOcajBLX32EqM6PgnZ4bHbPMNixfCQAAjkiaxsTboFJ3s_NVObRU14BAAMCAAN4AAM8BA', 'file_size': 30510, 'file_unique_id': 'AQADOSJrGxNugUl9'}, {'height': 1280, 'width': 831, 'file_id': 'AgACAgIAAxkBAAOcajBLX32EqM6PgnZ4bHbPMNixfCQAAjkiaxsTboFJ3s_NVObRU14BAAMCAAN5AAM8BA', 'file_size': 47781, 'file_unique_id': 'AQADOSJrGxNugUl-'}], 'supergroup_chat_created': False, 'chat': {'first_name': 'Sirojiddin', 'id': 8270492933, 'type': <ChatType.PRIVATE>, 'username': 'Sirojiddin_Ibn_Baxtiyor'}, 'date': 1781550878, 'message_id': 201, 'from': {'first_name': 'Sirojiddin', 'id': 8270492933, 'is_bot': False, 'language_code': 'en', 'username': 'Sirojiddin_Ibn_Baxtiyor'}}, 'update_id': 63032971}
2026-06-16 00:14:39,277 - __main__ - INFO - Message received from user_id=8270492933: state=None, text=None
2026-06-16 00:14:39,483 - httpx - INFO - HTTP Request: POST https://api.telegram.org/bot8657142758:AAGUQRm-T_ITFafMBJHzhBNQ2ZhjhuXQ4oE/sendMessage "HTTP/1.1 200 OK"
2026-06-16 00:14:41,818 - httpx - INFO - HTTP Request: POST https://api.telegram.org/bot8657142758:AAGUQRm-T_ITFafMBJHzhBNQ2ZhjhuXQ4oE/getUpdates "HTTP/1.1 200 OK"
2026-06-16 00:14:41,822 - __main__ - INFO - RAW UPDATE: {'message': {'channel_chat_created': False, 'delete_chat_photo': False, 'group_chat_created': False, 'supergroup_chat_created': False, 'text': 'Elon Joylashtirish ➕', 'chat': {'first_name': 'Sirojiddin', 'id': 8270492933, 'type': <ChatType.PRIVATE>, 'username': 'Sirojiddin_Ibn_Baxtiyor'}, 'date': 1781550881, 'message_id': 204, 'from': {'first_name': 'Sirojiddin', 'id': 8270492933, 'is_bot': False, 'language_code': 'en', 'username': 'Sirojiddin_Ibn_Baxtiyor'}}, 'update_id': 63032972}
2026-06-16 00:14:41,822 - __main__ - INFO - Message received from user_id=8270492933: state=None, text=Elon Joylashtirish ➕
2026-06-16 00:14:42,032 - httpx - INFO - HTTP Request: POST https://api.telegram.org/bot8657142758:AAGUQRm-T_ITFafMBJHzhBNQ2ZhjhuXQ4oE/sendMessage "HTTP/1.1 200 OK"
2026-06-16 00:14:51,999 - httpx - INFO - HTTP Request: POST https://api.telegram.org/bot8657142758:AAGUQRm-T_ITFafMBJHzhBNQ2ZhjhuXQ4oE/getUpdates "HTTP/1.1 200 OK"
2026-06-16 00:14:53,068 - httpx - INFO - HTTP Request: POST https://api.telegram.org/bot8657142758:AAGUQRm-T_ITFafMBJHzhBNQ2ZhjhuXQ4oE/getUpdates "HTTP/1.1 200 OK"
2026-06-16 00:14:53,072 - __main__ - INFO - RAW UPDATE: {'message': {'channel_chat_created': False, 'delete_chat_photo': False, 'group_chat_created': False, 'media_group_id': '14252407143643962', 'photo': [{'height': 90, 'width': 90, 'file_id': 'AgACAgIAAxkBAAN_ajBHaR0cmTwhAQa0p8PaJzRcRBAAAi8iaxsTboFJIn5IXmxpwwABAQADAgADcwADPAQ', 'file_size': 1348, 'file_unique_id': 'AQADLyJrGxNugUl4'}, {'height': 320, 'width': 320, 'file_id': 'AgACAgIAAxkBAAN_ajBHaR0cmTwhAQa0p8PaJzRcRBAAAi8iaxsTboFJIn5IXmxpwwABAQADAgADbQADPAQ', 'file_size': 13122, 'file_unique_id': 'AQADLyJrGxNugUly'}, {'height': 800, 'width': 800, 'file_id': 'AgACAgIAAxkBAAN_ajBHaR0cmTwhAQa0p8PaJzRcRBAAAi8iaxsTboFJIn5IXmxpwwABAQADAgADeAADPAQ', 'file_size': 51800, 'file_unique_id': 'AQADLyJrGxNugUl9'}, {'height': 1280, 'width': 1280, 'file_id': 'AgACAgIAAxkBAAN_ajBHaR0cmTwhAQa0p8PaJzRcRBAAAi8iaxsTboFJIn5IXmxpwwABAQADAgADeQADPAQ', 'file_size': 96924, 'file_unique_id': 'AQADLyJrGxNugUl-'}], 'supergroup_chat_created': False, 'chat': {'first_name': 'Sirojiddin', 'id': 8270492933, 'type': <ChatType.PRIVATE>, 'username': 'Sirojiddin_Ibn_Baxtiyor'}, 'date': 1781550892, 'message_id': 206, 'from': {'first_name': 'Sirojiddin', 'id': 8270492933, 'is_bot': False, 'language_code': 'en', 'username': 'Sirojiddin_Ibn_Baxtiyor'}}, 'update_id': 63032973}
2026-06-16 00:14:53,072 - __main__ - INFO - Message received from user_id=8270492933: state=AD_PHOTO, text=None
2026-06-16 00:14:53,073 - __main__ - INFO - RAW UPDATE: {'message': {'channel_chat_created': False, 'delete_chat_photo': False, 'group_chat_created': False, 'media_group_id': '14252407143643962', 'photo': [{'height': 90, 'width': 90, 'file_id': 'AgACAgIAAxkBAAOAajBHaf4Q3uLW5Nkqr4iecO1_JOgAAjAiaxsTboFJ5yigSw3UN14BAAMCAANzAAM8BA', 'file_size': 1093, 'file_unique_id': 'AQADMCJrGxNugUl4'}, {'height': 320, 'width': 320, 'file_id': 'AgACAgIAAxkBAAOAajBHaf4Q3uLW5Nkqr4iecO1_JOgAAjAiaxsTboFJ5yigSw3UN14BAAMCAANtAAM8BA', 'file_size': 18080, 'file_unique_id': 'AQADMCJrGxNugUly'}, {'height': 800, 'width': 800, 'file_id': 'AgACAgIAAxkBAAOAajBHaf4Q3uLW5Nkqr4iecO1_JOgAAjAiaxsTboFJ5yigSw3UN14BAAMCAAN4AAM8BA', 'file_size': 74131, 'file_unique_id': 'AQADMCJrGxNugUl9'}, {'height': 1280, 'width': 1280, 'file_id': 'AgACAgIAAxkBAAOAajBHaf4Q3uLW5Nkqr4iecO1_JOgAAjAiaxsTboFJ5yigSw3UN14BAAMCAAN5AAM8BA', 'file_size': 121933, 'file_unique_id': 'AQADMCJrGxNugUl-'}], 'supergroup_chat_created': False, 'chat': {'first_name': 'Sirojiddin', 'id': 8270492933, 'type': <ChatType.PRIVATE>, 'username': 'Sirojiddin_Ibn_Baxtiyor'}, 'date': 1781550892, 'message_id': 207, 'from': {'first_name': 'Sirojiddin', 'id': 8270492933, 'is_bot': False, 'language_code': 'en', 'username': 'Sirojiddin_Ibn_Baxtiyor'}}, 'update_id': 63032974}
2026-06-16 00:14:53,073 - __main__ - INFO - Message received from user_id=8270492933: state=AD_PHOTO, text=None
2026-06-16 00:14:53,073 - __main__ - INFO - RAW UPDATE: {'message': {'channel_chat_created': False, 'delete_chat_photo': False, 'group_chat_created': False, 'media_group_id': '14252407143643962', 'photo': [{'height': 90, 'width': 58, 'file_id': 'AgACAgIAAxkBAAOcajBLX32EqM6PgnZ4bHbPMNixfCQAAjkiaxsTboFJ3s_NVObRU14BAAMCAANzAAM8BA', 'file_size': 1151, 'file_unique_id': 'AQADOSJrGxNugUl4'}, {'height': 320, 'width': 208, 'file_id': 'AgACAgIAAxkBAAOcajBLX32EqM6PgnZ4bHbPMNixfCQAAjkiaxsTboFJ3s_NVObRU14BAAMCAANtAAM8BA', 'file_size': 10058, 'file_unique_id': 'AQADOSJrGxNugUly'}, {'height': 800, 'width': 519, 'file_id': 'AgACAgIAAxkBAAOcajBLX32EqM6PgnZ4bHbPMNixfCQAAjkiaxsTboFJ3s_NVObRU14BAAMCAAN4AAM8BA', 'file_size': 30510, 'file_unique_id': 'AQADOSJrGxNugUl9'}, {'height': 1280, 'width': 831, 'file_id': 'AgACAgIAAxkBAAOcajBLX32EqM6PgnZ4bHbPMNixfCQAAjkiaxsTboFJ3s_NVObRU14BAAMCAAN5AAM8BA', 'file_size': 47781, 'file_unique_id': 'AQADOSJrGxNugUl-'}], 'supergroup_chat_created': False, 'chat': {'first_name': 'Sirojiddin', 'id': 8270492933, 'type': <ChatType.PRIVATE>, 'username': 'Sirojiddin_Ibn_Baxtiyor'}, 'date': 1781550892, 'message_id': 208, 'from': {'first_name': 'Sirojiddin', 'id': 8270492933, 'is_bot': False, 'language_code': 'en', 'username': 'Sirojiddin_Ibn_Baxtiyor'}}, 'update_id': 63032975}
2026-06-16 00:14:53,074 - __main__ - INFO - Message received from user_id=8270492933: state=AD_PHOTO, text=None
2026-06-16 00:14:56,588 - httpx - INFO - HTTP Request: POST https://api.telegram.org/bot8657142758:AAGUQRm-T_ITFafMBJHzhBNQ2ZhjhuXQ4oE/sendMessage "HTTP/1.1 200 OK"
2026-06-16 00:15:03,248 - httpx - INFO - HTTP Request: POST https://api.telegram.org/bot8657142758:AAGUQRm-T_ITFafMBJHzhBNQ2ZhjhuXQ4oE/getUpdates "HTTP/1.1 200 OK"
2026-06-16 00:15:03,678 - httpx - INFO - HTTP Request: POST https://api.telegram.org/bot8657142758:AAGUQRm-T_ITFafMBJHzhBNQ2ZhjhuXQ4oE/getUpdates "HTTP/1.1 200 OK"
2026-06-16 00:15:03,681 - __main__ - INFO - RAW UPDATE: {'message': {'channel_chat_created': False, 'delete_chat_photo': False, 'group_chat_created': False, 'supergroup_chat_created': False, 'text': 'xxxxxxxxxxxx', 'chat': {'first_name': 'Sirojiddin', 'id': 8270492933, 'type': <ChatType.PRIVATE>, 'username': 'Sirojiddin_Ibn_Baxtiyor'}, 'date': 1781550903, 'message_id': 210, 'from': {'first_name': 'Sirojiddin', 'id': 8270492933, 'is_bot': False, 'language_code': 'en', 'username': 'Sirojiddin_Ibn_Baxtiyor'}}, 'update_id': 63032976}
2026-06-16 00:15:03,681 - __main__ - INFO - Message received from user_id=8270492933: state=AD_LOCATION, text=xxxxxxxxxxxx
2026-06-16 00:15:04,265 - httpx - INFO - HTTP Request: POST https://api.telegram.org/bot8657142758:AAGUQRm-T_ITFafMBJHzhBNQ2ZhjhuXQ4oE/sendMessage "HTTP/1.1 200 OK"
2026-06-16 00:15:07,725 - httpx - INFO - HTTP Request: POST https://api.telegram.org/bot8657142758:AAGUQRm-T_ITFafMBJHzhBNQ2ZhjhuXQ4oE/getUpdates "HTTP/1.1 200 OK"
2026-06-16 00:15:07,728 - __main__ - INFO - RAW UPDATE: {'message': {'channel_chat_created': False, 'delete_chat_photo': False, 'group_chat_created': False, 'supergroup_chat_created': False, 'text': '888888888888', 'chat': {'first_name': 'Sirojiddin', 'id': 8270492933, 'type': <ChatType.PRIVATE>, 'username': 'Sirojiddin_Ibn_Baxtiyor'}, 'date': 1781550907, 'message_id': 212, 'from': {'first_name': 'Sirojiddin', 'id': 8270492933, 'is_bot': False, 'language_code': 'en', 'username': 'Sirojiddin_Ibn_Baxtiyor'}}, 'update_id': 63032977}
2026-06-16 00:15:07,729 - __main__ - INFO - Message received from user_id=8270492933: state=AD_DELIVERY, text=888888888888
2026-06-16 00:15:07,963 - httpx - INFO - HTTP Request: POST https://api.telegram.org/bot8657142758:AAGUQRm-T_ITFafMBJHzhBNQ2ZhjhuXQ4oE/sendMessage "HTTP/1.1 200 OK"
2026-06-16 00:15:11,422 - httpx - INFO - HTTP Request: POST https://api.telegram.org/bot8657142758:AAGUQRm-T_ITFafMBJHzhBNQ2ZhjhuXQ4oE/getUpdates "HTTP/1.1 200 OK"
2026-06-16 00:15:11,424 - __main__ - INFO - RAW UPDATE: {'message': {'channel_chat_created': False, 'delete_chat_photo': False, 'group_chat_created': False, 'supergroup_chat_created': False, 'text': '000000000000', 'chat': {'first_name': 'Sirojiddin', 'id': 8270492933, 'type': <ChatType.PRIVATE>, 'username': 'Sirojiddin_Ibn_Baxtiyor'}, 'date': 1781550911, 'message_id': 214, 'from': {'first_name': 'Sirojiddin', 'id': 8270492933, 'is_bot': False, 'language_code': 'en', 'username': 'Sirojiddin_Ibn_Baxtiyor'}}, 'update_id': 63032978}
2026-06-16 00:15:11,425 - __main__ - INFO - Message received from user_id=8270492933: state=AD_PRICE, text=000000000000
2026-06-16 00:15:11,645 - httpx - INFO - HTTP Request: POST https://api.telegram.org/bot8657142758:AAGUQRm-T_ITFafMBJHzhBNQ2ZhjhuXQ4oE/sendMessage "HTTP/1.1 200 OK"
2026-06-16 00:15:15,106 - httpx - INFO - HTTP Request: POST https://api.telegram.org/bot8657142758:AAGUQRm-T_ITFafMBJHzhBNQ2ZhjhuXQ4oE/getUpdates "HTTP/1.1 200 OK"
2026-06-16 00:15:15,109 - __main__ - INFO - RAW UPDATE: {'message': {'channel_chat_created': False, 'delete_chat_photo': False, 'group_chat_created': False, 'supergroup_chat_created': False, 'text': 'bvirbvruibvruisv', 'chat': {'first_name': 'Sirojiddin', 'id': 8270492933, 'type': <ChatType.PRIVATE>, 'username': 'Sirojiddin_Ibn_Baxtiyor'}, 'date': 1781550915, 'message_id': 216, 'from': {'first_name': 'Sirojiddin', 'id': 8270492933, 'is_bot': False, 'language_code': 'en', 'username': 'Sirojiddin_Ibn_Baxtiyor'}}, 'update_id': 63032979}
2026-06-16 00:15:15,109 - __main__ - INFO - Message received from user_id=8270492933: state=AD_DESCRIPTION, text=bvirbvruibvruisv
2026-06-16 00:15:15,291 - httpx - INFO - HTTP Request: POST https://api.telegram.org/bot8657142758:AAGUQRm-T_ITFafMBJHzhBNQ2ZhjhuXQ4oE/sendPhoto "HTTP/1.1 200 OK"
2026-06-16 00:15:18,735 - httpx - INFO - HTTP Request: POST https://api.telegram.org/bot8657142758:AAGUQRm-T_ITFafMBJHzhBNQ2ZhjhuXQ4oE/getUpdates "HTTP/1.1 200 OK"
2026-06-16 00:15:18,738 - __main__ - INFO - RAW UPDATE: {'callback_query': {'chat_instance': '3000672466049168352', 'data': 'ad_publish', 'id': '7851380561254466250', 'message': {'caption': "📦 E'lon Preview:\n\n📍 Kelish joyi: xxxxxxxxxxxx\n⏱ Kelish muddati: 888888888888\n💵 Narxi: 000000000000\n📝 Izoh: bvirbvruibvruisv\n🖼 Jami rasmlar: 3 ta\n\nUshbu e'lonni chop etishni xohlaysizmi?", 'caption_entities': [{'length': 14, 'offset': 3, 'type': <MessageEntityType.BOLD>}], 'channel_chat_created': False, 'delete_chat_photo': False, 'group_chat_created': False, 'photo': [{'height': 90, 'width': 90, 'file_id': 'AgACAgIAAxkBAAN_ajBHaR0cmTwhAQa0p8PaJzRcRBAAAi8iaxsTboFJIn5IXmxpwwABAQADAgADcwADPAQ', 'file_size': 1348, 'file_unique_id': 'AQADLyJrGxNugUl4'}, {'height': 320, 'width': 320, 'file_id': 'AgACAgIAAxkBAAN_ajBHaR0cmTwhAQa0p8PaJzRcRBAAAi8iaxsTboFJIn5IXmxpwwABAQADAgADbQADPAQ', 'file_size': 13122, 'file_unique_id': 'AQADLyJrGxNugUly'}, {'height': 800, 'width': 800, 'file_id': 'AgACAgIAAxkBAAN_ajBHaR0cmTwhAQa0p8PaJzRcRBAAAi8iaxsTboFJIn5IXmxpwwABAQADAgADeAADPAQ', 'file_size': 51800, 'file_unique_id': 'AQADLyJrGxNugUl9'}, {'height': 1280, 'width': 1280, 'file_id': 'AgACAgIAAxkBAAN_ajBHaR0cmTwhAQa0p8PaJzRcRBAAAi8iaxsTboFJIn5IXmxpwwABAQADAgADeQADPAQ', 'file_size': 96924, 'file_unique_id': 'AQADLyJrGxNugUl-'}], 'reply_markup': {'inline_keyboard': [[{'callback_data': 'ad_publish', 'text': 'Chop etish 🚀'}, {'callback_data': 'ad_cancel', 'text': 'Bekor qilish ❌'}]]}, 'supergroup_chat_created': False, 'chat': {'first_name': 'Sirojiddin', 'id': 8270492933, 'type': <ChatType.PRIVATE>, 'username': 'Sirojiddin_Ibn_Baxtiyor'}, 'date': 1781550915, 'message_id': 217, 'from': {'first_name': 'Fevrallik', 'id': 8657142758, 'is_bot': True, 'username': 'fevrallik_noiloj_bot'}}, 'from': {'first_name': 'Sirojiddin', 'id': 8270492933, 'is_bot': False, 'language_code': 'en', 'username': 'Sirojiddin_Ibn_Baxtiyor'}}, 'update_id': 63032980}
2026-06-16 00:15:18,738 - __main__ - INFO - Callback query received: user_id=8270492933, data=ad_publish
2026-06-16 00:15:18,994 - httpx - INFO - HTTP Request: POST https://api.telegram.org/bot8657142758:AAGUQRm-T_ITFafMBJHzhBNQ2ZhjhuXQ4oE/answerCallbackQuery "HTTP/1.1 200 OK"
2026-06-16 00:15:18,995 - __main__ - INFO - ad_publish callback triggered. user_data keys: ['state', 'new_ad_photo', 'new_ad_location', 'new_ad_delivery', 'new_ad_price', 'new_ad_description']
2026-06-16 00:15:18,995 - __main__ - INFO - ad_publish details: photo=True, location=xxxxxxxxxxxx, delivery=888888888888, price=000000000000, description=bvirbvruibvruisv
2026-06-16 00:15:19,167 - httpx - INFO - HTTP Request: POST https://api.telegram.org/bot8657142758:AAGUQRm-T_ITFafMBJHzhBNQ2ZhjhuXQ4oE/getMe "HTTP/1.1 200 OK"
2026-06-16 00:15:19,170 - __main__ - ERROR - Failed sending to group: Attribute `caption` of class `InputMediaPhoto` can't be set!
2026-06-16 00:15:19,387 - httpx - INFO - HTTP Request: POST https://api.telegram.org/bot8657142758:AAGUQRm-T_ITFafMBJHzhBNQ2ZhjhuXQ4oE/sendMessage "HTTP/1.1 200 OK"
2026-06-16 00:15:19,575 - httpx - INFO - HTTP Request: POST https://api.telegram.org/bot8657142758:AAGUQRm-T_ITFafMBJHzhBNQ2ZhjhuXQ4oE/answerCallbackQuery "HTTP/1.1 200 OK"
2026-06-16 00:15:28,920 - httpx - INFO - HTTP Request: POST https://api.telegram.org/bot8657142758:AAGUQRm-T_ITFafMBJHzhBNQ2ZhjhuXQ4oE/getUpdates "HTTP/1.1 200 OK"
2026-06-16 00:15:39,096 - httpx - INFO - HTTP Request: POST https://api.telegram.org/bot8657142758:AAGUQRm-T_ITFafMBJHzhBNQ2ZhjhuXQ4oE/getUpdates "HTTP/1.1 200 OK"
2026-06-16 00:15:42,596 - httpx - INFO - HTTP Request: POST https://api.telegram.org/bot8657142758:AAGUQRm-T_ITFafMBJHzhBNQ2ZhjhuXQ4oE/getUpdates "HTTP/1.1 200 OK"
2026-06-16 00:15:42,597 - telegram.ext.Application - INFO - Application is stopping. This might take a moment.
2026-06-16 00:15:42,597 - telegram.ext.Application - INFO - Application.stop() complete
2026-06-16 00:17:12,080 - httpx - INFO - HTTP Request: POST https://api.telegram.org/bot8657142758:AAGUQRm-T_ITFafMBJHzhBNQ2ZhjhuXQ4oE/getMe "HTTP/1.1 200 OK"
2026-06-16 00:17:12,262 - httpx - INFO - HTTP Request: POST https://api.telegram.org/bot8657142758:AAGUQRm-T_ITFafMBJHzhBNQ2ZhjhuXQ4oE/deleteWebhook "HTTP/1.1 200 OK"
2026-06-16 00:17:12,264 - telegram.ext.Application - INFO - Application started
2026-06-16 00:17:16,644 - httpx - INFO - HTTP Request: POST https://api.telegram.org/bot8657142758:AAGUQRm-T_ITFafMBJHzhBNQ2ZhjhuXQ4oE/getUpdates "HTTP/1.1 200 OK"
2026-06-16 00:17:16,647 - __main__ - INFO - RAW UPDATE: {'message': {'channel_chat_created': False, 'delete_chat_photo': False, 'group_chat_created': False, 'supergroup_chat_created': False, 'text': 'Elon Joylashtirish ➕', 'chat': {'first_name': 'Sirojiddin', 'id': 8270492933, 'type': <ChatType.PRIVATE>, 'username': 'Sirojiddin_Ibn_Baxtiyor'}, 'date': 1781551036, 'message_id': 219, 'from': {'first_name': 'Sirojiddin', 'id': 8270492933, 'is_bot': False, 'language_code': 'en', 'username': 'Sirojiddin_Ibn_Baxtiyor'}}, 'update_id': 63032981}
2026-06-16 00:17:16,647 - __main__ - INFO - Message received from user_id=8270492933: state=None, text=Elon Joylashtirish ➕
2026-06-16 00:17:16,846 - httpx - INFO - HTTP Request: POST https://api.telegram.org/bot8657142758:AAGUQRm-T_ITFafMBJHzhBNQ2ZhjhuXQ4oE/sendMessage "HTTP/1.1 200 OK"
2026-06-16 00:17:26,845 - httpx - INFO - HTTP Request: POST https://api.telegram.org/bot8657142758:AAGUQRm-T_ITFafMBJHzhBNQ2ZhjhuXQ4oE/getUpdates "HTTP/1.1 200 OK"
2026-06-16 00:17:37,058 - httpx - INFO - HTTP Request: POST https://api.telegram.org/bot8657142758:AAGUQRm-T_ITFafMBJHzhBNQ2ZhjhuXQ4oE/getUpdates "HTTP/1.1 200 OK"
2026-06-16 00:17:47,246 - httpx - INFO - HTTP Request: POST https://api.telegram.org/bot8657142758:AAGUQRm-T_ITFafMBJHzhBNQ2ZhjhuXQ4oE/getUpdates "HTTP/1.1 200 OK"
2026-06-16 00:17:57,427 - httpx - INFO - HTTP Request: POST https://api.telegram.org/bot8657142758:AAGUQRm-T_ITFafMBJHzhBNQ2ZhjhuXQ4oE/getUpdates "HTTP/1.1 200 OK"
2026-06-16 00:17:57,657 - httpx - INFO - HTTP Request: POST https://api.telegram.org/bot8657142758:AAGUQRm-T_ITFafMBJHzhBNQ2ZhjhuXQ4oE/getUpdates "HTTP/1.1 200 OK"
2026-06-16 00:17:57,659 - __main__ - INFO - RAW UPDATE: {'message': {'channel_chat_created': False, 'delete_chat_photo': False, 'group_chat_created': False, 'media_group_id': '14252408619842034', 'photo': [{'height': 90, 'width': 90, 'file_id': 'AgACAgIAAxkBAAN_ajBHaR0cmTwhAQa0p8PaJzRcRBAAAi8iaxsTboFJIn5IXmxpwwABAQADAgADcwADPAQ', 'file_size': 1348, 'file_unique_id': 'AQADLyJrGxNugUl4'}, {'height': 320, 'width': 320, 'file_id': 'AgACAgIAAxkBAAN_ajBHaR0cmTwhAQa0p8PaJzRcRBAAAi8iaxsTboFJIn5IXmxpwwABAQADAgADbQADPAQ', 'file_size': 13122, 'file_unique_id': 'AQADLyJrGxNugUly'}, {'height': 800, 'width': 800, 'file_id': 'AgACAgIAAxkBAAN_ajBHaR0cmTwhAQa0p8PaJzRcRBAAAi8iaxsTboFJIn5IXmxpwwABAQADAgADeAADPAQ', 'file_size': 51800, 'file_unique_id': 'AQADLyJrGxNugUl9'}, {'height': 1280, 'width': 1280, 'file_id': 'AgACAgIAAxkBAAN_ajBHaR0cmTwhAQa0p8PaJzRcRBAAAi8iaxsTboFJIn5IXmxpwwABAQADAgADeQADPAQ', 'file_size': 96924, 'file_unique_id': 'AQADLyJrGxNugUl-'}], 'supergroup_chat_created': False, 'chat': {'first_name': 'Sirojiddin', 'id': 8270492933, 'type': <ChatType.PRIVATE>, 'username': 'Sirojiddin_Ibn_Baxtiyor'}, 'date': 1781551077, 'message_id': 221, 'from': {'first_name': 'Sirojiddin', 'id': 8270492933, 'is_bot': False, 'language_code': 'en', 'username': 'Sirojiddin_Ibn_Baxtiyor'}}, 'update_id': 63032982}
2026-06-16 00:17:57,660 - __main__ - INFO - Message received from user_id=8270492933: state=AD_PHOTO, text=None
2026-06-16 00:17:57,660 - __main__ - INFO - RAW UPDATE: {'message': {'channel_chat_created': False, 'delete_chat_photo': False, 'group_chat_created': False, 'media_group_id': '14252408619842034', 'photo': [{'height': 90, 'width': 90, 'file_id': 'AgACAgIAAxkBAAOAajBHaf4Q3uLW5Nkqr4iecO1_JOgAAjAiaxsTboFJ5yigSw3UN14BAAMCAANzAAM8BA', 'file_size': 1093, 'file_unique_id': 'AQADMCJrGxNugUl4'}, {'height': 320, 'width': 320, 'file_id': 'AgACAgIAAxkBAAOAajBHaf4Q3uLW5Nkqr4iecO1_JOgAAjAiaxsTboFJ5yigSw3UN14BAAMCAANtAAM8BA', 'file_size': 18080, 'file_unique_id': 'AQADMCJrGxNugUly'}, {'height': 800, 'width': 800, 'file_id': 'AgACAgIAAxkBAAOAajBHaf4Q3uLW5Nkqr4iecO1_JOgAAjAiaxsTboFJ5yigSw3UN14BAAMCAAN4AAM8BA', 'file_size': 74131, 'file_unique_id': 'AQADMCJrGxNugUl9'}, {'height': 1280, 'width': 1280, 'file_id': 'AgACAgIAAxkBAAOAajBHaf4Q3uLW5Nkqr4iecO1_JOgAAjAiaxsTboFJ5yigSw3UN14BAAMCAAN5AAM8BA', 'file_size': 121933, 'file_unique_id': 'AQADMCJrGxNugUl-'}], 'supergroup_chat_created': False, 'chat': {'first_name': 'Sirojiddin', 'id': 8270492933, 'type': <ChatType.PRIVATE>, 'username': 'Sirojiddin_Ibn_Baxtiyor'}, 'date': 1781551077, 'message_id': 222, 'from': {'first_name': 'Sirojiddin', 'id': 8270492933, 'is_bot': False, 'language_code': 'en', 'username': 'Sirojiddin_Ibn_Baxtiyor'}}, 'update_id': 63032983}
2026-06-16 00:17:57,660 - __main__ - INFO - Message received from user_id=8270492933: state=AD_PHOTO, text=None
2026-06-16 00:17:57,661 - __main__ - INFO - RAW UPDATE: {'message': {'channel_chat_created': False, 'delete_chat_photo': False, 'group_chat_created': False, 'media_group_id': '14252408619842034', 'photo': [{'height': 90, 'width': 58, 'file_id': 'AgACAgIAAxkBAAOcajBLX32EqM6PgnZ4bHbPMNixfCQAAjkiaxsTboFJ3s_NVObRU14BAAMCAANzAAM8BA', 'file_size': 1151, 'file_unique_id': 'AQADOSJrGxNugUl4'}, {'height': 320, 'width': 208, 'file_id': 'AgACAgIAAxkBAAOcajBLX32EqM6PgnZ4bHbPMNixfCQAAjkiaxsTboFJ3s_NVObRU14BAAMCAANtAAM8BA', 'file_size': 10058, 'file_unique_id': 'AQADOSJrGxNugUly'}, {'height': 800, 'width': 519, 'file_id': 'AgACAgIAAxkBAAOcajBLX32EqM6PgnZ4bHbPMNixfCQAAjkiaxsTboFJ3s_NVObRU14BAAMCAAN4AAM8BA', 'file_size': 30510, 'file_unique_id': 'AQADOSJrGxNugUl9'}, {'height': 1280, 'width': 831, 'file_id': 'AgACAgIAAxkBAAOcajBLX32EqM6PgnZ4bHbPMNixfCQAAjkiaxsTboFJ3s_NVObRU14BAAMCAAN5AAM8BA', 'file_size': 47781, 'file_unique_id': 'AQADOSJrGxNugUl-'}], 'supergroup_chat_created': False, 'chat': {'first_name': 'Sirojiddin', 'id': 8270492933, 'type': <ChatType.PRIVATE>, 'username': 'Sirojiddin_Ibn_Baxtiyor'}, 'date': 1781551077, 'message_id': 223, 'from': {'first_name': 'Sirojiddin', 'id': 8270492933, 'is_bot': False, 'language_code': 'en', 'username': 'Sirojiddin_Ibn_Baxtiyor'}}, 'update_id': 63032984}
2026-06-16 00:17:57,661 - __main__ - INFO - Message received from user_id=8270492933: state=AD_PHOTO, text=None
2026-06-16 00:18:01,204 - httpx - INFO - HTTP Request: POST https://api.telegram.org/bot8657142758:AAGUQRm-T_ITFafMBJHzhBNQ2ZhjhuXQ4oE/sendMessage "HTTP/1.1 200 OK"
2026-06-16 00:18:06,160 - httpx - INFO - HTTP Request: POST https://api.telegram.org/bot8657142758:AAGUQRm-T_ITFafMBJHzhBNQ2ZhjhuXQ4oE/getUpdates "HTTP/1.1 200 OK"
2026-06-16 00:18:06,162 - __main__ - INFO - RAW UPDATE: {'message': {'channel_chat_created': False, 'delete_chat_photo': False, 'group_chat_created': False, 'supergroup_chat_created': False, 'text': 'xitoy', 'chat': {'first_name': 'Sirojiddin', 'id': 8270492933, 'type': <ChatType.PRIVATE>, 'username': 'Sirojiddin_Ibn_Baxtiyor'}, 'date': 1781551085, 'message_id': 225, 'from': {'first_name': 'Sirojiddin', 'id': 8270492933, 'is_bot': False, 'language_code': 'en', 'username': 'Sirojiddin_Ibn_Baxtiyor'}}, 'update_id': 63032985}
2026-06-16 00:18:06,163 - __main__ - INFO - Message received from user_id=8270492933: state=AD_LOCATION, text=xitoy
2026-06-16 00:18:06,418 - httpx - INFO - HTTP Request: POST https://api.telegram.org/bot8657142758:AAGUQRm-T_ITFafMBJHzhBNQ2ZhjhuXQ4oE/sendMessage "HTTP/1.1 200 OK"
2026-06-16 00:18:10,743 - httpx - INFO - HTTP Request: POST https://api.telegram.org/bot8657142758:AAGUQRm-T_ITFafMBJHzhBNQ2ZhjhuXQ4oE/getUpdates "HTTP/1.1 200 OK"
2026-06-16 00:18:10,745 - __main__ - INFO - RAW UPDATE: {'message': {'channel_chat_created': False, 'delete_chat_photo': False, 'group_chat_created': False, 'supergroup_chat_created': False, 'text': '90kun', 'chat': {'first_name': 'Sirojiddin', 'id': 8270492933, 'type': <ChatType.PRIVATE>, 'username': 'Sirojiddin_Ibn_Baxtiyor'}, 'date': 1781551090, 'message_id': 227, 'from': {'first_name': 'Sirojiddin', 'id': 8270492933, 'is_bot': False, 'language_code': 'en', 'username': 'Sirojiddin_Ibn_Baxtiyor'}}, 'update_id': 63032986}
2026-06-16 00:18:10,745 - __main__ - INFO - Message received from user_id=8270492933: state=AD_DELIVERY, text=90kun
2026-06-16 00:18:10,922 - httpx - INFO - HTTP Request: POST https://api.telegram.org/bot8657142758:AAGUQRm-T_ITFafMBJHzhBNQ2ZhjhuXQ4oE/sendMessage "HTTP/1.1 200 OK"
2026-06-16 00:18:16,422 - httpx - INFO - HTTP Request: POST https://api.telegram.org/bot8657142758:AAGUQRm-T_ITFafMBJHzhBNQ2ZhjhuXQ4oE/getUpdates "HTTP/1.1 200 OK"
2026-06-16 00:18:16,425 - __main__ - INFO - RAW UPDATE: {'message': {'channel_chat_created': False, 'delete_chat_photo': False, 'group_chat_created': False, 'supergroup_chat_created': False, 'text': '1mlrd', 'chat': {'first_name': 'Sirojiddin', 'id': 8270492933, 'type': <ChatType.PRIVATE>, 'username': 'Sirojiddin_Ibn_Baxtiyor'}, 'date': 1781551096, 'message_id': 229, 'from': {'first_name': 'Sirojiddin', 'id': 8270492933, 'is_bot': False, 'language_code': 'en', 'username': 'Sirojiddin_Ibn_Baxtiyor'}}, 'update_id': 63032987}
2026-06-16 00:18:16,425 - __main__ - INFO - Message received from user_id=8270492933: state=AD_PRICE, text=1mlrd
2026-06-16 00:18:16,982 - httpx - INFO - HTTP Request: POST https://api.telegram.org/bot8657142758:AAGUQRm-T_ITFafMBJHzhBNQ2ZhjhuXQ4oE/sendMessage "HTTP/1.1 200 OK"
2026-06-16 00:18:20,809 - httpx - INFO - HTTP Request: POST https://api.telegram.org/bot8657142758:AAGUQRm-T_ITFafMBJHzhBNQ2ZhjhuXQ4oE/getUpdates "HTTP/1.1 200 OK"
2026-06-16 00:18:20,811 - __main__ - INFO - RAW UPDATE: {'message': {'channel_chat_created': False, 'delete_chat_photo': False, 'group_chat_created': False, 'supergroup_chat_created': False, 'text': 'balo', 'chat': {'first_name': 'Sirojiddin', 'id': 8270492933, 'type': <ChatType.PRIVATE>, 'username': 'Sirojiddin_Ibn_Baxtiyor'}, 'date': 1781551100, 'message_id': 231, 'from': {'first_name': 'Sirojiddin', 'id': 8270492933, 'is_bot': False, 'language_code': 'en', 'username': 'Sirojiddin_Ibn_Baxtiyor'}}, 'update_id': 63032988}
2026-06-16 00:18:20,811 - __main__ - INFO - Message received from user_id=8270492933: state=AD_DESCRIPTION, text=balo
2026-06-16 00:18:21,083 - httpx - INFO - HTTP Request: POST https://api.telegram.org/bot8657142758:AAGUQRm-T_ITFafMBJHzhBNQ2ZhjhuXQ4oE/sendPhoto "HTTP/1.1 200 OK"
2026-06-16 00:18:25,133 - httpx - INFO - HTTP Request: POST https://api.telegram.org/bot8657142758:AAGUQRm-T_ITFafMBJHzhBNQ2ZhjhuXQ4oE/getUpdates "HTTP/1.1 200 OK"
2026-06-16 00:18:25,137 - __main__ - INFO - RAW UPDATE: {'callback_query': {'chat_instance': '3000672466049168352', 'data': 'ad_publish', 'id': '7851380561089133174', 'message': {'caption': "📦 E'lon Preview:\n\n📍 Kelish joyi: xitoy\n⏱ Kelish muddati: 90kun\n💵 Narxi: 1mlrd\n📝 Izoh: balo\n🖼 Jami rasmlar: 3 ta\n\nUshbu e'lonni chop etishni xohlaysizmi?", 'caption_entities': [{'length': 14, 'offset': 3, 'type': <MessageEntityType.BOLD>}], 'channel_chat_created': False, 'delete_chat_photo': False, 'group_chat_created': False, 'photo': [{'height': 90, 'width': 90, 'file_id': 'AgACAgIAAxkBAAN_ajBHaR0cmTwhAQa0p8PaJzRcRBAAAi8iaxsTboFJIn5IXmxpwwABAQADAgADcwADPAQ', 'file_size': 1348, 'file_unique_id': 'AQADLyJrGxNugUl4'}, {'height': 320, 'width': 320, 'file_id': 'AgACAgIAAxkBAAN_ajBHaR0cmTwhAQa0p8PaJzRcRBAAAi8iaxsTboFJIn5IXmxpwwABAQADAgADbQADPAQ', 'file_size': 13122, 'file_unique_id': 'AQADLyJrGxNugUly'}, {'height': 800, 'width': 800, 'file_id': 'AgACAgIAAxkBAAN_ajBHaR0cmTwhAQa0p8PaJzRcRBAAAi8iaxsTboFJIn5IXmxpwwABAQADAgADeAADPAQ', 'file_size': 51800, 'file_unique_id': 'AQADLyJrGxNugUl9'}, {'height': 1280, 'width': 1280, 'file_id': 'AgACAgIAAxkBAAN_ajBHaR0cmTwhAQa0p8PaJzRcRBAAAi8iaxsTboFJIn5IXmxpwwABAQADAgADeQADPAQ', 'file_size': 96924, 'file_unique_id': 'AQADLyJrGxNugUl-'}], 'reply_markup': {'inline_keyboard': [[{'callback_data': 'ad_publish', 'text': 'Chop etish 🚀'}, {'callback_data': 'ad_cancel', 'text': 'Bekor qilish ❌'}]]}, 'supergroup_chat_created': False, 'chat': {'first_name': 'Sirojiddin', 'id': 8270492933, 'type': <ChatType.PRIVATE>, 'username': 'Sirojiddin_Ibn_Baxtiyor'}, 'date': 1781551100, 'message_id': 232, 'from': {'first_name': 'Fevrallik', 'id': 8657142758, 'is_bot': True, 'username': 'fevrallik_noiloj_bot'}}, 'from': {'first_name': 'Sirojiddin', 'id': 8270492933, 'is_bot': False, 'language_code': 'en', 'username': 'Sirojiddin_Ibn_Baxtiyor'}}, 'update_id': 63032989}
2026-06-16 00:18:25,137 - __main__ - INFO - Callback query received: user_id=8270492933, data=ad_publish
2026-06-16 00:18:25,316 - httpx - INFO - HTTP Request: POST https://api.telegram.org/bot8657142758:AAGUQRm-T_ITFafMBJHzhBNQ2ZhjhuXQ4oE/answerCallbackQuery "HTTP/1.1 200 OK"
2026-06-16 00:18:25,318 - __main__ - INFO - ad_publish callback triggered. user_data keys: ['state', 'new_ad_photo', 'new_ad_location', 'new_ad_delivery', 'new_ad_price', 'new_ad_description']
2026-06-16 00:18:25,318 - __main__ - INFO - ad_publish details: photo=True, location=xitoy, delivery=90kun, price=1mlrd, description=balo
2026-06-16 00:18:25,495 - httpx - INFO - HTTP Request: POST https://api.telegram.org/bot8657142758:AAGUQRm-T_ITFafMBJHzhBNQ2ZhjhuXQ4oE/getMe "HTTP/1.1 200 OK"
2026-06-16 00:18:25,738 - httpx - INFO - HTTP Request: POST https://api.telegram.org/bot8657142758:AAGUQRm-T_ITFafMBJHzhBNQ2ZhjhuXQ4oE/sendMediaGroup "HTTP/1.1 200 OK"
2026-06-16 00:18:25,922 - httpx - INFO - HTTP Request: POST https://api.telegram.org/bot8657142758:AAGUQRm-T_ITFafMBJHzhBNQ2ZhjhuXQ4oE/sendMessage "HTTP/1.1 200 OK"
2026-06-16 00:18:26,149 - httpx - INFO - HTTP Request: POST https://api.telegram.org/bot8657142758:AAGUQRm-T_ITFafMBJHzhBNQ2ZhjhuXQ4oE/sendMessage "HTTP/1.1 200 OK"
2026-06-16 00:18:26,343 - httpx - INFO - HTTP Request: POST https://api.telegram.org/bot8657142758:AAGUQRm-T_ITFafMBJHzhBNQ2ZhjhuXQ4oE/deleteMessage "HTTP/1.1 200 OK"
2026-06-16 00:18:26,505 - httpx - INFO - HTTP Request: POST https://api.telegram.org/bot8657142758:AAGUQRm-T_ITFafMBJHzhBNQ2ZhjhuXQ4oE/answerCallbackQuery "HTTP/1.1 200 OK"
2026-06-16 00:18:35,363 - httpx - INFO - HTTP Request: POST https://api.telegram.org/bot8657142758:AAGUQRm-T_ITFafMBJHzhBNQ2ZhjhuXQ4oE/getUpdates "HTTP/1.1 200 OK"
2026-06-16 00:18:45,536 - httpx - INFO - HTTP Request: POST https://api.telegram.org/bot8657142758:AAGUQRm-T_ITFafMBJHzhBNQ2ZhjhuXQ4oE/getUpdates "HTTP/1.1 200 OK"
2026-06-16 00:18:55,757 - httpx - INFO - HTTP Request: POST https://api.telegram.org/bot8657142758:AAGUQRm-T_ITFafMBJHzhBNQ2ZhjhuXQ4oE/getUpdates "HTTP/1.1 200 OK"
2026-06-16 00:19:05,212 - httpx - INFO - HTTP Request: POST https://api.telegram.org/bot8657142758:AAGUQRm-T_ITFafMBJHzhBNQ2ZhjhuXQ4oE/getUpdates "HTTP/1.1 200 OK"
2026-06-16 00:19:05,214 - __main__ - INFO - RAW UPDATE: {'message': {'channel_chat_created': False, 'delete_chat_photo': False, 'entities': [{'length': 6, 'offset': 0, 'type': <MessageEntityType.BOT_COMMAND>}], 'group_chat_created': False, 'supergroup_chat_created': False, 'text': '/start buy_3', 'chat': {'first_name': 'Sirojiddin', 'id': 8270492933, 'type': <ChatType.PRIVATE>, 'username': 'Sirojiddin_Ibn_Baxtiyor'}, 'date': 1781551145, 'message_id': 234, 'from': {'first_name': 'Sirojiddin', 'id': 8270492933, 'is_bot': False, 'language_code': 'en', 'username': 'Sirojiddin_Ibn_Baxtiyor'}}, 'update_id': 63032990}
2026-06-16 00:19:05,887 - httpx - INFO - HTTP Request: POST https://api.telegram.org/bot8657142758:AAGUQRm-T_ITFafMBJHzhBNQ2ZhjhuXQ4oE/sendMessage "HTTP/1.1 200 OK"
2026-06-16 00:19:16,963 - httpx - INFO - HTTP Request: POST https://api.telegram.org/bot8657142758:AAGUQRm-T_ITFafMBJHzhBNQ2ZhjhuXQ4oE/getUpdates "HTTP/1.1 200 OK"
2026-06-16 00:19:22,344 - httpx - INFO - HTTP Request: POST https://api.telegram.org/bot8657142758:AAGUQRm-T_ITFafMBJHzhBNQ2ZhjhuXQ4oE/getUpdates "HTTP/1.1 200 OK"
2026-06-16 00:19:22,346 - __main__ - INFO - RAW UPDATE: {'message': {'channel_chat_created': False, 'delete_chat_photo': False, 'group_chat_created': False, 'photo': [{'height': 20, 'width': 90, 'file_id': 'AgACAgIAAxkBAAPsajBQOnB9Vjh9vt7W-NJ4HlAwRFEAAmIiaxsTboFJXcJL7P2SOacBAAMCAANzAAM8BA', 'file_size': 740, 'file_unique_id': 'AQADYiJrGxNugUl4'}, {'height': 70, 'width': 320, 'file_id': 'AgACAgIAAxkBAAPsajBQOnB9Vjh9vt7W-NJ4HlAwRFEAAmIiaxsTboFJXcJL7P2SOacBAAMCAANtAAM8BA', 'file_size': 9264, 'file_unique_id': 'AQADYiJrGxNugUly'}, {'height': 175, 'width': 800, 'file_id': 'AgACAgIAAxkBAAPsajBQOnB9Vjh9vt7W-NJ4HlAwRFEAAmIiaxsTboFJXcJL7P2SOacBAAMCAAN4AAM8BA', 'file_size': 34143, 'file_unique_id': 'AQADYiJrGxNugUl9'}, {'height': 211, 'width': 966, 'file_id': 'AgACAgIAAxkBAAPsajBQOnB9Vjh9vt7W-NJ4HlAwRFEAAmIiaxsTboFJXcJL7P2SOacBAAMCAAN5AAM8BA', 'file_size': 35076, 'file_unique_id': 'AQADYiJrGxNugUl-'}], 'supergroup_chat_created': False, 'chat': {'first_name': 'Sirojiddin', 'id': 8270492933, 'type': <ChatType.PRIVATE>, 'username': 'Sirojiddin_Ibn_Baxtiyor'}, 'date': 1781551162, 'message_id': 236, 'from': {'first_name': 'Sirojiddin', 'id': 8270492933, 'is_bot': False, 'language_code': 'en', 'username': 'Sirojiddin_Ibn_Baxtiyor'}}, 'update_id': 63032991}
2026-06-16 00:19:22,347 - __main__ - INFO - Message received from user_id=8270492933: state=BUY_RECEIPT, text=None
2026-06-16 00:19:22,907 - httpx - INFO - HTTP Request: POST https://api.telegram.org/bot8657142758:AAGUQRm-T_ITFafMBJHzhBNQ2ZhjhuXQ4oE/sendMessage "HTTP/1.1 200 OK"
2026-06-16 00:19:22,909 - telegram.ext.Application - ERROR - No error handlers are registered, logging exception.
Traceback (most recent call last):
  File "/home/sirojiddin/code/Munacollection/venv/lib/python3.13/site-packages/telegram/ext/_application.py", line 1315, in process_update
    await coroutine
  File "/home/sirojiddin/code/Munacollection/venv/lib/python3.13/site-packages/telegram/ext/_handlers/basehandler.py", line 159, in handle_update
    return await self.callback(update, context)
           ^^^^^^^^^^^^^^^^^^^^^^^^^^^^^^^^^^^^
  File "/home/sirojiddin/code/Munacollection/bot.py", line 752, in handle_message
    buyer_username = f"@{buyer_user['username']}" if buyer_user['username'] else "Mavjud emas"
                                                     ~~~~~~~~~~^^^^^^^^^^^^
TypeError: 'NoneType' object is not subscriptable
2026-06-16 00:19:28,830 - httpx - INFO - HTTP Request: POST https://api.telegram.org/bot8657142758:AAGUQRm-T_ITFafMBJHzhBNQ2ZhjhuXQ4oE/getUpdates "HTTP/1.1 200 OK"
2026-06-16 00:19:28,832 - __main__ - INFO - RAW UPDATE: {'message': {'channel_chat_created': False, 'delete_chat_photo': False, 'group_chat_created': False, 'supergroup_chat_created': False, 'text': 'Bozor 🛍', 'chat': {'first_name': 'Sirojiddin', 'id': 8270492933, 'type': <ChatType.PRIVATE>, 'username': 'Sirojiddin_Ibn_Baxtiyor'}, 'date': 1781551168, 'message_id': 238, 'from': {'first_name': 'Sirojiddin', 'id': 8270492933, 'is_bot': False, 'language_code': 'en', 'username': 'Sirojiddin_Ibn_Baxtiyor'}}, 'update_id': 63032992}
2026-06-16 00:19:28,832 - __main__ - INFO - Message received from user_id=8270492933: state=None, text=Bozor 🛍
2026-06-16 00:19:29,403 - httpx - INFO - HTTP Request: POST https://api.telegram.org/bot8657142758:AAGUQRm-T_ITFafMBJHzhBNQ2ZhjhuXQ4oE/sendPhoto "HTTP/1.1 200 OK"
2026-06-16 00:19:36,383 - httpx - INFO - HTTP Request: POST https://api.telegram.org/bot8657142758:AAGUQRm-T_ITFafMBJHzhBNQ2ZhjhuXQ4oE/getUpdates "HTTP/1.1 200 OK"
2026-06-16 00:19:36,386 - __main__ - INFO - RAW UPDATE: {'callback_query': {'chat_instance': '3000672466049168352', 'data': 'noop', 'id': '7851380560636841704', 'message': {'caption': '🛍 Bozor mahsuloti (1/3)\n\n📍 Kelish joyi: xitoy\n⏱ Kelish muddati: 90kun\n💵 Narxi: 1mlrd\n📝 Izoh: balo', 'caption_entities': [{'length': 21, 'offset': 3, 'type': <MessageEntityType.BOLD>}], 'channel_chat_created': False, 'delete_chat_photo': False, 'group_chat_created': False, 'photo': [{'height': 90, 'width': 90, 'file_id': 'AgACAgIAAxkBAAN_ajBHaR0cmTwhAQa0p8PaJzRcRBAAAi8iaxsTboFJIn5IXmxpwwABAQADAgADcwADPAQ', 'file_size': 1348, 'file_unique_id': 'AQADLyJrGxNugUl4'}, {'height': 320, 'width': 320, 'file_id': 'AgACAgIAAxkBAAN_ajBHaR0cmTwhAQa0p8PaJzRcRBAAAi8iaxsTboFJIn5IXmxpwwABAQADAgADbQADPAQ', 'file_size': 13122, 'file_unique_id': 'AQADLyJrGxNugUly'}, {'height': 800, 'width': 800, 'file_id': 'AgACAgIAAxkBAAN_ajBHaR0cmTwhAQa0p8PaJzRcRBAAAi8iaxsTboFJIn5IXmxpwwABAQADAgADeAADPAQ', 'file_size': 51800, 'file_unique_id': 'AQADLyJrGxNugUl9'}, {'height': 1280, 'width': 1280, 'file_id': 'AgACAgIAAxkBAAN_ajBHaR0cmTwhAQa0p8PaJzRcRBAAAi8iaxsTboFJIn5IXmxpwwABAQADAgADeQADPAQ', 'file_size': 96924, 'file_unique_id': 'AQADLyJrGxNugUl-'}], 'reply_markup': {'inline_keyboard': [[{'callback_data': 'buy_prod_3', 'text': 'Sotib olish 💳'}], [{'callback_data': 'noop', 'text': '❌'}, {'callback_data': 'noop', 'text': '🖼 1/3'}, {'callback_data': 'prod_pic_0_1', 'text': 'Rasm ➡️'}], [{'callback_data': 'noop', 'text': '1/3'}, {'callback_data': 'cat_idx_1', 'text': 'Keyingi Mahsulot ➡️'}], [{'callback_data': 'admin_edit_3', 'text': 'Tahrirlash ✏️'}, {'callback_data': 'admin_del_3', 'text': "O'chirish ❌"}]]}, 'supergroup_chat_created': False, 'chat': {'first_name': 'Sirojiddin', 'id': 8270492933, 'type': <ChatType.PRIVATE>, 'username': 'Sirojiddin_Ibn_Baxtiyor'}, 'date': 1781551169, 'message_id': 239, 'from': {'first_name': 'Fevrallik', 'id': 8657142758, 'is_bot': True, 'username': 'fevrallik_noiloj_bot'}}, 'from': {'first_name': 'Sirojiddin', 'id': 8270492933, 'is_bot': False, 'language_code': 'en', 'username': 'Sirojiddin_Ibn_Baxtiyor'}}, 'update_id': 63032993}
2026-06-16 00:19:36,386 - __main__ - INFO - Callback query received: user_id=8270492933, data=noop
2026-06-16 00:19:36,910 - httpx - INFO - HTTP Request: POST https://api.telegram.org/bot8657142758:AAGUQRm-T_ITFafMBJHzhBNQ2ZhjhuXQ4oE/answerCallbackQuery "HTTP/1.1 200 OK"
2026-06-16 00:19:38,675 - httpx - INFO - HTTP Request: POST https://api.telegram.org/bot8657142758:AAGUQRm-T_ITFafMBJHzhBNQ2ZhjhuXQ4oE/getUpdates "HTTP/1.1 200 OK"
2026-06-16 00:19:38,678 - __main__ - INFO - RAW UPDATE: {'callback_query': {'chat_instance': '3000672466049168352', 'data': 'noop', 'id': '7851380559881590326', 'message': {'caption': '🛍 Bozor mahsuloti (1/3)\n\n📍 Kelish joyi: xitoy\n⏱ Kelish muddati: 90kun\n💵 Narxi: 1mlrd\n📝 Izoh: balo', 'caption_entities': [{'length': 21, 'offset': 3, 'type': <MessageEntityType.BOLD>}], 'channel_chat_created': False, 'delete_chat_photo': False, 'group_chat_created': False, 'photo': [{'height': 90, 'width': 90, 'file_id': 'AgACAgIAAxkBAAN_ajBHaR0cmTwhAQa0p8PaJzRcRBAAAi8iaxsTboFJIn5IXmxpwwABAQADAgADcwADPAQ', 'file_size': 1348, 'file_unique_id': 'AQADLyJrGxNugUl4'}, {'height': 320, 'width': 320, 'file_id': 'AgACAgIAAxkBAAN_ajBHaR0cmTwhAQa0p8PaJzRcRBAAAi8iaxsTboFJIn5IXmxpwwABAQADAgADbQADPAQ', 'file_size': 13122, 'file_unique_id': 'AQADLyJrGxNugUly'}, {'height': 800, 'width': 800, 'file_id': 'AgACAgIAAxkBAAN_ajBHaR0cmTwhAQa0p8PaJzRcRBAAAi8iaxsTboFJIn5IXmxpwwABAQADAgADeAADPAQ', 'file_size': 51800, 'file_unique_id': 'AQADLyJrGxNugUl9'}, {'height': 1280, 'width': 1280, 'file_id': 'AgACAgIAAxkBAAN_ajBHaR0cmTwhAQa0p8PaJzRcRBAAAi8iaxsTboFJIn5IXmxpwwABAQADAgADeQADPAQ', 'file_size': 96924, 'file_unique_id': 'AQADLyJrGxNugUl-'}], 'reply_markup': {'inline_keyboard': [[{'callback_data': 'buy_prod_3', 'text': 'Sotib olish 💳'}], [{'callback_data': 'noop', 'text': '❌'}, {'callback_data': 'noop', 'text': '🖼 1/3'}, {'callback_data': 'prod_pic_0_1', 'text': 'Rasm ➡️'}], [{'callback_data': 'noop', 'text': '1/3'}, {'callback_data': 'cat_idx_1', 'text': 'Keyingi Mahsulot ➡️'}], [{'callback_data': 'admin_edit_3', 'text': 'Tahrirlash ✏️'}, {'callback_data': 'admin_del_3', 'text': "O'chirish ❌"}]]}, 'supergroup_chat_created': False, 'chat': {'first_name': 'Sirojiddin', 'id': 8270492933, 'type': <ChatType.PRIVATE>, 'username': 'Sirojiddin_Ibn_Baxtiyor'}, 'date': 1781551169, 'message_id': 239, 'from': {'first_name': 'Fevrallik', 'id': 8657142758, 'is_bot': True, 'username': 'fevrallik_noiloj_bot'}}, 'from': {'first_name': 'Sirojiddin', 'id': 8270492933, 'is_bot': False, 'language_code': 'en', 'username': 'Sirojiddin_Ibn_Baxtiyor'}}, 'update_id': 63032994}
2026-06-16 00:19:38,678 - __main__ - INFO - Callback query received: user_id=8270492933, data=noop
2026-06-16 00:19:38,891 - httpx - INFO - HTTP Request: POST https://api.telegram.org/bot8657142758:AAGUQRm-T_ITFafMBJHzhBNQ2ZhjhuXQ4oE/answerCallbackQuery "HTTP/1.1 200 OK"
2026-06-16 00:19:42,194 - httpx - INFO - HTTP Request: POST https://api.telegram.org/bot8657142758:AAGUQRm-T_ITFafMBJHzhBNQ2ZhjhuXQ4oE/getUpdates "HTTP/1.1 200 OK"
2026-06-16 00:19:42,197 - __main__ - INFO - RAW UPDATE: {'callback_query': {'chat_instance': '3000672466049168352', 'data': 'noop', 'id': '7851380558941618077', 'message': {'caption': '🛍 Bozor mahsuloti (1/3)\n\n📍 Kelish joyi: xitoy\n⏱ Kelish muddati: 90kun\n💵 Narxi: 1mlrd\n📝 Izoh: balo', 'caption_entities': [{'length': 21, 'offset': 3, 'type': <MessageEntityType.BOLD>}], 'channel_chat_created': False, 'delete_chat_photo': False, 'group_chat_created': False, 'photo': [{'height': 90, 'width': 90, 'file_id': 'AgACAgIAAxkBAAN_ajBHaR0cmTwhAQa0p8PaJzRcRBAAAi8iaxsTboFJIn5IXmxpwwABAQADAgADcwADPAQ', 'file_size': 1348, 'file_unique_id': 'AQADLyJrGxNugUl4'}, {'height': 320, 'width': 320, 'file_id': 'AgACAgIAAxkBAAN_ajBHaR0cmTwhAQa0p8PaJzRcRBAAAi8iaxsTboFJIn5IXmxpwwABAQADAgADbQADPAQ', 'file_size': 13122, 'file_unique_id': 'AQADLyJrGxNugUly'}, {'height': 800, 'width': 800, 'file_id': 'AgACAgIAAxkBAAN_ajBHaR0cmTwhAQa0p8PaJzRcRBAAAi8iaxsTboFJIn5IXmxpwwABAQADAgADeAADPAQ', 'file_size': 51800, 'file_unique_id': 'AQADLyJrGxNugUl9'}, {'height': 1280, 'width': 1280, 'file_id': 'AgACAgIAAxkBAAN_ajBHaR0cmTwhAQa0p8PaJzRcRBAAAi8iaxsTboFJIn5IXmxpwwABAQADAgADeQADPAQ', 'file_size': 96924, 'file_unique_id': 'AQADLyJrGxNugUl-'}], 'reply_markup': {'inline_keyboard': [[{'callback_data': 'buy_prod_3', 'text': 'Sotib olish 💳'}], [{'callback_data': 'noop', 'text': '❌'}, {'callback_data': 'noop', 'text': '🖼 1/3'}, {'callback_data': 'prod_pic_0_1', 'text': 'Rasm ➡️'}], [{'callback_data': 'noop', 'text': '1/3'}, {'callback_data': 'cat_idx_1', 'text': 'Keyingi Mahsulot ➡️'}], [{'callback_data': 'admin_edit_3', 'text': 'Tahrirlash ✏️'}, {'callback_data': 'admin_del_3', 'text': "O'chirish ❌"}]]}, 'supergroup_chat_created': False, 'chat': {'first_name': 'Sirojiddin', 'id': 8270492933, 'type': <ChatType.PRIVATE>, 'username': 'Sirojiddin_Ibn_Baxtiyor'}, 'date': 1781551169, 'message_id': 239, 'from': {'first_name': 'Fevrallik', 'id': 8657142758, 'is_bot': True, 'username': 'fevrallik_noiloj_bot'}}, 'from': {'first_name': 'Sirojiddin', 'id': 8270492933, 'is_bot': False, 'language_code': 'en', 'username': 'Sirojiddin_Ibn_Baxtiyor'}}, 'update_id': 63032995}
2026-06-16 00:19:42,197 - __main__ - INFO - Callback query received: user_id=8270492933, data=noop
2026-06-16 00:19:42,395 - httpx - INFO - HTTP Request: POST https://api.telegram.org/bot8657142758:AAGUQRm-T_ITFafMBJHzhBNQ2ZhjhuXQ4oE/answerCallbackQuery "HTTP/1.1 200 OK"
2026-06-16 00:19:44,764 - httpx - INFO - HTTP Request: POST https://api.telegram.org/bot8657142758:AAGUQRm-T_ITFafMBJHzhBNQ2ZhjhuXQ4oE/getUpdates "HTTP/1.1 200 OK"
2026-06-16 00:19:44,766 - __main__ - INFO - RAW UPDATE: {'callback_query': {'chat_instance': '3000672466049168352', 'data': 'prod_pic_0_1', 'id': '7851380561219110668', 'message': {'caption': '🛍 Bozor mahsuloti (1/3)\n\n📍 Kelish joyi: xitoy\n⏱ Kelish muddati: 90kun\n💵 Narxi: 1mlrd\n📝 Izoh: balo', 'caption_entities': [{'length': 21, 'offset': 3, 'type': <MessageEntityType.BOLD>}], 'channel_chat_created': False, 'delete_chat_photo': False, 'group_chat_created': False, 'photo': [{'height': 90, 'width': 90, 'file_id': 'AgACAgIAAxkBAAN_ajBHaR0cmTwhAQa0p8PaJzRcRBAAAi8iaxsTboFJIn5IXmxpwwABAQADAgADcwADPAQ', 'file_size': 1348, 'file_unique_id': 'AQADLyJrGxNugUl4'}, {'height': 320, 'width': 320, 'file_id': 'AgACAgIAAxkBAAN_ajBHaR0cmTwhAQa0p8PaJzRcRBAAAi8iaxsTboFJIn5IXmxpwwABAQADAgADbQADPAQ', 'file_size': 13122, 'file_unique_id': 'AQADLyJrGxNugUly'}, {'height': 800, 'width': 800, 'file_id': 'AgACAgIAAxkBAAN_ajBHaR0cmTwhAQa0p8PaJzRcRBAAAi8iaxsTboFJIn5IXmxpwwABAQADAgADeAADPAQ', 'file_size': 51800, 'file_unique_id': 'AQADLyJrGxNugUl9'}, {'height': 1280, 'width': 1280, 'file_id': 'AgACAgIAAxkBAAN_ajBHaR0cmTwhAQa0p8PaJzRcRBAAAi8iaxsTboFJIn5IXmxpwwABAQADAgADeQADPAQ', 'file_size': 96924, 'file_unique_id': 'AQADLyJrGxNugUl-'}], 'reply_markup': {'inline_keyboard': [[{'callback_data': 'buy_prod_3', 'text': 'Sotib olish 💳'}], [{'callback_data': 'noop', 'text': '❌'}, {'callback_data': 'noop', 'text': '🖼 1/3'}, {'callback_data': 'prod_pic_0_1', 'text': 'Rasm ➡️'}], [{'callback_data': 'noop', 'text': '1/3'}, {'callback_data': 'cat_idx_1', 'text': 'Keyingi Mahsulot ➡️'}], [{'callback_data': 'admin_edit_3', 'text': 'Tahrirlash ✏️'}, {'callback_data': 'admin_del_3', 'text': "O'chirish ❌"}]]}, 'supergroup_chat_created': False, 'chat': {'first_name': 'Sirojiddin', 'id': 8270492933, 'type': <ChatType.PRIVATE>, 'username': 'Sirojiddin_Ibn_Baxtiyor'}, 'date': 1781551169, 'message_id': 239, 'from': {'first_name': 'Fevrallik', 'id': 8657142758, 'is_bot': True, 'username': 'fevrallik_noiloj_bot'}}, 'from': {'first_name': 'Sirojiddin', 'id': 8270492933, 'is_bot': False, 'language_code': 'en', 'username': 'Sirojiddin_Ibn_Baxtiyor'}}, 'update_id': 63032996}
2026-06-16 00:19:44,767 - __main__ - INFO - Callback query received: user_id=8270492933, data=prod_pic_0_1
2026-06-16 00:19:44,962 - httpx - INFO - HTTP Request: POST https://api.telegram.org/bot8657142758:AAGUQRm-T_ITFafMBJHzhBNQ2ZhjhuXQ4oE/answerCallbackQuery "HTTP/1.1 200 OK"
2026-06-16 00:19:45,152 - httpx - INFO - HTTP Request: POST https://api.telegram.org/bot8657142758:AAGUQRm-T_ITFafMBJHzhBNQ2ZhjhuXQ4oE/editMessageMedia "HTTP/1.1 200 OK"
2026-06-16 00:19:46,391 - httpx - INFO - HTTP Request: POST https://api.telegram.org/bot8657142758:AAGUQRm-T_ITFafMBJHzhBNQ2ZhjhuXQ4oE/getUpdates "HTTP/1.1 200 OK"
2026-06-16 00:19:46,393 - __main__ - INFO - RAW UPDATE: {'callback_query': {'chat_instance': '3000672466049168352', 'data': 'prod_pic_0_2', 'id': '7851380558816663039', 'message': {'caption': '🛍 Bozor mahsuloti (1/3)\n\n📍 Kelish joyi: xitoy\n⏱ Kelish muddati: 90kun\n💵 Narxi: 1mlrd\n📝 Izoh: balo', 'caption_entities': [{'length': 21, 'offset': 3, 'type': <MessageEntityType.BOLD>}], 'channel_chat_created': False, 'delete_chat_photo': False, 'edit_date': 1781551185, 'group_chat_created': False, 'photo': [{'height': 90, 'width': 90, 'file_id': 'AgACAgIAAxkBAAOAajBHaf4Q3uLW5Nkqr4iecO1_JOgAAjAiaxsTboFJ5yigSw3UN14BAAMCAANzAAM8BA', 'file_size': 1093, 'file_unique_id': 'AQADMCJrGxNugUl4'}, {'height': 320, 'width': 320, 'file_id': 'AgACAgIAAxkBAAOAajBHaf4Q3uLW5Nkqr4iecO1_JOgAAjAiaxsTboFJ5yigSw3UN14BAAMCAANtAAM8BA', 'file_size': 18080, 'file_unique_id': 'AQADMCJrGxNugUly'}, {'height': 800, 'width': 800, 'file_id': 'AgACAgIAAxkBAAOAajBHaf4Q3uLW5Nkqr4iecO1_JOgAAjAiaxsTboFJ5yigSw3UN14BAAMCAAN4AAM8BA', 'file_size': 74131, 'file_unique_id': 'AQADMCJrGxNugUl9'}, {'height': 1280, 'width': 1280, 'file_id': 'AgACAgIAAxkBAAOAajBHaf4Q3uLW5Nkqr4iecO1_JOgAAjAiaxsTboFJ5yigSw3UN14BAAMCAAN5AAM8BA', 'file_size': 121933, 'file_unique_id': 'AQADMCJrGxNugUl-'}], 'reply_markup': {'inline_keyboard': [[{'callback_data': 'buy_prod_3', 'text': 'Sotib olish 💳'}], [{'callback_data': 'prod_pic_0_0', 'text': '⬅️ Rasm'}, {'callback_data': 'noop', 'text': '🖼 2/3'}, {'callback_data': 'prod_pic_0_2', 'text': 'Rasm ➡️'}], [{'callback_data': 'noop', 'text': '1/3'}, {'callback_data': 'cat_idx_1', 'text': 'Keyingi Mahsulot ➡️'}], [{'callback_data': 'admin_edit_3', 'text': 'Tahrirlash ✏️'}, {'callback_data': 'admin_del_3', 'text': "O'chirish ❌"}]]}, 'supergroup_chat_created': False, 'chat': {'first_name': 'Sirojiddin', 'id': 8270492933, 'type': <ChatType.PRIVATE>, 'username': 'Sirojiddin_Ibn_Baxtiyor'}, 'date': 1781551169, 'message_id': 239, 'from': {'first_name': 'Fevrallik', 'id': 8657142758, 'is_bot': True, 'username': 'fevrallik_noiloj_bot'}}, 'from': {'first_name': 'Sirojiddin', 'id': 8270492933, 'is_bot': False, 'language_code': 'en', 'username': 'Sirojiddin_Ibn_Baxtiyor'}}, 'update_id': 63032997}
2026-06-16 00:19:46,393 - __main__ - INFO - Callback query received: user_id=8270492933, data=prod_pic_0_2
2026-06-16 00:19:46,603 - httpx - INFO - HTTP Request: POST https://api.telegram.org/bot8657142758:AAGUQRm-T_ITFafMBJHzhBNQ2ZhjhuXQ4oE/answerCallbackQuery "HTTP/1.1 200 OK"
2026-06-16 00:19:46,816 - httpx - INFO - HTTP Request: POST https://api.telegram.org/bot8657142758:AAGUQRm-T_ITFafMBJHzhBNQ2ZhjhuXQ4oE/editMessageMedia "HTTP/1.1 200 OK"
2026-06-16 00:19:49,500 - httpx - INFO - HTTP Request: POST https://api.telegram.org/bot8657142758:AAGUQRm-T_ITFafMBJHzhBNQ2ZhjhuXQ4oE/getUpdates "HTTP/1.1 200 OK"
2026-06-16 00:19:49,502 - __main__ - INFO - RAW UPDATE: {'callback_query': {'chat_instance': '3000672466049168352', 'data': 'cat_idx_1', 'id': '7851380560871100416', 'message': {'caption': '🛍 Bozor mahsuloti (1/3)\n\n📍 Kelish joyi: xitoy\n⏱ Kelish muddati: 90kun\n💵 Narxi: 1mlrd\n📝 Izoh: balo', 'caption_entities': [{'length': 21, 'offset': 3, 'type': <MessageEntityType.BOLD>}], 'channel_chat_created': False, 'delete_chat_photo': False, 'edit_date': 1781551186, 'group_chat_created': False, 'photo': [{'height': 90, 'width': 58, 'file_id': 'AgACAgIAAxkBAAOcajBLX32EqM6PgnZ4bHbPMNixfCQAAjkiaxsTboFJ3s_NVObRU14BAAMCAANzAAM8BA', 'file_size': 1151, 'file_unique_id': 'AQADOSJrGxNugUl4'}, {'height': 320, 'width': 208, 'file_id': 'AgACAgIAAxkBAAOcajBLX32EqM6PgnZ4bHbPMNixfCQAAjkiaxsTboFJ3s_NVObRU14BAAMCAANtAAM8BA', 'file_size': 10058, 'file_unique_id': 'AQADOSJrGxNugUly'}, {'height': 800, 'width': 519, 'file_id': 'AgACAgIAAxkBAAOcajBLX32EqM6PgnZ4bHbPMNixfCQAAjkiaxsTboFJ3s_NVObRU14BAAMCAAN4AAM8BA', 'file_size': 30510, 'file_unique_id': 'AQADOSJrGxNugUl9'}, {'height': 1280, 'width': 831, 'file_id': 'AgACAgIAAxkBAAOcajBLX32EqM6PgnZ4bHbPMNixfCQAAjkiaxsTboFJ3s_NVObRU14BAAMCAAN5AAM8BA', 'file_size': 47781, 'file_unique_id': 'AQADOSJrGxNugUl-'}], 'reply_markup': {'inline_keyboard': [[{'callback_data': 'buy_prod_3', 'text': 'Sotib olish 💳'}], [{'callback_data': 'prod_pic_0_1', 'text': '⬅️ Rasm'}, {'callback_data': 'noop', 'text': '🖼 3/3'}, {'callback_data': 'noop', 'text': '❌'}], [{'callback_data': 'noop', 'text': '1/3'}, {'callback_data': 'cat_idx_1', 'text': 'Keyingi Mahsulot ➡️'}], [{'callback_data': 'admin_edit_3', 'text': 'Tahrirlash ✏️'}, {'callback_data': 'admin_del_3', 'text': "O'chirish ❌"}]]}, 'supergroup_chat_created': False, 'chat': {'first_name': 'Sirojiddin', 'id': 8270492933, 'type': <ChatType.PRIVATE>, 'username': 'Sirojiddin_Ibn_Baxtiyor'}, 'date': 1781551169, 'message_id': 239, 'from': {'first_name': 'Fevrallik', 'id': 8657142758, 'is_bot': True, 'username': 'fevrallik_noiloj_bot'}}, 'from': {'first_name': 'Sirojiddin', 'id': 8270492933, 'is_bot': False, 'language_code': 'en', 'username': 'Sirojiddin_Ibn_Baxtiyor'}}, 'update_id': 63032998}
2026-06-16 00:19:49,502 - __main__ - INFO - Callback query received: user_id=8270492933, data=cat_idx_1
2026-06-16 00:19:49,663 - httpx - INFO - HTTP Request: POST https://api.telegram.org/bot8657142758:AAGUQRm-T_ITFafMBJHzhBNQ2ZhjhuXQ4oE/answerCallbackQuery "HTTP/1.1 200 OK"
2026-06-16 00:19:49,919 - httpx - INFO - HTTP Request: POST https://api.telegram.org/bot8657142758:AAGUQRm-T_ITFafMBJHzhBNQ2ZhjhuXQ4oE/editMessageMedia "HTTP/1.1 200 OK"
2026-06-16 00:19:53,849 - httpx - INFO - HTTP Request: POST https://api.telegram.org/bot8657142758:AAGUQRm-T_ITFafMBJHzhBNQ2ZhjhuXQ4oE/getUpdates "HTTP/1.1 200 OK"
2026-06-16 00:19:53,851 - __main__ - INFO - RAW UPDATE: {'callback_query': {'chat_instance': '3000672466049168352', 'data': 'cat_idx_2', 'id': '7851380561327638956', 'message': {'caption': '🛍 Bozor mahsuloti (2/3)\n\n📍 Kelish joyi: xxxxxxxxxxxx\n⏱ Kelish muddati: 888888888888\n💵 Narxi: 000000000000\n📝 Izoh: bvirbvruibvruisv', 'caption_entities': [{'length': 21, 'offset': 3, 'type': <MessageEntityType.BOLD>}], 'channel_chat_created': False, 'delete_chat_photo': False, 'edit_date': 1781551189, 'group_chat_created': False, 'photo': [{'height': 90, 'width': 90, 'file_id': 'AgACAgIAAxkBAAN_ajBHaR0cmTwhAQa0p8PaJzRcRBAAAi8iaxsTboFJIn5IXmxpwwABAQADAgADcwADPAQ', 'file_size': 1348, 'file_unique_id': 'AQADLyJrGxNugUl4'}, {'height': 320, 'width': 320, 'file_id': 'AgACAgIAAxkBAAN_ajBHaR0cmTwhAQa0p8PaJzRcRBAAAi8iaxsTboFJIn5IXmxpwwABAQADAgADbQADPAQ', 'file_size': 13122, 'file_unique_id': 'AQADLyJrGxNugUly'}, {'height': 800, 'width': 800, 'file_id': 'AgACAgIAAxkBAAN_ajBHaR0cmTwhAQa0p8PaJzRcRBAAAi8iaxsTboFJIn5IXmxpwwABAQADAgADeAADPAQ', 'file_size': 51800, 'file_unique_id': 'AQADLyJrGxNugUl9'}, {'height': 1280, 'width': 1280, 'file_id': 'AgACAgIAAxkBAAN_ajBHaR0cmTwhAQa0p8PaJzRcRBAAAi8iaxsTboFJIn5IXmxpwwABAQADAgADeQADPAQ', 'file_size': 96924, 'file_unique_id': 'AQADLyJrGxNugUl-'}], 'reply_markup': {'inline_keyboard': [[{'callback_data': 'buy_prod_2', 'text': 'Sotib olish 💳'}], [{'callback_data': 'noop', 'text': '❌'}, {'callback_data': 'noop', 'text': '🖼 1/3'}, {'callback_data': 'prod_pic_1_1', 'text': 'Rasm ➡️'}], [{'callback_data': 'cat_idx_0', 'text': '⬅️ Oldingi Mahsulot'}, {'callback_data': 'noop', 'text': '2/3'}, {'callback_data': 'cat_idx_2', 'text': 'Keyingi Mahsulot ➡️'}], [{'callback_data': 'admin_edit_2', 'text': 'Tahrirlash ✏️'}, {'callback_data': 'admin_del_2', 'text': "O'chirish ❌"}]]}, 'supergroup_chat_created': False, 'chat': {'first_name': 'Sirojiddin', 'id': 8270492933, 'type': <ChatType.PRIVATE>, 'username': 'Sirojiddin_Ibn_Baxtiyor'}, 'date': 1781551169, 'message_id': 239, 'from': {'first_name': 'Fevrallik', 'id': 8657142758, 'is_bot': True, 'username': 'fevrallik_noiloj_bot'}}, 'from': {'first_name': 'Sirojiddin', 'id': 8270492933, 'is_bot': False, 'language_code': 'en', 'username': 'Sirojiddin_Ibn_Baxtiyor'}}, 'update_id': 63032999}
2026-06-16 00:19:53,851 - __main__ - INFO - Callback query received: user_id=8270492933, data=cat_idx_2
2026-06-16 00:19:54,088 - httpx - INFO - HTTP Request: POST https://api.telegram.org/bot8657142758:AAGUQRm-T_ITFafMBJHzhBNQ2ZhjhuXQ4oE/answerCallbackQuery "HTTP/1.1 200 OK"
2026-06-16 00:19:54,293 - httpx - INFO - HTTP Request: POST https://api.telegram.org/bot8657142758:AAGUQRm-T_ITFafMBJHzhBNQ2ZhjhuXQ4oE/editMessageMedia "HTTP/1.1 200 OK"
2026-06-16 00:20:04,051 - httpx - INFO - HTTP Request: POST https://api.telegram.org/bot8657142758:AAGUQRm-T_ITFafMBJHzhBNQ2ZhjhuXQ4oE/getUpdates "HTTP/1.1 200 OK"
2026-06-16 00:20:14,203 - httpx - INFO - HTTP Request: POST https://api.telegram.org/bot8657142758:AAGUQRm-T_ITFafMBJHzhBNQ2ZhjhuXQ4oE/getUpdates "HTTP/1.1 200 OK"
2026-06-16 00:20:24,405 - httpx - INFO - HTTP Request: POST https://api.telegram.org/bot8657142758:AAGUQRm-T_ITFafMBJHzhBNQ2ZhjhuXQ4oE/getUpdates "HTTP/1.1 200 OK"
2026-06-16 00:20:27,065 - httpx - INFO - HTTP Request: POST https://api.telegram.org/bot8657142758:AAGUQRm-T_ITFafMBJHzhBNQ2ZhjhuXQ4oE/getUpdates "HTTP/1.1 200 OK"
2026-06-16 00:20:27,067 - __main__ - INFO - RAW UPDATE: {'message': {'channel_chat_created': False, 'delete_chat_photo': False, 'group_chat_created': False, 'supergroup_chat_created': False, 'text': 'Bozor 🛍', 'chat': {'first_name': 'Ghost', 'id': 7844532860, 'type': <ChatType.PRIVATE>}, 'date': 1781551226, 'message_id': 240, 'from': {'first_name': 'Ghost', 'id': 7844532860, 'is_bot': False, 'language_code': 'uz'}}, 'update_id': 63033000}
2026-06-16 00:20:27,067 - __main__ - INFO - Message received from user_id=7844532860: state=None, text=Bozor 🛍
2026-06-16 00:20:27,725 - httpx - INFO - HTTP Request: POST https://api.telegram.org/bot8657142758:AAGUQRm-T_ITFafMBJHzhBNQ2ZhjhuXQ4oE/sendPhoto "HTTP/1.1 200 OK"
2026-06-16 00:20:29,768 - httpx - INFO - HTTP Request: POST https://api.telegram.org/bot8657142758:AAGUQRm-T_ITFafMBJHzhBNQ2ZhjhuXQ4oE/getUpdates "HTTP/1.1 200 OK"
2026-06-16 00:20:29,771 - __main__ - INFO - RAW UPDATE: {'callback_query': {'chat_instance': '-3220911182468524995', 'data': 'prod_pic_0_1', 'id': '6021895978800312789', 'message': {'caption': '🛍 Bozor mahsuloti (1/3)\n\n📍 Kelish joyi: xitoy\n⏱ Kelish muddati: 90kun\n💵 Narxi: 1mlrd\n📝 Izoh: balo', 'caption_entities': [{'length': 21, 'offset': 3, 'type': <MessageEntityType.BOLD>}], 'channel_chat_created': False, 'delete_chat_photo': False, 'group_chat_created': False, 'photo': [{'height': 90, 'width': 90, 'file_id': 'AgACAgIAAxkBAAN_ajBHaR0cmTwhAQa0p8PaJzRcRBAAAi8iaxsTboFJIn5IXmxpwwABAQADAgADcwADPAQ', 'file_size': 1348, 'file_unique_id': 'AQADLyJrGxNugUl4'}, {'height': 320, 'width': 320, 'file_id': 'AgACAgIAAxkBAAN_ajBHaR0cmTwhAQa0p8PaJzRcRBAAAi8iaxsTboFJIn5IXmxpwwABAQADAgADbQADPAQ', 'file_size': 13122, 'file_unique_id': 'AQADLyJrGxNugUly'}, {'height': 800, 'width': 800, 'file_id': 'AgACAgIAAxkBAAN_ajBHaR0cmTwhAQa0p8PaJzRcRBAAAi8iaxsTboFJIn5IXmxpwwABAQADAgADeAADPAQ', 'file_size': 51800, 'file_unique_id': 'AQADLyJrGxNugUl9'}, {'height': 1280, 'width': 1280, 'file_id': 'AgACAgIAAxkBAAN_ajBHaR0cmTwhAQa0p8PaJzRcRBAAAi8iaxsTboFJIn5IXmxpwwABAQADAgADeQADPAQ', 'file_size': 96924, 'file_unique_id': 'AQADLyJrGxNugUl-'}], 'reply_markup': {'inline_keyboard': [[{'callback_data': 'buy_prod_3', 'text': 'Sotib olish 💳'}], [{'callback_data': 'noop', 'text': '❌'}, {'callback_data': 'noop', 'text': '🖼 1/3'}, {'callback_data': 'prod_pic_0_1', 'text': 'Rasm ➡️'}], [{'callback_data': 'noop', 'text': '1/3'}, {'callback_data': 'cat_idx_1', 'text': 'Keyingi Mahsulot ➡️'}]]}, 'supergroup_chat_created': False, 'chat': {'first_name': 'Ghost', 'id': 7844532860, 'type': <ChatType.PRIVATE>}, 'date': 1781551227, 'message_id': 241, 'from': {'first_name': 'Fevrallik', 'id': 8657142758, 'is_bot': True, 'username': 'fevrallik_noiloj_bot'}}, 'from': {'first_name': 'Ghost', 'id': 7844532860, 'is_bot': False, 'language_code': 'uz'}}, 'update_id': 63033001}
2026-06-16 00:20:29,772 - __main__ - INFO - Callback query received: user_id=7844532860, data=prod_pic_0_1
2026-06-16 00:20:30,030 - httpx - INFO - HTTP Request: POST https://api.telegram.org/bot8657142758:AAGUQRm-T_ITFafMBJHzhBNQ2ZhjhuXQ4oE/answerCallbackQuery "HTTP/1.1 200 OK"
2026-06-16 00:20:30,455 - httpx - INFO - HTTP Request: POST https://api.telegram.org/bot8657142758:AAGUQRm-T_ITFafMBJHzhBNQ2ZhjhuXQ4oE/editMessageMedia "HTTP/1.1 200 OK"
2026-06-16 00:20:31,191 - httpx - INFO - HTTP Request: POST https://api.telegram.org/bot8657142758:AAGUQRm-T_ITFafMBJHzhBNQ2ZhjhuXQ4oE/getUpdates "HTTP/1.1 200 OK"
2026-06-16 00:20:31,193 - __main__ - INFO - RAW UPDATE: {'callback_query': {'chat_instance': '-3220911182468524995', 'data': 'prod_pic_0_2', 'id': '6021895975864927456', 'message': {'caption': '🛍 Bozor mahsuloti (1/3)\n\n📍 Kelish joyi: xitoy\n⏱ Kelish muddati: 90kun\n💵 Narxi: 1mlrd\n📝 Izoh: balo', 'caption_entities': [{'length': 21, 'offset': 3, 'type': <MessageEntityType.BOLD>}], 'channel_chat_created': False, 'delete_chat_photo': False, 'edit_date': 1781551230, 'group_chat_created': False, 'photo': [{'height': 90, 'width': 90, 'file_id': 'AgACAgIAAxkBAAOAajBHaf4Q3uLW5Nkqr4iecO1_JOgAAjAiaxsTboFJ5yigSw3UN14BAAMCAANzAAM8BA', 'file_size': 1093, 'file_unique_id': 'AQADMCJrGxNugUl4'}, {'height': 320, 'width': 320, 'file_id': 'AgACAgIAAxkBAAOAajBHaf4Q3uLW5Nkqr4iecO1_JOgAAjAiaxsTboFJ5yigSw3UN14BAAMCAANtAAM8BA', 'file_size': 18080, 'file_unique_id': 'AQADMCJrGxNugUly'}, {'height': 800, 'width': 800, 'file_id': 'AgACAgIAAxkBAAOAajBHaf4Q3uLW5Nkqr4iecO1_JOgAAjAiaxsTboFJ5yigSw3UN14BAAMCAAN4AAM8BA', 'file_size': 74131, 'file_unique_id': 'AQADMCJrGxNugUl9'}, {'height': 1280, 'width': 1280, 'file_id': 'AgACAgIAAxkBAAOAajBHaf4Q3uLW5Nkqr4iecO1_JOgAAjAiaxsTboFJ5yigSw3UN14BAAMCAAN5AAM8BA', 'file_size': 121933, 'file_unique_id': 'AQADMCJrGxNugUl-'}], 'reply_markup': {'inline_keyboard': [[{'callback_data': 'buy_prod_3', 'text': 'Sotib olish 💳'}], [{'callback_data': 'prod_pic_0_0', 'text': '⬅️ Rasm'}, {'callback_data': 'noop', 'text': '🖼 2/3'}, {'callback_data': 'prod_pic_0_2', 'text': 'Rasm ➡️'}], [{'callback_data': 'noop', 'text': '1/3'}, {'callback_data': 'cat_idx_1', 'text': 'Keyingi Mahsulot ➡️'}]]}, 'supergroup_chat_created': False, 'chat': {'first_name': 'Ghost', 'id': 7844532860, 'type': <ChatType.PRIVATE>}, 'date': 1781551227, 'message_id': 241, 'from': {'first_name': 'Fevrallik', 'id': 8657142758, 'is_bot': True, 'username': 'fevrallik_noiloj_bot'}}, 'from': {'first_name': 'Ghost', 'id': 7844532860, 'is_bot': False, 'language_code': 'uz'}}, 'update_id': 63033002}
2026-06-16 00:20:31,193 - __main__ - INFO - Callback query received: user_id=7844532860, data=prod_pic_0_2
2026-06-16 00:20:31,358 - httpx - INFO - HTTP Request: POST https://api.telegram.org/bot8657142758:AAGUQRm-T_ITFafMBJHzhBNQ2ZhjhuXQ4oE/answerCallbackQuery "HTTP/1.1 200 OK"
2026-06-16 00:20:31,551 - httpx - INFO - HTTP Request: POST https://api.telegram.org/bot8657142758:AAGUQRm-T_ITFafMBJHzhBNQ2ZhjhuXQ4oE/editMessageMedia "HTTP/1.1 200 OK"
2026-06-16 00:20:32,257 - httpx - INFO - HTTP Request: POST https://api.telegram.org/bot8657142758:AAGUQRm-T_ITFafMBJHzhBNQ2ZhjhuXQ4oE/getUpdates "HTTP/1.1 200 OK"
2026-06-16 00:20:32,260 - __main__ - INFO - RAW UPDATE: {'callback_query': {'chat_instance': '-3220911182468524995', 'data': 'noop', 'id': '6021895977573005203', 'message': {'caption': '🛍 Bozor mahsuloti (1/3)\n\n📍 Kelish joyi: xitoy\n⏱ Kelish muddati: 90kun\n💵 Narxi: 1mlrd\n📝 Izoh: balo', 'caption_entities': [{'length': 21, 'offset': 3, 'type': <MessageEntityType.BOLD>}], 'channel_chat_created': False, 'delete_chat_photo': False, 'edit_date': 1781551231, 'group_chat_created': False, 'photo': [{'height': 90, 'width': 58, 'file_id': 'AgACAgIAAxkBAAOcajBLX32EqM6PgnZ4bHbPMNixfCQAAjkiaxsTboFJ3s_NVObRU14BAAMCAANzAAM8BA', 'file_size': 1151, 'file_unique_id': 'AQADOSJrGxNugUl4'}, {'height': 320, 'width': 208, 'file_id': 'AgACAgIAAxkBAAOcajBLX32EqM6PgnZ4bHbPMNixfCQAAjkiaxsTboFJ3s_NVObRU14BAAMCAANtAAM8BA', 'file_size': 10058, 'file_unique_id': 'AQADOSJrGxNugUly'}, {'height': 800, 'width': 519, 'file_id': 'AgACAgIAAxkBAAOcajBLX32EqM6PgnZ4bHbPMNixfCQAAjkiaxsTboFJ3s_NVObRU14BAAMCAAN4AAM8BA', 'file_size': 30510, 'file_unique_id': 'AQADOSJrGxNugUl9'}, {'height': 1280, 'width': 831, 'file_id': 'AgACAgIAAxkBAAOcajBLX32EqM6PgnZ4bHbPMNixfCQAAjkiaxsTboFJ3s_NVObRU14BAAMCAAN5AAM8BA', 'file_size': 47781, 'file_unique_id': 'AQADOSJrGxNugUl-'}], 'reply_markup': {'inline_keyboard': [[{'callback_data': 'buy_prod_3', 'text': 'Sotib olish 💳'}], [{'callback_data': 'prod_pic_0_1', 'text': '⬅️ Rasm'}, {'callback_data': 'noop', 'text': '🖼 3/3'}, {'callback_data': 'noop', 'text': '❌'}], [{'callback_data': 'noop', 'text': '1/3'}, {'callback_data': 'cat_idx_1', 'text': 'Keyingi Mahsulot ➡️'}]]}, 'supergroup_chat_created': False, 'chat': {'first_name': 'Ghost', 'id': 7844532860, 'type': <ChatType.PRIVATE>}, 'date': 1781551227, 'message_id': 241, 'from': {'first_name': 'Fevrallik', 'id': 8657142758, 'is_bot': True, 'username': 'fevrallik_noiloj_bot'}}, 'from': {'first_name': 'Ghost', 'id': 7844532860, 'is_bot': False, 'language_code': 'uz'}}, 'update_id': 63033003}
2026-06-16 00:20:32,264 - __main__ - INFO - Callback query received: user_id=7844532860, data=noop
2026-06-16 00:20:32,511 - httpx - INFO - HTTP Request: POST https://api.telegram.org/bot8657142758:AAGUQRm-T_ITFafMBJHzhBNQ2ZhjhuXQ4oE/answerCallbackQuery "HTTP/1.1 200 OK"
2026-06-16 00:20:33,996 - httpx - INFO - HTTP Request: POST https://api.telegram.org/bot8657142758:AAGUQRm-T_ITFafMBJHzhBNQ2ZhjhuXQ4oE/getUpdates "HTTP/1.1 200 OK"
2026-06-16 00:20:33,999 - __main__ - INFO - RAW UPDATE: {'callback_query': {'chat_instance': '-3220911182468524995', 'data': 'cat_idx_1', 'id': '6021895978458708590', 'message': {'caption': '🛍 Bozor mahsuloti (1/3)\n\n📍 Kelish joyi: xitoy\n⏱ Kelish muddati: 90kun\n💵 Narxi: 1mlrd\n📝 Izoh: balo', 'caption_entities': [{'length': 21, 'offset': 3, 'type': <MessageEntityType.BOLD>}], 'channel_chat_created': False, 'delete_chat_photo': False, 'edit_date': 1781551231, 'group_chat_created': False, 'photo': [{'height': 90, 'width': 58, 'file_id': 'AgACAgIAAxkBAAOcajBLX32EqM6PgnZ4bHbPMNixfCQAAjkiaxsTboFJ3s_NVObRU14BAAMCAANzAAM8BA', 'file_size': 1151, 'file_unique_id': 'AQADOSJrGxNugUl4'}, {'height': 320, 'width': 208, 'file_id': 'AgACAgIAAxkBAAOcajBLX32EqM6PgnZ4bHbPMNixfCQAAjkiaxsTboFJ3s_NVObRU14BAAMCAANtAAM8BA', 'file_size': 10058, 'file_unique_id': 'AQADOSJrGxNugUly'}, {'height': 800, 'width': 519, 'file_id': 'AgACAgIAAxkBAAOcajBLX32EqM6PgnZ4bHbPMNixfCQAAjkiaxsTboFJ3s_NVObRU14BAAMCAAN4AAM8BA', 'file_size': 30510, 'file_unique_id': 'AQADOSJrGxNugUl9'}, {'height': 1280, 'width': 831, 'file_id': 'AgACAgIAAxkBAAOcajBLX32EqM6PgnZ4bHbPMNixfCQAAjkiaxsTboFJ3s_NVObRU14BAAMCAAN5AAM8BA', 'file_size': 47781, 'file_unique_id': 'AQADOSJrGxNugUl-'}], 'reply_markup': {'inline_keyboard': [[{'callback_data': 'buy_prod_3', 'text': 'Sotib olish 💳'}], [{'callback_data': 'prod_pic_0_1', 'text': '⬅️ Rasm'}, {'callback_data': 'noop', 'text': '🖼 3/3'}, {'callback_data': 'noop', 'text': '❌'}], [{'callback_data': 'noop', 'text': '1/3'}, {'callback_data': 'cat_idx_1', 'text': 'Keyingi Mahsulot ➡️'}]]}, 'supergroup_chat_created': False, 'chat': {'first_name': 'Ghost', 'id': 7844532860, 'type': <ChatType.PRIVATE>}, 'date': 1781551227, 'message_id': 241, 'from': {'first_name': 'Fevrallik', 'id': 8657142758, 'is_bot': True, 'username': 'fevrallik_noiloj_bot'}}, 'from': {'first_name': 'Ghost', 'id': 7844532860, 'is_bot': False, 'language_code': 'uz'}}, 'update_id': 63033004}
2026-06-16 00:20:34,000 - __main__ - INFO - Callback query received: user_id=7844532860, data=cat_idx_1
2026-06-16 00:20:34,189 - httpx - INFO - HTTP Request: POST https://api.telegram.org/bot8657142758:AAGUQRm-T_ITFafMBJHzhBNQ2ZhjhuXQ4oE/answerCallbackQuery "HTTP/1.1 200 OK"
2026-06-16 00:20:34,391 - httpx - INFO - HTTP Request: POST https://api.telegram.org/bot8657142758:AAGUQRm-T_ITFafMBJHzhBNQ2ZhjhuXQ4oE/editMessageMedia "HTTP/1.1 200 OK"
2026-06-16 00:20:37,352 - httpx - INFO - HTTP Request: POST https://api.telegram.org/bot8657142758:AAGUQRm-T_ITFafMBJHzhBNQ2ZhjhuXQ4oE/getUpdates "HTTP/1.1 200 OK"
2026-06-16 00:20:37,354 - __main__ - INFO - RAW UPDATE: {'callback_query': {'chat_instance': '-3220911182468524995', 'data': 'cat_idx_2', 'id': '6021895976739035449', 'message': {'caption': '🛍 Bozor mahsuloti (2/3)\n\n📍 Kelish joyi: xxxxxxxxxxxx\n⏱ Kelish muddati: 888888888888\n💵 Narxi: 000000000000\n📝 Izoh: bvirbvruibvruisv', 'caption_entities': [{'length': 21, 'offset': 3, 'type': <MessageEntityType.BOLD>}], 'channel_chat_created': False, 'delete_chat_photo': False, 'edit_date': 1781551234, 'group_chat_created': False, 'photo': [{'height': 90, 'width': 90, 'file_id': 'AgACAgIAAxkBAAN_ajBHaR0cmTwhAQa0p8PaJzRcRBAAAi8iaxsTboFJIn5IXmxpwwABAQADAgADcwADPAQ', 'file_size': 1348, 'file_unique_id': 'AQADLyJrGxNugUl4'}, {'height': 320, 'width': 320, 'file_id': 'AgACAgIAAxkBAAN_ajBHaR0cmTwhAQa0p8PaJzRcRBAAAi8iaxsTboFJIn5IXmxpwwABAQADAgADbQADPAQ', 'file_size': 13122, 'file_unique_id': 'AQADLyJrGxNugUly'}, {'height': 800, 'width': 800, 'file_id': 'AgACAgIAAxkBAAN_ajBHaR0cmTwhAQa0p8PaJzRcRBAAAi8iaxsTboFJIn5IXmxpwwABAQADAgADeAADPAQ', 'file_size': 51800, 'file_unique_id': 'AQADLyJrGxNugUl9'}, {'height': 1280, 'width': 1280, 'file_id': 'AgACAgIAAxkBAAN_ajBHaR0cmTwhAQa0p8PaJzRcRBAAAi8iaxsTboFJIn5IXmxpwwABAQADAgADeQADPAQ', 'file_size': 96924, 'file_unique_id': 'AQADLyJrGxNugUl-'}], 'reply_markup': {'inline_keyboard': [[{'callback_data': 'buy_prod_2', 'text': 'Sotib olish 💳'}], [{'callback_data': 'noop', 'text': '❌'}, {'callback_data': 'noop', 'text': '🖼 1/3'}, {'callback_data': 'prod_pic_1_1', 'text': 'Rasm ➡️'}], [{'callback_data': 'cat_idx_0', 'text': '⬅️ Oldingi Mahsulot'}, {'callback_data': 'noop', 'text': '2/3'}, {'callback_data': 'cat_idx_2', 'text': 'Keyingi Mahsulot ➡️'}]]}, 'supergroup_chat_created': False, 'chat': {'first_name': 'Ghost', 'id': 7844532860, 'type': <ChatType.PRIVATE>}, 'date': 1781551227, 'message_id': 241, 'from': {'first_name': 'Fevrallik', 'id': 8657142758, 'is_bot': True, 'username': 'fevrallik_noiloj_bot'}}, 'from': {'first_name': 'Ghost', 'id': 7844532860, 'is_bot': False, 'language_code': 'uz'}}, 'update_id': 63033005}
2026-06-16 00:20:37,358 - __main__ - INFO - Callback query received: user_id=7844532860, data=cat_idx_2
2026-06-16 00:20:37,567 - httpx - INFO - HTTP Request: POST https://api.telegram.org/bot8657142758:AAGUQRm-T_ITFafMBJHzhBNQ2ZhjhuXQ4oE/answerCallbackQuery "HTTP/1.1 200 OK"
2026-06-16 00:20:37,819 - httpx - INFO - HTTP Request: POST https://api.telegram.org/bot8657142758:AAGUQRm-T_ITFafMBJHzhBNQ2ZhjhuXQ4oE/editMessageMedia "HTTP/1.1 200 OK"
2026-06-16 00:20:41,077 - httpx - INFO - HTTP Request: POST https://api.telegram.org/bot8657142758:AAGUQRm-T_ITFafMBJHzhBNQ2ZhjhuXQ4oE/getUpdates "HTTP/1.1 200 OK"
2026-06-16 00:20:41,079 - __main__ - INFO - RAW UPDATE: {'message': {'channel_chat_created': False, 'delete_chat_photo': False, 'group_chat_created': False, 'supergroup_chat_created': False, 'text': 'Aloqa 📞', 'chat': {'first_name': 'Ghost', 'id': 7844532860, 'type': <ChatType.PRIVATE>}, 'date': 1781551240, 'message_id': 242, 'from': {'first_name': 'Ghost', 'id': 7844532860, 'is_bot': False, 'language_code': 'uz'}}, 'update_id': 63033006}
2026-06-16 00:20:41,079 - __main__ - INFO - Message received from user_id=7844532860: state=None, text=Aloqa 📞
2026-06-16 00:20:41,278 - httpx - INFO - HTTP Request: POST https://api.telegram.org/bot8657142758:AAGUQRm-T_ITFafMBJHzhBNQ2ZhjhuXQ4oE/sendMessage "HTTP/1.1 200 OK"
2026-06-16 00:20:51,274 - httpx - INFO - HTTP Request: POST https://api.telegram.org/bot8657142758:AAGUQRm-T_ITFafMBJHzhBNQ2ZhjhuXQ4oE/getUpdates "HTTP/1.1 200 OK"
2026-06-16 00:21:01,446 - httpx - INFO - HTTP Request: POST https://api.telegram.org/bot8657142758:AAGUQRm-T_ITFafMBJHzhBNQ2ZhjhuXQ4oE/getUpdates "HTTP/1.1 200 OK"
2026-06-16 00:21:11,656 - httpx - INFO - HTTP Request: POST https://api.telegram.org/bot8657142758:AAGUQRm-T_ITFafMBJHzhBNQ2ZhjhuXQ4oE/getUpdates "HTTP/1.1 200 OK"
2026-06-16 00:21:21,811 - httpx - INFO - HTTP Request: POST https://api.telegram.org/bot8657142758:AAGUQRm-T_ITFafMBJHzhBNQ2ZhjhuXQ4oE/getUpdates "HTTP/1.1 200 OK"
2026-06-16 00:21:32,011 - httpx - INFO - HTTP Request: POST https://api.telegram.org/bot8657142758:AAGUQRm-T_ITFafMBJHzhBNQ2ZhjhuXQ4oE/getUpdates "HTTP/1.1 200 OK"
2026-06-16 00:21:42,189 - httpx - INFO - HTTP Request: POST https://api.telegram.org/bot8657142758:AAGUQRm-T_ITFafMBJHzhBNQ2ZhjhuXQ4oE/getUpdates "HTTP/1.1 200 OK"
2026-06-16 00:21:52,392 - httpx - INFO - HTTP Request: POST https://api.telegram.org/bot8657142758:AAGUQRm-T_ITFafMBJHzhBNQ2ZhjhuXQ4oE/getUpdates "HTTP/1.1 200 OK"
2026-06-16 00:22:02,589 - httpx - INFO - HTTP Request: POST https://api.telegram.org/bot8657142758:AAGUQRm-T_ITFafMBJHzhBNQ2ZhjhuXQ4oE/getUpdates "HTTP/1.1 200 OK"
2026-06-16 00:22:12,764 - httpx - INFO - HTTP Request: POST https://api.telegram.org/bot8657142758:AAGUQRm-T_ITFafMBJHzhBNQ2ZhjhuXQ4oE/getUpdates "HTTP/1.1 200 OK"
2026-06-16 00:22:22,949 - httpx - INFO - HTTP Request: POST https://api.telegram.org/bot8657142758:AAGUQRm-T_ITFafMBJHzhBNQ2ZhjhuXQ4oE/getUpdates "HTTP/1.1 200 OK"
2026-06-16 00:22:33,140 - httpx - INFO - HTTP Request: POST https://api.telegram.org/bot8657142758:AAGUQRm-T_ITFafMBJHzhBNQ2ZhjhuXQ4oE/getUpdates "HTTP/1.1 200 OK"
2026-06-16 00:22:43,367 - httpx - INFO - HTTP Request: POST https://api.telegram.org/bot8657142758:AAGUQRm-T_ITFafMBJHzhBNQ2ZhjhuXQ4oE/getUpdates "HTTP/1.1 200 OK"
2026-06-16 00:22:53,570 - httpx - INFO - HTTP Request: POST https://api.telegram.org/bot8657142758:AAGUQRm-T_ITFafMBJHzhBNQ2ZhjhuXQ4oE/getUpdates "HTTP/1.1 200 OK"
2026-06-16 00:23:03,750 - httpx - INFO - HTTP Request: POST https://api.telegram.org/bot8657142758:AAGUQRm-T_ITFafMBJHzhBNQ2ZhjhuXQ4oE/getUpdates "HTTP/1.1 200 OK"
2026-06-16 00:23:13,939 - httpx - INFO - HTTP Request: POST https://api.telegram.org/bot8657142758:AAGUQRm-T_ITFafMBJHzhBNQ2ZhjhuXQ4oE/getUpdates "HTTP/1.1 200 OK"
2026-06-16 00:23:24,128 - httpx - INFO - HTTP Request: POST https://api.telegram.org/bot8657142758:AAGUQRm-T_ITFafMBJHzhBNQ2ZhjhuXQ4oE/getUpdates "HTTP/1.1 200 OK"
2026-06-16 00:23:34,316 - httpx - INFO - HTTP Request: POST https://api.telegram.org/bot8657142758:AAGUQRm-T_ITFafMBJHzhBNQ2ZhjhuXQ4oE/getUpdates "HTTP/1.1 200 OK"
2026-06-16 00:23:44,927 - httpx - INFO - HTTP Request: POST https://api.telegram.org/bot8657142758:AAGUQRm-T_ITFafMBJHzhBNQ2ZhjhuXQ4oE/getUpdates "HTTP/1.1 200 OK"
2026-06-16 00:23:55,110 - httpx - INFO - HTTP Request: POST https://api.telegram.org/bot8657142758:AAGUQRm-T_ITFafMBJHzhBNQ2ZhjhuXQ4oE/getUpdates "HTTP/1.1 200 OK"
2026-06-16 00:24:05,298 - httpx - INFO - HTTP Request: POST https://api.telegram.org/bot8657142758:AAGUQRm-T_ITFafMBJHzhBNQ2ZhjhuXQ4oE/getUpdates "HTTP/1.1 200 OK"
2026-06-16 00:24:15,486 - httpx - INFO - HTTP Request: POST https://api.telegram.org/bot8657142758:AAGUQRm-T_ITFafMBJHzhBNQ2ZhjhuXQ4oE/getUpdates "HTTP/1.1 200 OK"
2026-06-16 00:24:25,687 - httpx - INFO - HTTP Request: POST https://api.telegram.org/bot8657142758:AAGUQRm-T_ITFafMBJHzhBNQ2ZhjhuXQ4oE/getUpdates "HTTP/1.1 200 OK"
2026-06-16 00:24:36,260 - httpx - INFO - HTTP Request: POST https://api.telegram.org/bot8657142758:AAGUQRm-T_ITFafMBJHzhBNQ2ZhjhuXQ4oE/getUpdates "HTTP/1.1 200 OK"
2026-06-16 00:24:46,457 - httpx - INFO - HTTP Request: POST https://api.telegram.org/bot8657142758:AAGUQRm-T_ITFafMBJHzhBNQ2ZhjhuXQ4oE/getUpdates "HTTP/1.1 200 OK"
2026-06-16 00:24:56,646 - httpx - INFO - HTTP Request: POST https://api.telegram.org/bot8657142758:AAGUQRm-T_ITFafMBJHzhBNQ2ZhjhuXQ4oE/getUpdates "HTTP/1.1 200 OK"
2026-06-16 00:25:06,837 - httpx - INFO - HTTP Request: POST https://api.telegram.org/bot8657142758:AAGUQRm-T_ITFafMBJHzhBNQ2ZhjhuXQ4oE/getUpdates "HTTP/1.1 200 OK"
2026-06-16 00:25:17,010 - httpx - INFO - HTTP Request: POST https://api.telegram.org/bot8657142758:AAGUQRm-T_ITFafMBJHzhBNQ2ZhjhuXQ4oE/getUpdates "HTTP/1.1 200 OK"
2026-06-16 00:25:27,194 - httpx - INFO - HTTP Request: POST https://api.telegram.org/bot8657142758:AAGUQRm-T_ITFafMBJHzhBNQ2ZhjhuXQ4oE/getUpdates "HTTP/1.1 200 OK"
2026-06-16 00:25:37,380 - httpx - INFO - HTTP Request: POST https://api.telegram.org/bot8657142758:AAGUQRm-T_ITFafMBJHzhBNQ2ZhjhuXQ4oE/getUpdates "HTTP/1.1 200 OK"
2026-06-16 00:25:47,562 - httpx - INFO - HTTP Request: POST https://api.telegram.org/bot8657142758:AAGUQRm-T_ITFafMBJHzhBNQ2ZhjhuXQ4oE/getUpdates "HTTP/1.1 200 OK"
2026-06-16 00:25:57,751 - httpx - INFO - HTTP Request: POST https://api.telegram.org/bot8657142758:AAGUQRm-T_ITFafMBJHzhBNQ2ZhjhuXQ4oE/getUpdates "HTTP/1.1 200 OK"
2026-06-16 00:26:07,931 - httpx - INFO - HTTP Request: POST https://api.telegram.org/bot8657142758:AAGUQRm-T_ITFafMBJHzhBNQ2ZhjhuXQ4oE/getUpdates "HTTP/1.1 200 OK"
2026-06-16 00:26:18,126 - httpx - INFO - HTTP Request: POST https://api.telegram.org/bot8657142758:AAGUQRm-T_ITFafMBJHzhBNQ2ZhjhuXQ4oE/getUpdates "HTTP/1.1 200 OK"
2026-06-16 00:26:28,302 - httpx - INFO - HTTP Request: POST https://api.telegram.org/bot8657142758:AAGUQRm-T_ITFafMBJHzhBNQ2ZhjhuXQ4oE/getUpdates "HTTP/1.1 200 OK"
2026-06-16 00:26:38,474 - httpx - INFO - HTTP Request: POST https://api.telegram.org/bot8657142758:AAGUQRm-T_ITFafMBJHzhBNQ2ZhjhuXQ4oE/getUpdates "HTTP/1.1 200 OK"
2026-06-16 00:26:48,664 - httpx - INFO - HTTP Request: POST https://api.telegram.org/bot8657142758:AAGUQRm-T_ITFafMBJHzhBNQ2ZhjhuXQ4oE/getUpdates "HTTP/1.1 200 OK"
2026-06-16 00:26:58,892 - httpx - INFO - HTTP Request: POST https://api.telegram.org/bot8657142758:AAGUQRm-T_ITFafMBJHzhBNQ2ZhjhuXQ4oE/getUpdates "HTTP/1.1 200 OK"
2026-06-16 00:27:09,068 - httpx - INFO - HTTP Request: POST https://api.telegram.org/bot8657142758:AAGUQRm-T_ITFafMBJHzhBNQ2ZhjhuXQ4oE/getUpdates "HTTP/1.1 200 OK"
2026-06-16 00:27:19,249 - httpx - INFO - HTTP Request: POST https://api.telegram.org/bot8657142758:AAGUQRm-T_ITFafMBJHzhBNQ2ZhjhuXQ4oE/getUpdates "HTTP/1.1 200 OK"
2026-06-16 00:27:29,437 - httpx - INFO - HTTP Request: POST https://api.telegram.org/bot8657142758:AAGUQRm-T_ITFafMBJHzhBNQ2ZhjhuXQ4oE/getUpdates "HTTP/1.1 200 OK"
2026-06-16 00:27:39,601 - httpx - INFO - HTTP Request: POST https://api.telegram.org/bot8657142758:AAGUQRm-T_ITFafMBJHzhBNQ2ZhjhuXQ4oE/getUpdates "HTTP/1.1 200 OK"
2026-06-16 00:27:49,774 - httpx - INFO - HTTP Request: POST https://api.telegram.org/bot8657142758:AAGUQRm-T_ITFafMBJHzhBNQ2ZhjhuXQ4oE/getUpdates "HTTP/1.1 200 OK"
2026-06-16 00:27:59,965 - httpx - INFO - HTTP Request: POST https://api.telegram.org/bot8657142758:AAGUQRm-T_ITFafMBJHzhBNQ2ZhjhuXQ4oE/getUpdates "HTTP/1.1 200 OK"
2026-06-16 00:28:10,178 - httpx - INFO - HTTP Request: POST https://api.telegram.org/bot8657142758:AAGUQRm-T_ITFafMBJHzhBNQ2ZhjhuXQ4oE/getUpdates "HTTP/1.1 200 OK"
2026-06-16 00:28:20,364 - httpx - INFO - HTTP Request: POST https://api.telegram.org/bot8657142758:AAGUQRm-T_ITFafMBJHzhBNQ2ZhjhuXQ4oE/getUpdates "HTTP/1.1 200 OK"
2026-06-16 00:28:30,560 - httpx - INFO - HTTP Request: POST https://api.telegram.org/bot8657142758:AAGUQRm-T_ITFafMBJHzhBNQ2ZhjhuXQ4oE/getUpdates "HTTP/1.1 200 OK"
2026-06-16 00:28:40,714 - httpx - INFO - HTTP Request: POST https://api.telegram.org/bot8657142758:AAGUQRm-T_ITFafMBJHzhBNQ2ZhjhuXQ4oE/getUpdates "HTTP/1.1 200 OK"
2026-06-16 00:28:50,900 - httpx - INFO - HTTP Request: POST https://api.telegram.org/bot8657142758:AAGUQRm-T_ITFafMBJHzhBNQ2ZhjhuXQ4oE/getUpdates "HTTP/1.1 200 OK"
2026-06-16 00:29:01,088 - httpx - INFO - HTTP Request: POST https://api.telegram.org/bot8657142758:AAGUQRm-T_ITFafMBJHzhBNQ2ZhjhuXQ4oE/getUpdates "HTTP/1.1 200 OK"
2026-06-16 00:29:11,286 - httpx - INFO - HTTP Request: POST https://api.telegram.org/bot8657142758:AAGUQRm-T_ITFafMBJHzhBNQ2ZhjhuXQ4oE/getUpdates "HTTP/1.1 200 OK"
2026-06-16 00:29:21,464 - httpx - INFO - HTTP Request: POST https://api.telegram.org/bot8657142758:AAGUQRm-T_ITFafMBJHzhBNQ2ZhjhuXQ4oE/getUpdates "HTTP/1.1 200 OK"
2026-06-16 00:29:31,663 - httpx - INFO - HTTP Request: POST https://api.telegram.org/bot8657142758:AAGUQRm-T_ITFafMBJHzhBNQ2ZhjhuXQ4oE/getUpdates "HTTP/1.1 200 OK"
2026-06-16 00:29:41,892 - httpx - INFO - HTTP Request: POST https://api.telegram.org/bot8657142758:AAGUQRm-T_ITFafMBJHzhBNQ2ZhjhuXQ4oE/getUpdates "HTTP/1.1 200 OK"
2026-06-16 00:29:52,093 - httpx - INFO - HTTP Request: POST https://api.telegram.org/bot8657142758:AAGUQRm-T_ITFafMBJHzhBNQ2ZhjhuXQ4oE/getUpdates "HTTP/1.1 200 OK"
2026-06-16 00:30:02,254 - httpx - INFO - HTTP Request: POST https://api.telegram.org/bot8657142758:AAGUQRm-T_ITFafMBJHzhBNQ2ZhjhuXQ4oE/getUpdates "HTTP/1.1 200 OK"
2026-06-16 00:30:12,441 - httpx - INFO - HTTP Request: POST https://api.telegram.org/bot8657142758:AAGUQRm-T_ITFafMBJHzhBNQ2ZhjhuXQ4oE/getUpdates "HTTP/1.1 200 OK"
2026-06-16 00:30:22,661 - httpx - INFO - HTTP Request: POST https://api.telegram.org/bot8657142758:AAGUQRm-T_ITFafMBJHzhBNQ2ZhjhuXQ4oE/getUpdates "HTTP/1.1 200 OK"
2026-06-16 00:30:32,854 - httpx - INFO - HTTP Request: POST https://api.telegram.org/bot8657142758:AAGUQRm-T_ITFafMBJHzhBNQ2ZhjhuXQ4oE/getUpdates "HTTP/1.1 200 OK"
2026-06-16 00:30:43,036 - httpx - INFO - HTTP Request: POST https://api.telegram.org/bot8657142758:AAGUQRm-T_ITFafMBJHzhBNQ2ZhjhuXQ4oE/getUpdates "HTTP/1.1 200 OK"
2026-06-16 00:30:53,188 - httpx - INFO - HTTP Request: POST https://api.telegram.org/bot8657142758:AAGUQRm-T_ITFafMBJHzhBNQ2ZhjhuXQ4oE/getUpdates "HTTP/1.1 200 OK"
2026-06-16 00:31:03,440 - httpx - INFO - HTTP Request: POST https://api.telegram.org/bot8657142758:AAGUQRm-T_ITFafMBJHzhBNQ2ZhjhuXQ4oE/getUpdates "HTTP/1.1 200 OK"
2026-06-16 00:31:13,633 - httpx - INFO - HTTP Request: POST https://api.telegram.org/bot8657142758:AAGUQRm-T_ITFafMBJHzhBNQ2ZhjhuXQ4oE/getUpdates "HTTP/1.1 200 OK"
2026-06-16 00:31:23,786 - httpx - INFO - HTTP Request: POST https://api.telegram.org/bot8657142758:AAGUQRm-T_ITFafMBJHzhBNQ2ZhjhuXQ4oE/getUpdates "HTTP/1.1 200 OK"
2026-06-16 00:31:34,008 - httpx - INFO - HTTP Request: POST https://api.telegram.org/bot8657142758:AAGUQRm-T_ITFafMBJHzhBNQ2ZhjhuXQ4oE/getUpdates "HTTP/1.1 200 OK"
2026-06-16 00:31:44,238 - httpx - INFO - HTTP Request: POST https://api.telegram.org/bot8657142758:AAGUQRm-T_ITFafMBJHzhBNQ2ZhjhuXQ4oE/getUpdates "HTTP/1.1 200 OK"
2026-06-16 00:31:54,474 - httpx - INFO - HTTP Request: POST https://api.telegram.org/bot8657142758:AAGUQRm-T_ITFafMBJHzhBNQ2ZhjhuXQ4oE/getUpdates "HTTP/1.1 200 OK"
2026-06-16 00:32:04,663 - httpx - INFO - HTTP Request: POST https://api.telegram.org/bot8657142758:AAGUQRm-T_ITFafMBJHzhBNQ2ZhjhuXQ4oE/getUpdates "HTTP/1.1 200 OK"
2026-06-16 00:32:14,879 - httpx - INFO - HTTP Request: POST https://api.telegram.org/bot8657142758:AAGUQRm-T_ITFafMBJHzhBNQ2ZhjhuXQ4oE/getUpdates "HTTP/1.1 200 OK"
2026-06-16 00:32:25,108 - httpx - INFO - HTTP Request: POST https://api.telegram.org/bot8657142758:AAGUQRm-T_ITFafMBJHzhBNQ2ZhjhuXQ4oE/getUpdates "HTTP/1.1 200 OK"
2026-06-16 00:32:35,276 - httpx - INFO - HTTP Request: POST https://api.telegram.org/bot8657142758:AAGUQRm-T_ITFafMBJHzhBNQ2ZhjhuXQ4oE/getUpdates "HTTP/1.1 200 OK"
2026-06-16 00:32:45,459 - httpx - INFO - HTTP Request: POST https://api.telegram.org/bot8657142758:AAGUQRm-T_ITFafMBJHzhBNQ2ZhjhuXQ4oE/getUpdates "HTTP/1.1 200 OK"
2026-06-16 00:32:55,629 - httpx - INFO - HTTP Request: POST https://api.telegram.org/bot8657142758:AAGUQRm-T_ITFafMBJHzhBNQ2ZhjhuXQ4oE/getUpdates "HTTP/1.1 200 OK"
2026-06-16 00:33:05,817 - httpx - INFO - HTTP Request: POST https://api.telegram.org/bot8657142758:AAGUQRm-T_ITFafMBJHzhBNQ2ZhjhuXQ4oE/getUpdates "HTTP/1.1 200 OK"
2026-06-16 00:33:16,025 - httpx - INFO - HTTP Request: POST https://api.telegram.org/bot8657142758:AAGUQRm-T_ITFafMBJHzhBNQ2ZhjhuXQ4oE/getUpdates "HTTP/1.1 200 OK"
2026-06-16 00:33:26,220 - httpx - INFO - HTTP Request: POST https://api.telegram.org/bot8657142758:AAGUQRm-T_ITFafMBJHzhBNQ2ZhjhuXQ4oE/getUpdates "HTTP/1.1 200 OK"
2026-06-16 00:33:36,409 - httpx - INFO - HTTP Request: POST https://api.telegram.org/bot8657142758:AAGUQRm-T_ITFafMBJHzhBNQ2ZhjhuXQ4oE/getUpdates "HTTP/1.1 200 OK"
2026-06-16 00:33:46,581 - httpx - INFO - HTTP Request: POST https://api.telegram.org/bot8657142758:AAGUQRm-T_ITFafMBJHzhBNQ2ZhjhuXQ4oE/getUpdates "HTTP/1.1 200 OK"
2026-06-16 00:33:56,756 - httpx - INFO - HTTP Request: POST https://api.telegram.org/bot8657142758:AAGUQRm-T_ITFafMBJHzhBNQ2ZhjhuXQ4oE/getUpdates "HTTP/1.1 200 OK"
2026-06-16 00:34:06,931 - httpx - INFO - HTTP Request: POST https://api.telegram.org/bot8657142758:AAGUQRm-T_ITFafMBJHzhBNQ2ZhjhuXQ4oE/getUpdates "HTTP/1.1 200 OK"
2026-06-16 00:34:17,141 - httpx - INFO - HTTP Request: POST https://api.telegram.org/bot8657142758:AAGUQRm-T_ITFafMBJHzhBNQ2ZhjhuXQ4oE/getUpdates "HTTP/1.1 200 OK"
2026-06-16 00:34:27,703 - httpx - INFO - HTTP Request: POST https://api.telegram.org/bot8657142758:AAGUQRm-T_ITFafMBJHzhBNQ2ZhjhuXQ4oE/getUpdates "HTTP/1.1 200 OK"
2026-06-16 00:34:37,860 - httpx - INFO - HTTP Request: POST https://api.telegram.org/bot8657142758:AAGUQRm-T_ITFafMBJHzhBNQ2ZhjhuXQ4oE/getUpdates "HTTP/1.1 200 OK"
2026-06-16 00:34:48,035 - httpx - INFO - HTTP Request: POST https://api.telegram.org/bot8657142758:AAGUQRm-T_ITFafMBJHzhBNQ2ZhjhuXQ4oE/getUpdates "HTTP/1.1 200 OK"
2026-06-16 00:34:58,218 - httpx - INFO - HTTP Request: POST https://api.telegram.org/bot8657142758:AAGUQRm-T_ITFafMBJHzhBNQ2ZhjhuXQ4oE/getUpdates "HTTP/1.1 200 OK"
2026-06-16 00:35:08,407 - httpx - INFO - HTTP Request: POST https://api.telegram.org/bot8657142758:AAGUQRm-T_ITFafMBJHzhBNQ2ZhjhuXQ4oE/getUpdates "HTTP/1.1 200 OK"
2026-06-16 00:35:18,575 - httpx - INFO - HTTP Request: POST https://api.telegram.org/bot8657142758:AAGUQRm-T_ITFafMBJHzhBNQ2ZhjhuXQ4oE/getUpdates "HTTP/1.1 200 OK"
2026-06-16 00:35:28,741 - httpx - INFO - HTTP Request: POST https://api.telegram.org/bot8657142758:AAGUQRm-T_ITFafMBJHzhBNQ2ZhjhuXQ4oE/getUpdates "HTTP/1.1 200 OK"
2026-06-16 00:35:38,940 - httpx - INFO - HTTP Request: POST https://api.telegram.org/bot8657142758:AAGUQRm-T_ITFafMBJHzhBNQ2ZhjhuXQ4oE/getUpdates "HTTP/1.1 200 OK"
2026-06-16 00:35:49,140 - httpx - INFO - HTTP Request: POST https://api.telegram.org/bot8657142758:AAGUQRm-T_ITFafMBJHzhBNQ2ZhjhuXQ4oE/getUpdates "HTTP/1.1 200 OK"
2026-06-16 00:35:59,312 - httpx - INFO - HTTP Request: POST https://api.telegram.org/bot8657142758:AAGUQRm-T_ITFafMBJHzhBNQ2ZhjhuXQ4oE/getUpdates "HTTP/1.1 200 OK"
2026-06-16 00:36:09,521 - httpx - INFO - HTTP Request: POST https://api.telegram.org/bot8657142758:AAGUQRm-T_ITFafMBJHzhBNQ2ZhjhuXQ4oE/getUpdates "HTTP/1.1 200 OK"
2026-06-16 00:36:19,694 - httpx - INFO - HTTP Request: POST https://api.telegram.org/bot8657142758:AAGUQRm-T_ITFafMBJHzhBNQ2ZhjhuXQ4oE/getUpdates "HTTP/1.1 200 OK"
2026-06-16 00:36:29,853 - httpx - INFO - HTTP Request: POST https://api.telegram.org/bot8657142758:AAGUQRm-T_ITFafMBJHzhBNQ2ZhjhuXQ4oE/getUpdates "HTTP/1.1 200 OK"
2026-06-16 00:36:40,013 - httpx - INFO - HTTP Request: POST https://api.telegram.org/bot8657142758:AAGUQRm-T_ITFafMBJHzhBNQ2ZhjhuXQ4oE/getUpdates "HTTP/1.1 200 OK"
2026-06-16 00:36:50,177 - httpx - INFO - HTTP Request: POST https://api.telegram.org/bot8657142758:AAGUQRm-T_ITFafMBJHzhBNQ2ZhjhuXQ4oE/getUpdates "HTTP/1.1 200 OK"
2026-06-16 00:37:00,356 - httpx - INFO - HTTP Request: POST https://api.telegram.org/bot8657142758:AAGUQRm-T_ITFafMBJHzhBNQ2ZhjhuXQ4oE/getUpdates "HTTP/1.1 200 OK"
2026-06-16 00:37:10,591 - httpx - INFO - HTTP Request: POST https://api.telegram.org/bot8657142758:AAGUQRm-T_ITFafMBJHzhBNQ2ZhjhuXQ4oE/getUpdates "HTTP/1.1 200 OK"
2026-06-16 00:37:20,787 - httpx - INFO - HTTP Request: POST https://api.telegram.org/bot8657142758:AAGUQRm-T_ITFafMBJHzhBNQ2ZhjhuXQ4oE/getUpdates "HTTP/1.1 200 OK"
2026-06-16 00:37:30,960 - httpx - INFO - HTTP Request: POST https://api.telegram.org/bot8657142758:AAGUQRm-T_ITFafMBJHzhBNQ2ZhjhuXQ4oE/getUpdates "HTTP/1.1 200 OK"
2026-06-16 00:37:41,125 - httpx - INFO - HTTP Request: POST https://api.telegram.org/bot8657142758:AAGUQRm-T_ITFafMBJHzhBNQ2ZhjhuXQ4oE/getUpdates "HTTP/1.1 200 OK"
2026-06-16 00:37:51,325 - httpx - INFO - HTTP Request: POST https://api.telegram.org/bot8657142758:AAGUQRm-T_ITFafMBJHzhBNQ2ZhjhuXQ4oE/getUpdates "HTTP/1.1 200 OK"
2026-06-16 00:38:01,580 - httpx - INFO - HTTP Request: POST https://api.telegram.org/bot8657142758:AAGUQRm-T_ITFafMBJHzhBNQ2ZhjhuXQ4oE/getUpdates "HTTP/1.1 200 OK"
2026-06-16 00:38:12,185 - httpx - INFO - HTTP Request: POST https://api.telegram.org/bot8657142758:AAGUQRm-T_ITFafMBJHzhBNQ2ZhjhuXQ4oE/getUpdates "HTTP/1.1 200 OK"
2026-06-16 00:38:22,402 - httpx - INFO - HTTP Request: POST https://api.telegram.org/bot8657142758:AAGUQRm-T_ITFafMBJHzhBNQ2ZhjhuXQ4oE/getUpdates "HTTP/1.1 200 OK"
2026-06-16 00:38:32,581 - httpx - INFO - HTTP Request: POST https://api.telegram.org/bot8657142758:AAGUQRm-T_ITFafMBJHzhBNQ2ZhjhuXQ4oE/getUpdates "HTTP/1.1 200 OK"
2026-06-16 00:38:42,779 - httpx - INFO - HTTP Request: POST https://api.telegram.org/bot8657142758:AAGUQRm-T_ITFafMBJHzhBNQ2ZhjhuXQ4oE/getUpdates "HTTP/1.1 200 OK"
2026-06-16 00:38:52,991 - httpx - INFO - HTTP Request: POST https://api.telegram.org/bot8657142758:AAGUQRm-T_ITFafMBJHzhBNQ2ZhjhuXQ4oE/getUpdates "HTTP/1.1 200 OK"
2026-06-16 00:39:03,157 - httpx - INFO - HTTP Request: POST https://api.telegram.org/bot8657142758:AAGUQRm-T_ITFafMBJHzhBNQ2ZhjhuXQ4oE/getUpdates "HTTP/1.1 200 OK"
2026-06-16 00:39:13,358 - httpx - INFO - HTTP Request: POST https://api.telegram.org/bot8657142758:AAGUQRm-T_ITFafMBJHzhBNQ2ZhjhuXQ4oE/getUpdates "HTTP/1.1 200 OK"
2026-06-16 00:39:23,526 - httpx - INFO - HTTP Request: POST https://api.telegram.org/bot8657142758:AAGUQRm-T_ITFafMBJHzhBNQ2ZhjhuXQ4oE/getUpdates "HTTP/1.1 200 OK"
2026-06-16 00:39:33,662 - httpx - INFO - HTTP Request: POST https://api.telegram.org/bot8657142758:AAGUQRm-T_ITFafMBJHzhBNQ2ZhjhuXQ4oE/getUpdates "HTTP/1.1 200 OK"
2026-06-16 00:39:43,811 - httpx - INFO - HTTP Request: POST https://api.telegram.org/bot8657142758:AAGUQRm-T_ITFafMBJHzhBNQ2ZhjhuXQ4oE/getUpdates "HTTP/1.1 200 OK"
2026-06-16 00:39:54,063 - httpx - INFO - HTTP Request: POST https://api.telegram.org/bot8657142758:AAGUQRm-T_ITFafMBJHzhBNQ2ZhjhuXQ4oE/getUpdates "HTTP/1.1 200 OK"
2026-06-16 00:40:04,316 - httpx - INFO - HTTP Request: POST https://api.telegram.org/bot8657142758:AAGUQRm-T_ITFafMBJHzhBNQ2ZhjhuXQ4oE/getUpdates "HTTP/1.1 200 OK"
2026-06-16 00:40:14,536 - httpx - INFO - HTTP Request: POST https://api.telegram.org/bot8657142758:AAGUQRm-T_ITFafMBJHzhBNQ2ZhjhuXQ4oE/getUpdates "HTTP/1.1 200 OK"
2026-06-16 00:40:25,022 - httpx - INFO - HTTP Request: POST https://api.telegram.org/bot8657142758:AAGUQRm-T_ITFafMBJHzhBNQ2ZhjhuXQ4oE/getUpdates "HTTP/1.1 200 OK"
2026-06-16 00:40:35,226 - httpx - INFO - HTTP Request: POST https://api.telegram.org/bot8657142758:AAGUQRm-T_ITFafMBJHzhBNQ2ZhjhuXQ4oE/getUpdates "HTTP/1.1 200 OK"
2026-06-16 00:40:45,449 - httpx - INFO - HTTP Request: POST https://api.telegram.org/bot8657142758:AAGUQRm-T_ITFafMBJHzhBNQ2ZhjhuXQ4oE/getUpdates "HTTP/1.1 200 OK"
2026-06-16 00:40:55,636 - httpx - INFO - HTTP Request: POST https://api.telegram.org/bot8657142758:AAGUQRm-T_ITFafMBJHzhBNQ2ZhjhuXQ4oE/getUpdates "HTTP/1.1 200 OK"
2026-06-16 00:41:05,797 - httpx - INFO - HTTP Request: POST https://api.telegram.org/bot8657142758:AAGUQRm-T_ITFafMBJHzhBNQ2ZhjhuXQ4oE/getUpdates "HTTP/1.1 200 OK"
2026-06-16 00:41:15,968 - httpx - INFO - HTTP Request: POST https://api.telegram.org/bot8657142758:AAGUQRm-T_ITFafMBJHzhBNQ2ZhjhuXQ4oE/getUpdates "HTTP/1.1 200 OK"
2026-06-16 00:41:26,442 - httpx - INFO - HTTP Request: POST https://api.telegram.org/bot8657142758:AAGUQRm-T_ITFafMBJHzhBNQ2ZhjhuXQ4oE/getUpdates "HTTP/1.1 200 OK"
2026-06-16 00:41:36,615 - httpx - INFO - HTTP Request: POST https://api.telegram.org/bot8657142758:AAGUQRm-T_ITFafMBJHzhBNQ2ZhjhuXQ4oE/getUpdates "HTTP/1.1 200 OK"
2026-06-16 00:41:46,860 - httpx - INFO - HTTP Request: POST https://api.telegram.org/bot8657142758:AAGUQRm-T_ITFafMBJHzhBNQ2ZhjhuXQ4oE/getUpdates "HTTP/1.1 200 OK"
2026-06-16 00:41:57,083 - httpx - INFO - HTTP Request: POST https://api.telegram.org/bot8657142758:AAGUQRm-T_ITFafMBJHzhBNQ2ZhjhuXQ4oE/getUpdates "HTTP/1.1 200 OK"
2026-06-16 00:42:07,250 - httpx - INFO - HTTP Request: POST https://api.telegram.org/bot8657142758:AAGUQRm-T_ITFafMBJHzhBNQ2ZhjhuXQ4oE/getUpdates "HTTP/1.1 200 OK"
2026-06-16 00:42:17,412 - httpx - INFO - HTTP Request: POST https://api.telegram.org/bot8657142758:AAGUQRm-T_ITFafMBJHzhBNQ2ZhjhuXQ4oE/getUpdates "HTTP/1.1 200 OK"
2026-06-16 00:42:27,584 - httpx - INFO - HTTP Request: POST https://api.telegram.org/bot8657142758:AAGUQRm-T_ITFafMBJHzhBNQ2ZhjhuXQ4oE/getUpdates "HTTP/1.1 200 OK"
2026-06-16 00:42:37,806 - httpx - INFO - HTTP Request: POST https://api.telegram.org/bot8657142758:AAGUQRm-T_ITFafMBJHzhBNQ2ZhjhuXQ4oE/getUpdates "HTTP/1.1 200 OK"
2026-06-16 00:42:48,030 - httpx - INFO - HTTP Request: POST https://api.telegram.org/bot8657142758:AAGUQRm-T_ITFafMBJHzhBNQ2ZhjhuXQ4oE/getUpdates "HTTP/1.1 200 OK"
2026-06-16 00:42:58,203 - httpx - INFO - HTTP Request: POST https://api.telegram.org/bot8657142758:AAGUQRm-T_ITFafMBJHzhBNQ2ZhjhuXQ4oE/getUpdates "HTTP/1.1 200 OK"
2026-06-16 00:43:08,561 - httpx - INFO - HTTP Request: POST https://api.telegram.org/bot8657142758:AAGUQRm-T_ITFafMBJHzhBNQ2ZhjhuXQ4oE/getUpdates "HTTP/1.1 200 OK"
2026-06-16 00:43:18,792 - httpx - INFO - HTTP Request: POST https://api.telegram.org/bot8657142758:AAGUQRm-T_ITFafMBJHzhBNQ2ZhjhuXQ4oE/getUpdates "HTTP/1.1 200 OK"
2026-06-16 00:43:29,022 - httpx - INFO - HTTP Request: POST https://api.telegram.org/bot8657142758:AAGUQRm-T_ITFafMBJHzhBNQ2ZhjhuXQ4oE/getUpdates "HTTP/1.1 200 OK"
2026-06-16 00:43:39,209 - httpx - INFO - HTTP Request: POST https://api.telegram.org/bot8657142758:AAGUQRm-T_ITFafMBJHzhBNQ2ZhjhuXQ4oE/getUpdates "HTTP/1.1 200 OK"
2026-06-16 00:43:49,373 - httpx - INFO - HTTP Request: POST https://api.telegram.org/bot8657142758:AAGUQRm-T_ITFafMBJHzhBNQ2ZhjhuXQ4oE/getUpdates "HTTP/1.1 200 OK"
2026-06-16 00:43:59,544 - httpx - INFO - HTTP Request: POST https://api.telegram.org/bot8657142758:AAGUQRm-T_ITFafMBJHzhBNQ2ZhjhuXQ4oE/getUpdates "HTTP/1.1 200 OK"
2026-06-16 00:44:09,771 - httpx - INFO - HTTP Request: POST https://api.telegram.org/bot8657142758:AAGUQRm-T_ITFafMBJHzhBNQ2ZhjhuXQ4oE/getUpdates "HTTP/1.1 200 OK"
2026-06-16 00:44:19,970 - httpx - INFO - HTTP Request: POST https://api.telegram.org/bot8657142758:AAGUQRm-T_ITFafMBJHzhBNQ2ZhjhuXQ4oE/getUpdates "HTTP/1.1 200 OK"
2026-06-16 00:44:30,193 - httpx - INFO - HTTP Request: POST https://api.telegram.org/bot8657142758:AAGUQRm-T_ITFafMBJHzhBNQ2ZhjhuXQ4oE/getUpdates "HTTP/1.1 200 OK"
2026-06-16 00:44:40,427 - httpx - INFO - HTTP Request: POST https://api.telegram.org/bot8657142758:AAGUQRm-T_ITFafMBJHzhBNQ2ZhjhuXQ4oE/getUpdates "HTTP/1.1 200 OK"
2026-06-16 00:44:45,379 - httpx - INFO - HTTP Request: POST https://api.telegram.org/bot8657142758:AAGUQRm-T_ITFafMBJHzhBNQ2ZhjhuXQ4oE/getUpdates "HTTP/1.1 200 OK"
2026-06-16 00:44:45,381 - __main__ - INFO - RAW UPDATE: {'message': {'channel_chat_created': False, 'delete_chat_photo': False, 'entities': [{'length': 6, 'offset': 0, 'type': <MessageEntityType.BOT_COMMAND>}], 'group_chat_created': False, 'supergroup_chat_created': False, 'text': '/start', 'chat': {'first_name': '~♡~', 'id': 5796602314, 'type': <ChatType.PRIVATE>}, 'date': 1781552685, 'message_id': 244, 'from': {'first_name': '~♡~', 'id': 5796602314, 'is_bot': False, 'language_code': 'uz'}}, 'update_id': 63033007}
2026-06-16 00:44:45,922 - httpx - INFO - HTTP Request: POST https://api.telegram.org/bot8657142758:AAGUQRm-T_ITFafMBJHzhBNQ2ZhjhuXQ4oE/sendMessage "HTTP/1.1 200 OK"
2026-06-16 00:44:54,513 - httpx - INFO - HTTP Request: POST https://api.telegram.org/bot8657142758:AAGUQRm-T_ITFafMBJHzhBNQ2ZhjhuXQ4oE/getUpdates "HTTP/1.1 200 OK"
2026-06-16 00:44:54,516 - __main__ - INFO - RAW UPDATE: {'message': {'channel_chat_created': False, 'contact': {'first_name': '~♡~', 'phone_number': '998950808318', 'user_id': 5796602314}, 'delete_chat_photo': False, 'group_chat_created': False, 'reply_to_message': {'channel_chat_created': False, 'delete_chat_photo': False, 'group_chat_created': False, 'supergroup_chat_created': False, 'text': "Xush kelibsiz! Bot xizmatlaridan foydalanish uchun telefon raqamingiz orqali ro'yxatdan o'ting:", 'chat': {'first_name': '~♡~', 'id': 5796602314, 'type': <ChatType.PRIVATE>}, 'date': 1781552685, 'message_id': 245, 'from': {'first_name': 'Fevrallik', 'id': 8657142758, 'is_bot': True, 'username': 'fevrallik_noiloj_bot'}}, 'supergroup_chat_created': False, 'chat': {'first_name': '~♡~', 'id': 5796602314, 'type': <ChatType.PRIVATE>}, 'date': 1781552694, 'message_id': 246, 'from': {'first_name': '~♡~', 'id': 5796602314, 'is_bot': False, 'language_code': 'uz'}}, 'update_id': 63033008}
2026-06-16 00:44:55,021 - httpx - INFO - HTTP Request: POST https://api.telegram.org/bot8657142758:AAGUQRm-T_ITFafMBJHzhBNQ2ZhjhuXQ4oE/sendMessage "HTTP/1.1 200 OK"
2026-06-16 00:45:01,122 - httpx - INFO - HTTP Request: POST https://api.telegram.org/bot8657142758:AAGUQRm-T_ITFafMBJHzhBNQ2ZhjhuXQ4oE/getUpdates "HTTP/1.1 200 OK"
2026-06-16 00:45:01,125 - __main__ - INFO - RAW UPDATE: {'message': {'channel_chat_created': False, 'delete_chat_photo': False, 'group_chat_created': False, 'supergroup_chat_created': False, 'text': 'Bozor 🛍', 'chat': {'first_name': '~♡~', 'id': 5796602314, 'type': <ChatType.PRIVATE>}, 'date': 1781552700, 'message_id': 248, 'from': {'first_name': '~♡~', 'id': 5796602314, 'is_bot': False, 'language_code': 'uz'}}, 'update_id': 63033009}
2026-06-16 00:45:01,125 - __main__ - INFO - Message received from user_id=5796602314: state=None, text=Bozor 🛍
2026-06-16 00:45:01,683 - httpx - INFO - HTTP Request: POST https://api.telegram.org/bot8657142758:AAGUQRm-T_ITFafMBJHzhBNQ2ZhjhuXQ4oE/sendPhoto "HTTP/1.1 200 OK"
2026-06-16 00:45:07,740 - httpx - INFO - HTTP Request: POST https://api.telegram.org/bot8657142758:AAGUQRm-T_ITFafMBJHzhBNQ2ZhjhuXQ4oE/getUpdates "HTTP/1.1 200 OK"
2026-06-16 00:45:07,742 - __main__ - INFO - RAW UPDATE: {'message': {'channel_chat_created': False, 'delete_chat_photo': False, 'group_chat_created': False, 'supergroup_chat_created': False, 'text': 'Aloqa 📞', 'chat': {'first_name': '~♡~', 'id': 5796602314, 'type': <ChatType.PRIVATE>}, 'date': 1781552707, 'message_id': 250, 'from': {'first_name': '~♡~', 'id': 5796602314, 'is_bot': False, 'language_code': 'uz'}}, 'update_id': 63033010}
2026-06-16 00:45:07,743 - __main__ - INFO - Message received from user_id=5796602314: state=None, text=Aloqa 📞
2026-06-16 00:45:08,261 - httpx - INFO - HTTP Request: POST https://api.telegram.org/bot8657142758:AAGUQRm-T_ITFafMBJHzhBNQ2ZhjhuXQ4oE/sendMessage "HTTP/1.1 200 OK"
2026-06-16 00:45:17,742 - httpx - INFO - HTTP Request: POST https://api.telegram.org/bot8657142758:AAGUQRm-T_ITFafMBJHzhBNQ2ZhjhuXQ4oE/getUpdates "HTTP/1.1 200 OK"
2026-06-16 00:45:17,745 - __main__ - INFO - RAW UPDATE: {'chat_member': {'chat': {'id': -1004475483869, 'title': 'MUNA test', 'type': <ChatType.SUPERGROUP>, 'username': 'munatest1'}, 'date': 1781552717, 'new_chat_member': {'status': <ChatMemberStatus.MEMBER>, 'user': {'first_name': '~♡~', 'id': 5796602314, 'is_bot': False, 'language_code': 'uz'}}, 'old_chat_member': {'status': <ChatMemberStatus.LEFT>, 'user': {'first_name': '~♡~', 'id': 5796602314, 'is_bot': False, 'language_code': 'uz'}}, 'from': {'first_name': '~♡~', 'id': 5796602314, 'is_bot': False, 'language_code': 'uz'}}, 'update_id': 63033011}
2026-06-16 00:45:17,916 - httpx - INFO - HTTP Request: POST https://api.telegram.org/bot8657142758:AAGUQRm-T_ITFafMBJHzhBNQ2ZhjhuXQ4oE/getUpdates "HTTP/1.1 200 OK"
2026-06-16 00:45:17,919 - __main__ - INFO - RAW UPDATE: {'message': {'channel_chat_created': False, 'delete_chat_photo': False, 'group_chat_created': False, 'new_chat_members': [{'first_name': '~♡~', 'id': 5796602314, 'is_bot': False, 'language_code': 'uz'}], 'supergroup_chat_created': False, 'chat': {'id': -1004475483869, 'title': 'MUNA test', 'type': <ChatType.SUPERGROUP>, 'username': 'munatest1'}, 'date': 1781552717, 'message_id': 17, 'from': {'first_name': '~♡~', 'id': 5796602314, 'is_bot': False, 'language_code': 'uz'}, 'new_chat_participant': {'id': 5796602314, 'is_bot': False, 'first_name': '~♡~', 'language_code': 'uz'}, 'new_chat_member': {'id': 5796602314, 'is_bot': False, 'first_name': '~♡~', 'language_code': 'uz'}}, 'update_id': 63033012}
2026-06-16 00:45:28,109 - httpx - INFO - HTTP Request: POST https://api.telegram.org/bot8657142758:AAGUQRm-T_ITFafMBJHzhBNQ2ZhjhuXQ4oE/getUpdates "HTTP/1.1 200 OK"
2026-06-16 00:45:38,311 - httpx - INFO - HTTP Request: POST https://api.telegram.org/bot8657142758:AAGUQRm-T_ITFafMBJHzhBNQ2ZhjhuXQ4oE/getUpdates "HTTP/1.1 200 OK"
2026-06-16 00:45:48,536 - httpx - INFO - HTTP Request: POST https://api.telegram.org/bot8657142758:AAGUQRm-T_ITFafMBJHzhBNQ2ZhjhuXQ4oE/getUpdates "HTTP/1.1 200 OK"
2026-06-16 00:45:58,723 - httpx - INFO - HTTP Request: POST https://api.telegram.org/bot8657142758:AAGUQRm-T_ITFafMBJHzhBNQ2ZhjhuXQ4oE/getUpdates "HTTP/1.1 200 OK"
2026-06-16 00:46:08,955 - httpx - INFO - HTTP Request: POST https://api.telegram.org/bot8657142758:AAGUQRm-T_ITFafMBJHzhBNQ2ZhjhuXQ4oE/getUpdates "HTTP/1.1 200 OK"
2026-06-16 00:46:19,164 - httpx - INFO - HTTP Request: POST https://api.telegram.org/bot8657142758:AAGUQRm-T_ITFafMBJHzhBNQ2ZhjhuXQ4oE/getUpdates "HTTP/1.1 200 OK"
2026-06-16 00:46:29,359 - httpx - INFO - HTTP Request: POST https://api.telegram.org/bot8657142758:AAGUQRm-T_ITFafMBJHzhBNQ2ZhjhuXQ4oE/getUpdates "HTTP/1.1 200 OK"
2026-06-16 00:46:39,567 - httpx - INFO - HTTP Request: POST https://api.telegram.org/bot8657142758:AAGUQRm-T_ITFafMBJHzhBNQ2ZhjhuXQ4oE/getUpdates "HTTP/1.1 200 OK"
2026-06-16 00:46:50,315 - httpx - INFO - HTTP Request: POST https://api.telegram.org/bot8657142758:AAGUQRm-T_ITFafMBJHzhBNQ2ZhjhuXQ4oE/getUpdates "HTTP/1.1 200 OK"
2026-06-16 00:47:00,496 - httpx - INFO - HTTP Request: POST https://api.telegram.org/bot8657142758:AAGUQRm-T_ITFafMBJHzhBNQ2ZhjhuXQ4oE/getUpdates "HTTP/1.1 200 OK"
2026-06-16 00:47:10,675 - httpx - INFO - HTTP Request: POST https://api.telegram.org/bot8657142758:AAGUQRm-T_ITFafMBJHzhBNQ2ZhjhuXQ4oE/getUpdates "HTTP/1.1 200 OK"
2026-06-16 00:47:20,866 - httpx - INFO - HTTP Request: POST https://api.telegram.org/bot8657142758:AAGUQRm-T_ITFafMBJHzhBNQ2ZhjhuXQ4oE/getUpdates "HTTP/1.1 200 OK"
2026-06-16 00:47:31,057 - httpx - INFO - HTTP Request: POST https://api.telegram.org/bot8657142758:AAGUQRm-T_ITFafMBJHzhBNQ2ZhjhuXQ4oE/getUpdates "HTTP/1.1 200 OK"
2026-06-16 00:47:41,273 - httpx - INFO - HTTP Request: POST https://api.telegram.org/bot8657142758:AAGUQRm-T_ITFafMBJHzhBNQ2ZhjhuXQ4oE/getUpdates "HTTP/1.1 200 OK"
2026-06-16 00:47:51,506 - httpx - INFO - HTTP Request: POST https://api.telegram.org/bot8657142758:AAGUQRm-T_ITFafMBJHzhBNQ2ZhjhuXQ4oE/getUpdates "HTTP/1.1 200 OK"
2026-06-16 00:48:01,707 - httpx - INFO - HTTP Request: POST https://api.telegram.org/bot8657142758:AAGUQRm-T_ITFafMBJHzhBNQ2ZhjhuXQ4oE/getUpdates "HTTP/1.1 200 OK"
2026-06-16 00:48:11,893 - httpx - INFO - HTTP Request: POST https://api.telegram.org/bot8657142758:AAGUQRm-T_ITFafMBJHzhBNQ2ZhjhuXQ4oE/getUpdates "HTTP/1.1 200 OK"
2026-06-16 00:48:22,489 - httpx - INFO - HTTP Request: POST https://api.telegram.org/bot8657142758:AAGUQRm-T_ITFafMBJHzhBNQ2ZhjhuXQ4oE/getUpdates "HTTP/1.1 200 OK"
2026-06-16 00:48:32,668 - httpx - INFO - HTTP Request: POST https://api.telegram.org/bot8657142758:AAGUQRm-T_ITFafMBJHzhBNQ2ZhjhuXQ4oE/getUpdates "HTTP/1.1 200 OK"
2026-06-16 00:48:42,859 - httpx - INFO - HTTP Request: POST https://api.telegram.org/bot8657142758:AAGUQRm-T_ITFafMBJHzhBNQ2ZhjhuXQ4oE/getUpdates "HTTP/1.1 200 OK"
2026-06-16 00:48:53,034 - httpx - INFO - HTTP Request: POST https://api.telegram.org/bot8657142758:AAGUQRm-T_ITFafMBJHzhBNQ2ZhjhuXQ4oE/getUpdates "HTTP/1.1 200 OK"
2026-06-16 00:49:03,236 - httpx - INFO - HTTP Request: POST https://api.telegram.org/bot8657142758:AAGUQRm-T_ITFafMBJHzhBNQ2ZhjhuXQ4oE/getUpdates "HTTP/1.1 200 OK"
2026-06-16 00:49:13,485 - httpx - INFO - HTTP Request: POST https://api.telegram.org/bot8657142758:AAGUQRm-T_ITFafMBJHzhBNQ2ZhjhuXQ4oE/getUpdates "HTTP/1.1 200 OK"
2026-06-16 00:49:23,713 - httpx - INFO - HTTP Request: POST https://api.telegram.org/bot8657142758:AAGUQRm-T_ITFafMBJHzhBNQ2ZhjhuXQ4oE/getUpdates "HTTP/1.1 200 OK"
2026-06-16 00:49:33,903 - httpx - INFO - HTTP Request: POST https://api.telegram.org/bot8657142758:AAGUQRm-T_ITFafMBJHzhBNQ2ZhjhuXQ4oE/getUpdates "HTTP/1.1 200 OK"
2026-06-16 00:49:44,110 - httpx - INFO - HTTP Request: POST https://api.telegram.org/bot8657142758:AAGUQRm-T_ITFafMBJHzhBNQ2ZhjhuXQ4oE/getUpdates "HTTP/1.1 200 OK"
2026-06-16 00:49:54,326 - httpx - INFO - HTTP Request: POST https://api.telegram.org/bot8657142758:AAGUQRm-T_ITFafMBJHzhBNQ2ZhjhuXQ4oE/getUpdates "HTTP/1.1 200 OK"
2026-06-16 00:50:04,546 - httpx - INFO - HTTP Request: POST https://api.telegram.org/bot8657142758:AAGUQRm-T_ITFafMBJHzhBNQ2ZhjhuXQ4oE/getUpdates "HTTP/1.1 200 OK"
2026-06-16 00:50:14,741 - httpx - INFO - HTTP Request: POST https://api.telegram.org/bot8657142758:AAGUQRm-T_ITFafMBJHzhBNQ2ZhjhuXQ4oE/getUpdates "HTTP/1.1 200 OK"
2026-06-16 00:50:24,938 - httpx - INFO - HTTP Request: POST https://api.telegram.org/bot8657142758:AAGUQRm-T_ITFafMBJHzhBNQ2ZhjhuXQ4oE/getUpdates "HTTP/1.1 200 OK"
2026-06-16 00:50:35,287 - httpx - INFO - HTTP Request: POST https://api.telegram.org/bot8657142758:AAGUQRm-T_ITFafMBJHzhBNQ2ZhjhuXQ4oE/getUpdates "HTTP/1.1 200 OK"
2026-06-16 00:50:45,476 - httpx - INFO - HTTP Request: POST https://api.telegram.org/bot8657142758:AAGUQRm-T_ITFafMBJHzhBNQ2ZhjhuXQ4oE/getUpdates "HTTP/1.1 200 OK"
2026-06-16 00:50:55,650 - httpx - INFO - HTTP Request: POST https://api.telegram.org/bot8657142758:AAGUQRm-T_ITFafMBJHzhBNQ2ZhjhuXQ4oE/getUpdates "HTTP/1.1 200 OK"
2026-06-16 00:51:05,827 - httpx - INFO - HTTP Request: POST https://api.telegram.org/bot8657142758:AAGUQRm-T_ITFafMBJHzhBNQ2ZhjhuXQ4oE/getUpdates "HTTP/1.1 200 OK"
2026-06-16 00:51:15,995 - httpx - INFO - HTTP Request: POST https://api.telegram.org/bot8657142758:AAGUQRm-T_ITFafMBJHzhBNQ2ZhjhuXQ4oE/getUpdates "HTTP/1.1 200 OK"
2026-06-16 00:51:18,250 - httpx - INFO - HTTP Request: POST https://api.telegram.org/bot8657142758:AAGUQRm-T_ITFafMBJHzhBNQ2ZhjhuXQ4oE/getUpdates "HTTP/1.1 200 OK"
2026-06-16 00:51:18,252 - __main__ - INFO - RAW UPDATE: {'message': {'channel_chat_created': False, 'delete_chat_photo': False, 'entities': [{'length': 6, 'offset': 0, 'type': <MessageEntityType.BOT_COMMAND>}], 'group_chat_created': False, 'supergroup_chat_created': False, 'text': '/start', 'chat': {'first_name': 'Sirojiddin', 'id': 8270492933, 'type': <ChatType.PRIVATE>, 'username': 'Sirojiddin_Ibn_Baxtiyor'}, 'date': 1781553078, 'message_id': 252, 'from': {'first_name': 'Sirojiddin', 'id': 8270492933, 'is_bot': False, 'language_code': 'en', 'username': 'Sirojiddin_Ibn_Baxtiyor'}}, 'update_id': 63033013}
2026-06-16 00:51:18,799 - httpx - INFO - HTTP Request: POST https://api.telegram.org/bot8657142758:AAGUQRm-T_ITFafMBJHzhBNQ2ZhjhuXQ4oE/sendMessage "HTTP/1.1 200 OK"
2026-06-16 00:51:28,420 - httpx - INFO - HTTP Request: POST https://api.telegram.org/bot8657142758:AAGUQRm-T_ITFafMBJHzhBNQ2ZhjhuXQ4oE/getUpdates "HTTP/1.1 200 OK"
2026-06-16 00:51:38,600 - httpx - INFO - HTTP Request: POST https://api.telegram.org/bot8657142758:AAGUQRm-T_ITFafMBJHzhBNQ2ZhjhuXQ4oE/getUpdates "HTTP/1.1 200 OK"
2026-06-16 00:51:48,763 - httpx - INFO - HTTP Request: POST https://api.telegram.org/bot8657142758:AAGUQRm-T_ITFafMBJHzhBNQ2ZhjhuXQ4oE/getUpdates "HTTP/1.1 200 OK"
2026-06-16 00:51:58,938 - httpx - INFO - HTTP Request: POST https://api.telegram.org/bot8657142758:AAGUQRm-T_ITFafMBJHzhBNQ2ZhjhuXQ4oE/getUpdates "HTTP/1.1 200 OK"
2026-06-16 00:52:09,111 - httpx - INFO - HTTP Request: POST https://api.telegram.org/bot8657142758:AAGUQRm-T_ITFafMBJHzhBNQ2ZhjhuXQ4oE/getUpdates "HTTP/1.1 200 OK"
2026-06-16 00:52:19,308 - httpx - INFO - HTTP Request: POST https://api.telegram.org/bot8657142758:AAGUQRm-T_ITFafMBJHzhBNQ2ZhjhuXQ4oE/getUpdates "HTTP/1.1 200 OK"
2026-06-16 00:52:29,453 - httpx - INFO - HTTP Request: POST https://api.telegram.org/bot8657142758:AAGUQRm-T_ITFafMBJHzhBNQ2ZhjhuXQ4oE/getUpdates "HTTP/1.1 200 OK"
2026-06-16 00:52:39,595 - httpx - INFO - HTTP Request: POST https://api.telegram.org/bot8657142758:AAGUQRm-T_ITFafMBJHzhBNQ2ZhjhuXQ4oE/getUpdates "HTTP/1.1 200 OK"
2026-06-16 00:52:49,743 - httpx - INFO - HTTP Request: POST https://api.telegram.org/bot8657142758:AAGUQRm-T_ITFafMBJHzhBNQ2ZhjhuXQ4oE/getUpdates "HTTP/1.1 200 OK"
2026-06-16 00:52:59,893 - httpx - INFO - HTTP Request: POST https://api.telegram.org/bot8657142758:AAGUQRm-T_ITFafMBJHzhBNQ2ZhjhuXQ4oE/getUpdates "HTTP/1.1 200 OK"
2026-06-16 00:53:10,044 - httpx - INFO - HTTP Request: POST https://api.telegram.org/bot8657142758:AAGUQRm-T_ITFafMBJHzhBNQ2ZhjhuXQ4oE/getUpdates "HTTP/1.1 200 OK"
2026-06-16 00:53:20,297 - httpx - INFO - HTTP Request: POST https://api.telegram.org/bot8657142758:AAGUQRm-T_ITFafMBJHzhBNQ2ZhjhuXQ4oE/getUpdates "HTTP/1.1 200 OK"
2026-06-16 00:53:30,468 - httpx - INFO - HTTP Request: POST https://api.telegram.org/bot8657142758:AAGUQRm-T_ITFafMBJHzhBNQ2ZhjhuXQ4oE/getUpdates "HTTP/1.1 200 OK"
2026-06-16 00:53:40,623 - httpx - INFO - HTTP Request: POST https://api.telegram.org/bot8657142758:AAGUQRm-T_ITFafMBJHzhBNQ2ZhjhuXQ4oE/getUpdates "HTTP/1.1 200 OK"
2026-06-16 00:53:50,779 - httpx - INFO - HTTP Request: POST https://api.telegram.org/bot8657142758:AAGUQRm-T_ITFafMBJHzhBNQ2ZhjhuXQ4oE/getUpdates "HTTP/1.1 200 OK"
2026-06-16 00:54:00,968 - httpx - INFO - HTTP Request: POST https://api.telegram.org/bot8657142758:AAGUQRm-T_ITFafMBJHzhBNQ2ZhjhuXQ4oE/getUpdates "HTTP/1.1 200 OK"
2026-06-16 00:54:11,122 - httpx - INFO - HTTP Request: POST https://api.telegram.org/bot8657142758:AAGUQRm-T_ITFafMBJHzhBNQ2ZhjhuXQ4oE/getUpdates "HTTP/1.1 200 OK"
2026-06-16 00:54:21,290 - httpx - INFO - HTTP Request: POST https://api.telegram.org/bot8657142758:AAGUQRm-T_ITFafMBJHzhBNQ2ZhjhuXQ4oE/getUpdates "HTTP/1.1 200 OK"
2026-06-16 00:54:31,428 - httpx - INFO - HTTP Request: POST https://api.telegram.org/bot8657142758:AAGUQRm-T_ITFafMBJHzhBNQ2ZhjhuXQ4oE/getUpdates "HTTP/1.1 200 OK"
2026-06-16 00:54:41,570 - httpx - INFO - HTTP Request: POST https://api.telegram.org/bot8657142758:AAGUQRm-T_ITFafMBJHzhBNQ2ZhjhuXQ4oE/getUpdates "HTTP/1.1 200 OK"
2026-06-16 00:54:51,708 - httpx - INFO - HTTP Request: POST https://api.telegram.org/bot8657142758:AAGUQRm-T_ITFafMBJHzhBNQ2ZhjhuXQ4oE/getUpdates "HTTP/1.1 200 OK"
2026-06-16 00:55:01,850 - httpx - INFO - HTTP Request: POST https://api.telegram.org/bot8657142758:AAGUQRm-T_ITFafMBJHzhBNQ2ZhjhuXQ4oE/getUpdates "HTTP/1.1 200 OK"
2026-06-16 00:55:12,002 - httpx - INFO - HTTP Request: POST https://api.telegram.org/bot8657142758:AAGUQRm-T_ITFafMBJHzhBNQ2ZhjhuXQ4oE/getUpdates "HTTP/1.1 200 OK"
2026-06-16 00:55:22,148 - httpx - INFO - HTTP Request: POST https://api.telegram.org/bot8657142758:AAGUQRm-T_ITFafMBJHzhBNQ2ZhjhuXQ4oE/getUpdates "HTTP/1.1 200 OK"
2026-06-16 00:55:32,287 - httpx - INFO - HTTP Request: POST https://api.telegram.org/bot8657142758:AAGUQRm-T_ITFafMBJHzhBNQ2ZhjhuXQ4oE/getUpdates "HTTP/1.1 200 OK"
2026-06-16 00:55:42,444 - httpx - INFO - HTTP Request: POST https://api.telegram.org/bot8657142758:AAGUQRm-T_ITFafMBJHzhBNQ2ZhjhuXQ4oE/getUpdates "HTTP/1.1 200 OK"
2026-06-16 00:55:52,589 - httpx - INFO - HTTP Request: POST https://api.telegram.org/bot8657142758:AAGUQRm-T_ITFafMBJHzhBNQ2ZhjhuXQ4oE/getUpdates "HTTP/1.1 200 OK"
2026-06-16 00:56:02,735 - httpx - INFO - HTTP Request: POST https://api.telegram.org/bot8657142758:AAGUQRm-T_ITFafMBJHzhBNQ2ZhjhuXQ4oE/getUpdates "HTTP/1.1 200 OK"
2026-06-16 00:56:12,882 - httpx - INFO - HTTP Request: POST https://api.telegram.org/bot8657142758:AAGUQRm-T_ITFafMBJHzhBNQ2ZhjhuXQ4oE/getUpdates "HTTP/1.1 200 OK"
2026-06-16 00:56:23,040 - httpx - INFO - HTTP Request: POST https://api.telegram.org/bot8657142758:AAGUQRm-T_ITFafMBJHzhBNQ2ZhjhuXQ4oE/getUpdates "HTTP/1.1 200 OK"
2026-06-16 00:56:33,207 - httpx - INFO - HTTP Request: POST https://api.telegram.org/bot8657142758:AAGUQRm-T_ITFafMBJHzhBNQ2ZhjhuXQ4oE/getUpdates "HTTP/1.1 200 OK"
2026-06-16 00:56:43,362 - httpx - INFO - HTTP Request: POST https://api.telegram.org/bot8657142758:AAGUQRm-T_ITFafMBJHzhBNQ2ZhjhuXQ4oE/getUpdates "HTTP/1.1 200 OK"
2026-06-16 00:56:53,504 - httpx - INFO - HTTP Request: POST https://api.telegram.org/bot8657142758:AAGUQRm-T_ITFafMBJHzhBNQ2ZhjhuXQ4oE/getUpdates "HTTP/1.1 200 OK"
2026-06-16 00:57:03,646 - httpx - INFO - HTTP Request: POST https://api.telegram.org/bot8657142758:AAGUQRm-T_ITFafMBJHzhBNQ2ZhjhuXQ4oE/getUpdates "HTTP/1.1 200 OK"
2026-06-16 00:57:13,788 - httpx - INFO - HTTP Request: POST https://api.telegram.org/bot8657142758:AAGUQRm-T_ITFafMBJHzhBNQ2ZhjhuXQ4oE/getUpdates "HTTP/1.1 200 OK"
2026-06-16 00:57:23,934 - httpx - INFO - HTTP Request: POST https://api.telegram.org/bot8657142758:AAGUQRm-T_ITFafMBJHzhBNQ2ZhjhuXQ4oE/getUpdates "HTTP/1.1 200 OK"
2026-06-16 00:57:29,975 - httpx - INFO - HTTP Request: POST https://api.telegram.org/bot8657142758:AAGUQRm-T_ITFafMBJHzhBNQ2ZhjhuXQ4oE/getUpdates "HTTP/1.1 200 OK"
2026-06-16 00:57:29,977 - __main__ - INFO - RAW UPDATE: {'chat_member': {'chat': {'id': -1004475483869, 'title': 'MUNA test', 'type': <ChatType.SUPERGROUP>, 'username': 'munatest1'}, 'date': 1781553449, 'new_chat_member': {'status': <ChatMemberStatus.MEMBER>, 'user': {'first_name': '$1®0_)', 'id': 7208164975, 'is_bot': False, 'language_code': 'uz'}}, 'old_chat_member': {'status': <ChatMemberStatus.LEFT>, 'user': {'first_name': '$1®0_)', 'id': 7208164975, 'is_bot': False, 'language_code': 'uz'}}, 'from': {'first_name': '$1®0_)', 'id': 7208164975, 'is_bot': False, 'language_code': 'uz'}}, 'update_id': 63033014}
2026-06-16 00:57:30,122 - httpx - INFO - HTTP Request: POST https://api.telegram.org/bot8657142758:AAGUQRm-T_ITFafMBJHzhBNQ2ZhjhuXQ4oE/getUpdates "HTTP/1.1 200 OK"
2026-06-16 00:57:30,124 - __main__ - INFO - RAW UPDATE: {'message': {'channel_chat_created': False, 'delete_chat_photo': False, 'group_chat_created': False, 'new_chat_members': [{'first_name': '$1®0_)', 'id': 7208164975, 'is_bot': False, 'language_code': 'uz'}], 'supergroup_chat_created': False, 'chat': {'id': -1004475483869, 'title': 'MUNA test', 'type': <ChatType.SUPERGROUP>, 'username': 'munatest1'}, 'date': 1781553449, 'message_id': 18, 'from': {'first_name': '$1®0_)', 'id': 7208164975, 'is_bot': False, 'language_code': 'uz'}, 'new_chat_participant': {'id': 7208164975, 'is_bot': False, 'first_name': '$1®0_)', 'language_code': 'uz'}, 'new_chat_member': {'id': 7208164975, 'is_bot': False, 'first_name': '$1®0_)', 'language_code': 'uz'}}, 'update_id': 63033015}
2026-06-16 00:57:40,260 - httpx - INFO - HTTP Request: POST https://api.telegram.org/bot8657142758:AAGUQRm-T_ITFafMBJHzhBNQ2ZhjhuXQ4oE/getUpdates "HTTP/1.1 200 OK"
2026-06-16 00:57:50,415 - httpx - INFO - HTTP Request: POST https://api.telegram.org/bot8657142758:AAGUQRm-T_ITFafMBJHzhBNQ2ZhjhuXQ4oE/getUpdates "HTTP/1.1 200 OK"
2026-06-16 00:58:00,562 - httpx - INFO - HTTP Request: POST https://api.telegram.org/bot8657142758:AAGUQRm-T_ITFafMBJHzhBNQ2ZhjhuXQ4oE/getUpdates "HTTP/1.1 200 OK"
2026-06-16 00:58:10,708 - httpx - INFO - HTTP Request: POST https://api.telegram.org/bot8657142758:AAGUQRm-T_ITFafMBJHzhBNQ2ZhjhuXQ4oE/getUpdates "HTTP/1.1 200 OK"
2026-06-16 00:58:20,862 - httpx - INFO - HTTP Request: POST https://api.telegram.org/bot8657142758:AAGUQRm-T_ITFafMBJHzhBNQ2ZhjhuXQ4oE/getUpdates "HTTP/1.1 200 OK"
2026-06-16 00:58:31,019 - httpx - INFO - HTTP Request: POST https://api.telegram.org/bot8657142758:AAGUQRm-T_ITFafMBJHzhBNQ2ZhjhuXQ4oE/getUpdates "HTTP/1.1 200 OK"
2026-06-16 00:58:41,168 - httpx - INFO - HTTP Request: POST https://api.telegram.org/bot8657142758:AAGUQRm-T_ITFafMBJHzhBNQ2ZhjhuXQ4oE/getUpdates "HTTP/1.1 200 OK"
2026-06-16 00:58:51,315 - httpx - INFO - HTTP Request: POST https://api.telegram.org/bot8657142758:AAGUQRm-T_ITFafMBJHzhBNQ2ZhjhuXQ4oE/getUpdates "HTTP/1.1 200 OK"
2026-06-16 00:59:01,460 - httpx - INFO - HTTP Request: POST https://api.telegram.org/bot8657142758:AAGUQRm-T_ITFafMBJHzhBNQ2ZhjhuXQ4oE/getUpdates "HTTP/1.1 200 OK"
2026-06-16 00:59:11,604 - httpx - INFO - HTTP Request: POST https://api.telegram.org/bot8657142758:AAGUQRm-T_ITFafMBJHzhBNQ2ZhjhuXQ4oE/getUpdates "HTTP/1.1 200 OK"
2026-06-16 00:59:21,757 - httpx - INFO - HTTP Request: POST https://api.telegram.org/bot8657142758:AAGUQRm-T_ITFafMBJHzhBNQ2ZhjhuXQ4oE/getUpdates "HTTP/1.1 200 OK"
2026-06-16 00:59:31,901 - httpx - INFO - HTTP Request: POST https://api.telegram.org/bot8657142758:AAGUQRm-T_ITFafMBJHzhBNQ2ZhjhuXQ4oE/getUpdates "HTTP/1.1 200 OK"
2026-06-16 00:59:42,055 - httpx - INFO - HTTP Request: POST https://api.telegram.org/bot8657142758:AAGUQRm-T_ITFafMBJHzhBNQ2ZhjhuXQ4oE/getUpdates "HTTP/1.1 200 OK"
2026-06-16 00:59:52,189 - httpx - INFO - HTTP Request: POST https://api.telegram.org/bot8657142758:AAGUQRm-T_ITFafMBJHzhBNQ2ZhjhuXQ4oE/getUpdates "HTTP/1.1 200 OK"
2026-06-16 01:00:02,330 - httpx - INFO - HTTP Request: POST https://api.telegram.org/bot8657142758:AAGUQRm-T_ITFafMBJHzhBNQ2ZhjhuXQ4oE/getUpdates "HTTP/1.1 200 OK"
2026-06-16 01:00:12,475 - httpx - INFO - HTTP Request: POST https://api.telegram.org/bot8657142758:AAGUQRm-T_ITFafMBJHzhBNQ2ZhjhuXQ4oE/getUpdates "HTTP/1.1 200 OK"
2026-06-16 01:00:22,616 - httpx - INFO - HTTP Request: POST https://api.telegram.org/bot8657142758:AAGUQRm-T_ITFafMBJHzhBNQ2ZhjhuXQ4oE/getUpdates "HTTP/1.1 200 OK"
2026-06-16 01:00:32,756 - httpx - INFO - HTTP Request: POST https://api.telegram.org/bot8657142758:AAGUQRm-T_ITFafMBJHzhBNQ2ZhjhuXQ4oE/getUpdates "HTTP/1.1 200 OK"
2026-06-16 01:00:42,908 - httpx - INFO - HTTP Request: POST https://api.telegram.org/bot8657142758:AAGUQRm-T_ITFafMBJHzhBNQ2ZhjhuXQ4oE/getUpdates "HTTP/1.1 200 OK"
2026-06-16 01:00:53,079 - httpx - INFO - HTTP Request: POST https://api.telegram.org/bot8657142758:AAGUQRm-T_ITFafMBJHzhBNQ2ZhjhuXQ4oE/getUpdates "HTTP/1.1 200 OK"
2026-06-16 01:01:03,241 - httpx - INFO - HTTP Request: POST https://api.telegram.org/bot8657142758:AAGUQRm-T_ITFafMBJHzhBNQ2ZhjhuXQ4oE/getUpdates "HTTP/1.1 200 OK"
2026-06-16 01:01:13,391 - httpx - INFO - HTTP Request: POST https://api.telegram.org/bot8657142758:AAGUQRm-T_ITFafMBJHzhBNQ2ZhjhuXQ4oE/getUpdates "HTTP/1.1 200 OK"
2026-06-16 01:01:23,528 - httpx - INFO - HTTP Request: POST https://api.telegram.org/bot8657142758:AAGUQRm-T_ITFafMBJHzhBNQ2ZhjhuXQ4oE/getUpdates "HTTP/1.1 200 OK"
2026-06-16 01:01:33,681 - httpx - INFO - HTTP Request: POST https://api.telegram.org/bot8657142758:AAGUQRm-T_ITFafMBJHzhBNQ2ZhjhuXQ4oE/getUpdates "HTTP/1.1 200 OK"
2026-06-16 01:01:43,846 - httpx - INFO - HTTP Request: POST https://api.telegram.org/bot8657142758:AAGUQRm-T_ITFafMBJHzhBNQ2ZhjhuXQ4oE/getUpdates "HTTP/1.1 200 OK"
2026-06-16 01:01:53,998 - httpx - INFO - HTTP Request: POST https://api.telegram.org/bot8657142758:AAGUQRm-T_ITFafMBJHzhBNQ2ZhjhuXQ4oE/getUpdates "HTTP/1.1 200 OK"
2026-06-16 01:02:04,146 - httpx - INFO - HTTP Request: POST https://api.telegram.org/bot8657142758:AAGUQRm-T_ITFafMBJHzhBNQ2ZhjhuXQ4oE/getUpdates "HTTP/1.1 200 OK"
2026-06-16 01:02:14,304 - httpx - INFO - HTTP Request: POST https://api.telegram.org/bot8657142758:AAGUQRm-T_ITFafMBJHzhBNQ2ZhjhuXQ4oE/getUpdates "HTTP/1.1 200 OK"
2026-06-16 01:02:24,451 - httpx - INFO - HTTP Request: POST https://api.telegram.org/bot8657142758:AAGUQRm-T_ITFafMBJHzhBNQ2ZhjhuXQ4oE/getUpdates "HTTP/1.1 200 OK"
2026-06-16 01:02:34,631 - httpx - INFO - HTTP Request: POST https://api.telegram.org/bot8657142758:AAGUQRm-T_ITFafMBJHzhBNQ2ZhjhuXQ4oE/getUpdates "HTTP/1.1 200 OK"
2026-06-16 01:02:44,788 - httpx - INFO - HTTP Request: POST https://api.telegram.org/bot8657142758:AAGUQRm-T_ITFafMBJHzhBNQ2ZhjhuXQ4oE/getUpdates "HTTP/1.1 200 OK"
2026-06-16 01:02:54,929 - httpx - INFO - HTTP Request: POST https://api.telegram.org/bot8657142758:AAGUQRm-T_ITFafMBJHzhBNQ2ZhjhuXQ4oE/getUpdates "HTTP/1.1 200 OK"
2026-06-16 01:03:05,072 - httpx - INFO - HTTP Request: POST https://api.telegram.org/bot8657142758:AAGUQRm-T_ITFafMBJHzhBNQ2ZhjhuXQ4oE/getUpdates "HTTP/1.1 200 OK"
2026-06-16 01:03:15,227 - httpx - INFO - HTTP Request: POST https://api.telegram.org/bot8657142758:AAGUQRm-T_ITFafMBJHzhBNQ2ZhjhuXQ4oE/getUpdates "HTTP/1.1 200 OK"
2026-06-16 01:03:25,364 - httpx - INFO - HTTP Request: POST https://api.telegram.org/bot8657142758:AAGUQRm-T_ITFafMBJHzhBNQ2ZhjhuXQ4oE/getUpdates "HTTP/1.1 200 OK"
2026-06-16 01:03:35,500 - httpx - INFO - HTTP Request: POST https://api.telegram.org/bot8657142758:AAGUQRm-T_ITFafMBJHzhBNQ2ZhjhuXQ4oE/getUpdates "HTTP/1.1 200 OK"
2026-06-16 01:03:45,687 - httpx - INFO - HTTP Request: POST https://api.telegram.org/bot8657142758:AAGUQRm-T_ITFafMBJHzhBNQ2ZhjhuXQ4oE/getUpdates "HTTP/1.1 200 OK"
2026-06-16 01:03:55,829 - httpx - INFO - HTTP Request: POST https://api.telegram.org/bot8657142758:AAGUQRm-T_ITFafMBJHzhBNQ2ZhjhuXQ4oE/getUpdates "HTTP/1.1 200 OK"
2026-06-16 01:04:05,973 - httpx - INFO - HTTP Request: POST https://api.telegram.org/bot8657142758:AAGUQRm-T_ITFafMBJHzhBNQ2ZhjhuXQ4oE/getUpdates "HTTP/1.1 200 OK"
2026-06-16 01:04:16,120 - httpx - INFO - HTTP Request: POST https://api.telegram.org/bot8657142758:AAGUQRm-T_ITFafMBJHzhBNQ2ZhjhuXQ4oE/getUpdates "HTTP/1.1 200 OK"
2026-06-16 01:04:26,259 - httpx - INFO - HTTP Request: POST https://api.telegram.org/bot8657142758:AAGUQRm-T_ITFafMBJHzhBNQ2ZhjhuXQ4oE/getUpdates "HTTP/1.1 200 OK"
2026-06-16 01:04:36,442 - httpx - INFO - HTTP Request: POST https://api.telegram.org/bot8657142758:AAGUQRm-T_ITFafMBJHzhBNQ2ZhjhuXQ4oE/getUpdates "HTTP/1.1 200 OK"
2026-06-16 01:04:46,630 - httpx - INFO - HTTP Request: POST https://api.telegram.org/bot8657142758:AAGUQRm-T_ITFafMBJHzhBNQ2ZhjhuXQ4oE/getUpdates "HTTP/1.1 200 OK"
2026-06-16 01:04:56,793 - httpx - INFO - HTTP Request: POST https://api.telegram.org/bot8657142758:AAGUQRm-T_ITFafMBJHzhBNQ2ZhjhuXQ4oE/getUpdates "HTTP/1.1 200 OK"
2026-06-16 01:05:06,980 - httpx - INFO - HTTP Request: POST https://api.telegram.org/bot8657142758:AAGUQRm-T_ITFafMBJHzhBNQ2ZhjhuXQ4oE/getUpdates "HTTP/1.1 200 OK"
2026-06-16 01:05:17,122 - httpx - INFO - HTTP Request: POST https://api.telegram.org/bot8657142758:AAGUQRm-T_ITFafMBJHzhBNQ2ZhjhuXQ4oE/getUpdates "HTTP/1.1 200 OK"
2026-06-16 01:05:27,340 - httpx - INFO - HTTP Request: POST https://api.telegram.org/bot8657142758:AAGUQRm-T_ITFafMBJHzhBNQ2ZhjhuXQ4oE/getUpdates "HTTP/1.1 200 OK"
2026-06-16 01:05:37,512 - httpx - INFO - HTTP Request: POST https://api.telegram.org/bot8657142758:AAGUQRm-T_ITFafMBJHzhBNQ2ZhjhuXQ4oE/getUpdates "HTTP/1.1 200 OK"
2026-06-16 01:05:47,708 - httpx - INFO - HTTP Request: POST https://api.telegram.org/bot8657142758:AAGUQRm-T_ITFafMBJHzhBNQ2ZhjhuXQ4oE/getUpdates "HTTP/1.1 200 OK"
2026-06-16 01:05:57,903 - httpx - INFO - HTTP Request: POST https://api.telegram.org/bot8657142758:AAGUQRm-T_ITFafMBJHzhBNQ2ZhjhuXQ4oE/getUpdates "HTTP/1.1 200 OK"
2026-06-16 01:06:08,102 - httpx - INFO - HTTP Request: POST https://api.telegram.org/bot8657142758:AAGUQRm-T_ITFafMBJHzhBNQ2ZhjhuXQ4oE/getUpdates "HTTP/1.1 200 OK"
2026-06-16 01:06:18,282 - httpx - INFO - HTTP Request: POST https://api.telegram.org/bot8657142758:AAGUQRm-T_ITFafMBJHzhBNQ2ZhjhuXQ4oE/getUpdates "HTTP/1.1 200 OK"
2026-06-16 01:06:28,464 - httpx - INFO - HTTP Request: POST https://api.telegram.org/bot8657142758:AAGUQRm-T_ITFafMBJHzhBNQ2ZhjhuXQ4oE/getUpdates "HTTP/1.1 200 OK"
2026-06-16 01:06:38,644 - httpx - INFO - HTTP Request: POST https://api.telegram.org/bot8657142758:AAGUQRm-T_ITFafMBJHzhBNQ2ZhjhuXQ4oE/getUpdates "HTTP/1.1 200 OK"
2026-06-16 01:06:48,850 - httpx - INFO - HTTP Request: POST https://api.telegram.org/bot8657142758:AAGUQRm-T_ITFafMBJHzhBNQ2ZhjhuXQ4oE/getUpdates "HTTP/1.1 200 OK"
2026-06-16 01:06:59,006 - httpx - INFO - HTTP Request: POST https://api.telegram.org/bot8657142758:AAGUQRm-T_ITFafMBJHzhBNQ2ZhjhuXQ4oE/getUpdates "HTTP/1.1 200 OK"
2026-06-16 01:07:09,153 - httpx - INFO - HTTP Request: POST https://api.telegram.org/bot8657142758:AAGUQRm-T_ITFafMBJHzhBNQ2ZhjhuXQ4oE/getUpdates "HTTP/1.1 200 OK"
2026-06-16 01:07:19,361 - httpx - INFO - HTTP Request: POST https://api.telegram.org/bot8657142758:AAGUQRm-T_ITFafMBJHzhBNQ2ZhjhuXQ4oE/getUpdates "HTTP/1.1 200 OK"
2026-06-16 01:07:29,526 - httpx - INFO - HTTP Request: POST https://api.telegram.org/bot8657142758:AAGUQRm-T_ITFafMBJHzhBNQ2ZhjhuXQ4oE/getUpdates "HTTP/1.1 200 OK"
2026-06-16 01:07:39,707 - httpx - INFO - HTTP Request: POST https://api.telegram.org/bot8657142758:AAGUQRm-T_ITFafMBJHzhBNQ2ZhjhuXQ4oE/getUpdates "HTTP/1.1 200 OK"
2026-06-16 01:07:49,866 - httpx - INFO - HTTP Request: POST https://api.telegram.org/bot8657142758:AAGUQRm-T_ITFafMBJHzhBNQ2ZhjhuXQ4oE/getUpdates "HTTP/1.1 200 OK"
2026-06-16 01:08:00,052 - httpx - INFO - HTTP Request: POST https://api.telegram.org/bot8657142758:AAGUQRm-T_ITFafMBJHzhBNQ2ZhjhuXQ4oE/getUpdates "HTTP/1.1 200 OK"
2026-06-16 01:08:10,241 - httpx - INFO - HTTP Request: POST https://api.telegram.org/bot8657142758:AAGUQRm-T_ITFafMBJHzhBNQ2ZhjhuXQ4oE/getUpdates "HTTP/1.1 200 OK"
2026-06-16 01:08:20,387 - httpx - INFO - HTTP Request: POST https://api.telegram.org/bot8657142758:AAGUQRm-T_ITFafMBJHzhBNQ2ZhjhuXQ4oE/getUpdates "HTTP/1.1 200 OK"
2026-06-16 01:08:30,526 - httpx - INFO - HTTP Request: POST https://api.telegram.org/bot8657142758:AAGUQRm-T_ITFafMBJHzhBNQ2ZhjhuXQ4oE/getUpdates "HTTP/1.1 200 OK"
2026-06-16 01:08:40,679 - httpx - INFO - HTTP Request: POST https://api.telegram.org/bot8657142758:AAGUQRm-T_ITFafMBJHzhBNQ2ZhjhuXQ4oE/getUpdates "HTTP/1.1 200 OK"
2026-06-16 01:08:50,855 - httpx - INFO - HTTP Request: POST https://api.telegram.org/bot8657142758:AAGUQRm-T_ITFafMBJHzhBNQ2ZhjhuXQ4oE/getUpdates "HTTP/1.1 200 OK"
2026-06-16 01:09:01,059 - httpx - INFO - HTTP Request: POST https://api.telegram.org/bot8657142758:AAGUQRm-T_ITFafMBJHzhBNQ2ZhjhuXQ4oE/getUpdates "HTTP/1.1 200 OK"
2026-06-16 01:09:11,260 - httpx - INFO - HTTP Request: POST https://api.telegram.org/bot8657142758:AAGUQRm-T_ITFafMBJHzhBNQ2ZhjhuXQ4oE/getUpdates "HTTP/1.1 200 OK"
2026-06-16 01:09:21,398 - httpx - INFO - HTTP Request: POST https://api.telegram.org/bot8657142758:AAGUQRm-T_ITFafMBJHzhBNQ2ZhjhuXQ4oE/getUpdates "HTTP/1.1 200 OK"
2026-06-16 01:09:31,545 - httpx - INFO - HTTP Request: POST https://api.telegram.org/bot8657142758:AAGUQRm-T_ITFafMBJHzhBNQ2ZhjhuXQ4oE/getUpdates "HTTP/1.1 200 OK"
2026-06-16 01:09:41,691 - httpx - INFO - HTTP Request: POST https://api.telegram.org/bot8657142758:AAGUQRm-T_ITFafMBJHzhBNQ2ZhjhuXQ4oE/getUpdates "HTTP/1.1 200 OK"
2026-06-16 01:09:51,826 - httpx - INFO - HTTP Request: POST https://api.telegram.org/bot8657142758:AAGUQRm-T_ITFafMBJHzhBNQ2ZhjhuXQ4oE/getUpdates "HTTP/1.1 200 OK"
2026-06-16 01:10:02,027 - httpx - INFO - HTTP Request: POST https://api.telegram.org/bot8657142758:AAGUQRm-T_ITFafMBJHzhBNQ2ZhjhuXQ4oE/getUpdates "HTTP/1.1 200 OK"
2026-06-16 01:10:12,179 - httpx - INFO - HTTP Request: POST https://api.telegram.org/bot8657142758:AAGUQRm-T_ITFafMBJHzhBNQ2ZhjhuXQ4oE/getUpdates "HTTP/1.1 200 OK"
2026-06-16 01:10:22,318 - httpx - INFO - HTTP Request: POST https://api.telegram.org/bot8657142758:AAGUQRm-T_ITFafMBJHzhBNQ2ZhjhuXQ4oE/getUpdates "HTTP/1.1 200 OK"
2026-06-16 01:10:32,455 - httpx - INFO - HTTP Request: POST https://api.telegram.org/bot8657142758:AAGUQRm-T_ITFafMBJHzhBNQ2ZhjhuXQ4oE/getUpdates "HTTP/1.1 200 OK"
2026-06-16 01:10:42,603 - httpx - INFO - HTTP Request: POST https://api.telegram.org/bot8657142758:AAGUQRm-T_ITFafMBJHzhBNQ2ZhjhuXQ4oE/getUpdates "HTTP/1.1 200 OK"
2026-06-16 01:10:52,739 - httpx - INFO - HTTP Request: POST https://api.telegram.org/bot8657142758:AAGUQRm-T_ITFafMBJHzhBNQ2ZhjhuXQ4oE/getUpdates "HTTP/1.1 200 OK"
2026-06-16 01:11:02,872 - httpx - INFO - HTTP Request: POST https://api.telegram.org/bot8657142758:AAGUQRm-T_ITFafMBJHzhBNQ2ZhjhuXQ4oE/getUpdates "HTTP/1.1 200 OK"
2026-06-16 01:11:13,056 - httpx - INFO - HTTP Request: POST https://api.telegram.org/bot8657142758:AAGUQRm-T_ITFafMBJHzhBNQ2ZhjhuXQ4oE/getUpdates "HTTP/1.1 200 OK"
2026-06-16 01:11:23,224 - httpx - INFO - HTTP Request: POST https://api.telegram.org/bot8657142758:AAGUQRm-T_ITFafMBJHzhBNQ2ZhjhuXQ4oE/getUpdates "HTTP/1.1 200 OK"
2026-06-16 01:11:33,364 - httpx - INFO - HTTP Request: POST https://api.telegram.org/bot8657142758:AAGUQRm-T_ITFafMBJHzhBNQ2ZhjhuXQ4oE/getUpdates "HTTP/1.1 200 OK"
2026-06-16 01:11:43,546 - httpx - INFO - HTTP Request: POST https://api.telegram.org/bot8657142758:AAGUQRm-T_ITFafMBJHzhBNQ2ZhjhuXQ4oE/getUpdates "HTTP/1.1 200 OK"
2026-06-16 01:11:53,755 - httpx - INFO - HTTP Request: POST https://api.telegram.org/bot8657142758:AAGUQRm-T_ITFafMBJHzhBNQ2ZhjhuXQ4oE/getUpdates "HTTP/1.1 200 OK"
2026-06-16 01:12:03,911 - httpx - INFO - HTTP Request: POST https://api.telegram.org/bot8657142758:AAGUQRm-T_ITFafMBJHzhBNQ2ZhjhuXQ4oE/getUpdates "HTTP/1.1 200 OK"
2026-06-16 01:12:14,063 - httpx - INFO - HTTP Request: POST https://api.telegram.org/bot8657142758:AAGUQRm-T_ITFafMBJHzhBNQ2ZhjhuXQ4oE/getUpdates "HTTP/1.1 200 OK"
2026-06-16 01:12:24,203 - httpx - INFO - HTTP Request: POST https://api.telegram.org/bot8657142758:AAGUQRm-T_ITFafMBJHzhBNQ2ZhjhuXQ4oE/getUpdates "HTTP/1.1 200 OK"
2026-06-16 01:12:34,369 - httpx - INFO - HTTP Request: POST https://api.telegram.org/bot8657142758:AAGUQRm-T_ITFafMBJHzhBNQ2ZhjhuXQ4oE/getUpdates "HTTP/1.1 200 OK"
2026-06-16 01:12:44,524 - httpx - INFO - HTTP Request: POST https://api.telegram.org/bot8657142758:AAGUQRm-T_ITFafMBJHzhBNQ2ZhjhuXQ4oE/getUpdates "HTTP/1.1 200 OK"
2026-06-16 01:12:54,675 - httpx - INFO - HTTP Request: POST https://api.telegram.org/bot8657142758:AAGUQRm-T_ITFafMBJHzhBNQ2ZhjhuXQ4oE/getUpdates "HTTP/1.1 200 OK"
2026-06-16 01:13:04,821 - httpx - INFO - HTTP Request: POST https://api.telegram.org/bot8657142758:AAGUQRm-T_ITFafMBJHzhBNQ2ZhjhuXQ4oE/getUpdates "HTTP/1.1 200 OK"
2026-06-16 01:13:14,966 - httpx - INFO - HTTP Request: POST https://api.telegram.org/bot8657142758:AAGUQRm-T_ITFafMBJHzhBNQ2ZhjhuXQ4oE/getUpdates "HTTP/1.1 200 OK"
2026-06-16 01:13:25,120 - httpx - INFO - HTTP Request: POST https://api.telegram.org/bot8657142758:AAGUQRm-T_ITFafMBJHzhBNQ2ZhjhuXQ4oE/getUpdates "HTTP/1.1 200 OK"
2026-06-16 01:13:35,315 - httpx - INFO - HTTP Request: POST https://api.telegram.org/bot8657142758:AAGUQRm-T_ITFafMBJHzhBNQ2ZhjhuXQ4oE/getUpdates "HTTP/1.1 200 OK"
2026-06-16 01:13:45,479 - httpx - INFO - HTTP Request: POST https://api.telegram.org/bot8657142758:AAGUQRm-T_ITFafMBJHzhBNQ2ZhjhuXQ4oE/getUpdates "HTTP/1.1 200 OK"
2026-06-16 01:13:55,622 - httpx - INFO - HTTP Request: POST https://api.telegram.org/bot8657142758:AAGUQRm-T_ITFafMBJHzhBNQ2ZhjhuXQ4oE/getUpdates "HTTP/1.1 200 OK"
2026-06-16 01:14:05,764 - httpx - INFO - HTTP Request: POST https://api.telegram.org/bot8657142758:AAGUQRm-T_ITFafMBJHzhBNQ2ZhjhuXQ4oE/getUpdates "HTTP/1.1 200 OK"
2026-06-16 01:14:15,927 - httpx - INFO - HTTP Request: POST https://api.telegram.org/bot8657142758:AAGUQRm-T_ITFafMBJHzhBNQ2ZhjhuXQ4oE/getUpdates "HTTP/1.1 200 OK"
2026-06-16 01:14:26,065 - httpx - INFO - HTTP Request: POST https://api.telegram.org/bot8657142758:AAGUQRm-T_ITFafMBJHzhBNQ2ZhjhuXQ4oE/getUpdates "HTTP/1.1 200 OK"
2026-06-16 01:14:36,200 - httpx - INFO - HTTP Request: POST https://api.telegram.org/bot8657142758:AAGUQRm-T_ITFafMBJHzhBNQ2ZhjhuXQ4oE/getUpdates "HTTP/1.1 200 OK"
2026-06-16 01:14:46,341 - httpx - INFO - HTTP Request: POST https://api.telegram.org/bot8657142758:AAGUQRm-T_ITFafMBJHzhBNQ2ZhjhuXQ4oE/getUpdates "HTTP/1.1 200 OK"
2026-06-16 01:14:56,488 - httpx - INFO - HTTP Request: POST https://api.telegram.org/bot8657142758:AAGUQRm-T_ITFafMBJHzhBNQ2ZhjhuXQ4oE/getUpdates "HTTP/1.1 200 OK"
2026-06-16 01:15:06,623 - httpx - INFO - HTTP Request: POST https://api.telegram.org/bot8657142758:AAGUQRm-T_ITFafMBJHzhBNQ2ZhjhuXQ4oE/getUpdates "HTTP/1.1 200 OK"
2026-06-16 01:15:16,790 - httpx - INFO - HTTP Request: POST https://api.telegram.org/bot8657142758:AAGUQRm-T_ITFafMBJHzhBNQ2ZhjhuXQ4oE/getUpdates "HTTP/1.1 200 OK"
2026-06-16 01:15:26,953 - httpx - INFO - HTTP Request: POST https://api.telegram.org/bot8657142758:AAGUQRm-T_ITFafMBJHzhBNQ2ZhjhuXQ4oE/getUpdates "HTTP/1.1 200 OK"
2026-06-16 01:15:37,096 - httpx - INFO - HTTP Request: POST https://api.telegram.org/bot8657142758:AAGUQRm-T_ITFafMBJHzhBNQ2ZhjhuXQ4oE/getUpdates "HTTP/1.1 200 OK"
2026-06-16 01:15:47,253 - httpx - INFO - HTTP Request: POST https://api.telegram.org/bot8657142758:AAGUQRm-T_ITFafMBJHzhBNQ2ZhjhuXQ4oE/getUpdates "HTTP/1.1 200 OK"
2026-06-16 01:15:57,391 - httpx - INFO - HTTP Request: POST https://api.telegram.org/bot8657142758:AAGUQRm-T_ITFafMBJHzhBNQ2ZhjhuXQ4oE/getUpdates "HTTP/1.1 200 OK"
2026-06-16 01:16:07,547 - httpx - INFO - HTTP Request: POST https://api.telegram.org/bot8657142758:AAGUQRm-T_ITFafMBJHzhBNQ2ZhjhuXQ4oE/getUpdates "HTTP/1.1 200 OK"
2026-06-16 01:16:17,699 - httpx - INFO - HTTP Request: POST https://api.telegram.org/bot8657142758:AAGUQRm-T_ITFafMBJHzhBNQ2ZhjhuXQ4oE/getUpdates "HTTP/1.1 200 OK"
2026-06-16 01:16:27,845 - httpx - INFO - HTTP Request: POST https://api.telegram.org/bot8657142758:AAGUQRm-T_ITFafMBJHzhBNQ2ZhjhuXQ4oE/getUpdates "HTTP/1.1 200 OK"
2026-06-16 01:16:37,997 - httpx - INFO - HTTP Request: POST https://api.telegram.org/bot8657142758:AAGUQRm-T_ITFafMBJHzhBNQ2ZhjhuXQ4oE/getUpdates "HTTP/1.1 200 OK"
2026-06-16 01:16:48,136 - httpx - INFO - HTTP Request: POST https://api.telegram.org/bot8657142758:AAGUQRm-T_ITFafMBJHzhBNQ2ZhjhuXQ4oE/getUpdates "HTTP/1.1 200 OK"
2026-06-16 01:16:58,270 - httpx - INFO - HTTP Request: POST https://api.telegram.org/bot8657142758:AAGUQRm-T_ITFafMBJHzhBNQ2ZhjhuXQ4oE/getUpdates "HTTP/1.1 200 OK"
2026-06-16 01:17:08,446 - httpx - INFO - HTTP Request: POST https://api.telegram.org/bot8657142758:AAGUQRm-T_ITFafMBJHzhBNQ2ZhjhuXQ4oE/getUpdates "HTTP/1.1 200 OK"
2026-06-16 01:17:18,593 - httpx - INFO - HTTP Request: POST https://api.telegram.org/bot8657142758:AAGUQRm-T_ITFafMBJHzhBNQ2ZhjhuXQ4oE/getUpdates "HTTP/1.1 200 OK"
2026-06-16 01:17:28,733 - httpx - INFO - HTTP Request: POST https://api.telegram.org/bot8657142758:AAGUQRm-T_ITFafMBJHzhBNQ2ZhjhuXQ4oE/getUpdates "HTTP/1.1 200 OK"
2026-06-16 01:17:39,141 - httpx - INFO - HTTP Request: POST https://api.telegram.org/bot8657142758:AAGUQRm-T_ITFafMBJHzhBNQ2ZhjhuXQ4oE/getUpdates "HTTP/1.1 200 OK"
2026-06-16 01:17:49,281 - httpx - INFO - HTTP Request: POST https://api.telegram.org/bot8657142758:AAGUQRm-T_ITFafMBJHzhBNQ2ZhjhuXQ4oE/getUpdates "HTTP/1.1 200 OK"
2026-06-16 01:17:59,410 - httpx - INFO - HTTP Request: POST https://api.telegram.org/bot8657142758:AAGUQRm-T_ITFafMBJHzhBNQ2ZhjhuXQ4oE/getUpdates "HTTP/1.1 200 OK"
2026-06-16 01:18:09,540 - httpx - INFO - HTTP Request: POST https://api.telegram.org/bot8657142758:AAGUQRm-T_ITFafMBJHzhBNQ2ZhjhuXQ4oE/getUpdates "HTTP/1.1 200 OK"
2026-06-16 01:18:19,685 - httpx - INFO - HTTP Request: POST https://api.telegram.org/bot8657142758:AAGUQRm-T_ITFafMBJHzhBNQ2ZhjhuXQ4oE/getUpdates "HTTP/1.1 200 OK"
2026-06-16 01:18:29,837 - httpx - INFO - HTTP Request: POST https://api.telegram.org/bot8657142758:AAGUQRm-T_ITFafMBJHzhBNQ2ZhjhuXQ4oE/getUpdates "HTTP/1.1 200 OK"
2026-06-16 01:18:39,967 - httpx - INFO - HTTP Request: POST https://api.telegram.org/bot8657142758:AAGUQRm-T_ITFafMBJHzhBNQ2ZhjhuXQ4oE/getUpdates "HTTP/1.1 200 OK"
2026-06-16 01:18:50,107 - httpx - INFO - HTTP Request: POST https://api.telegram.org/bot8657142758:AAGUQRm-T_ITFafMBJHzhBNQ2ZhjhuXQ4oE/getUpdates "HTTP/1.1 200 OK"
2026-06-16 01:19:00,251 - httpx - INFO - HTTP Request: POST https://api.telegram.org/bot8657142758:AAGUQRm-T_ITFafMBJHzhBNQ2ZhjhuXQ4oE/getUpdates "HTTP/1.1 200 OK"
2026-06-16 01:19:10,386 - httpx - INFO - HTTP Request: POST https://api.telegram.org/bot8657142758:AAGUQRm-T_ITFafMBJHzhBNQ2ZhjhuXQ4oE/getUpdates "HTTP/1.1 200 OK"
2026-06-16 01:19:20,518 - httpx - INFO - HTTP Request: POST https://api.telegram.org/bot8657142758:AAGUQRm-T_ITFafMBJHzhBNQ2ZhjhuXQ4oE/getUpdates "HTTP/1.1 200 OK"
2026-06-16 01:19:30,698 - httpx - INFO - HTTP Request: POST https://api.telegram.org/bot8657142758:AAGUQRm-T_ITFafMBJHzhBNQ2ZhjhuXQ4oE/getUpdates "HTTP/1.1 200 OK"
2026-06-16 01:19:40,853 - httpx - INFO - HTTP Request: POST https://api.telegram.org/bot8657142758:AAGUQRm-T_ITFafMBJHzhBNQ2ZhjhuXQ4oE/getUpdates "HTTP/1.1 200 OK"
2026-06-16 01:19:50,993 - httpx - INFO - HTTP Request: POST https://api.telegram.org/bot8657142758:AAGUQRm-T_ITFafMBJHzhBNQ2ZhjhuXQ4oE/getUpdates "HTTP/1.1 200 OK"
2026-06-16 01:20:01,133 - httpx - INFO - HTTP Request: POST https://api.telegram.org/bot8657142758:AAGUQRm-T_ITFafMBJHzhBNQ2ZhjhuXQ4oE/getUpdates "HTTP/1.1 200 OK"
2026-06-16 01:20:11,266 - httpx - INFO - HTTP Request: POST https://api.telegram.org/bot8657142758:AAGUQRm-T_ITFafMBJHzhBNQ2ZhjhuXQ4oE/getUpdates "HTTP/1.1 200 OK"
2026-06-16 01:20:21,424 - httpx - INFO - HTTP Request: POST https://api.telegram.org/bot8657142758:AAGUQRm-T_ITFafMBJHzhBNQ2ZhjhuXQ4oE/getUpdates "HTTP/1.1 200 OK"
2026-06-16 01:20:31,562 - httpx - INFO - HTTP Request: POST https://api.telegram.org/bot8657142758:AAGUQRm-T_ITFafMBJHzhBNQ2ZhjhuXQ4oE/getUpdates "HTTP/1.1 200 OK"
2026-06-16 01:20:41,699 - httpx - INFO - HTTP Request: POST https://api.telegram.org/bot8657142758:AAGUQRm-T_ITFafMBJHzhBNQ2ZhjhuXQ4oE/getUpdates "HTTP/1.1 200 OK"
2026-06-16 01:20:51,835 - httpx - INFO - HTTP Request: POST https://api.telegram.org/bot8657142758:AAGUQRm-T_ITFafMBJHzhBNQ2ZhjhuXQ4oE/getUpdates "HTTP/1.1 200 OK"
2026-06-16 01:21:01,969 - httpx - INFO - HTTP Request: POST https://api.telegram.org/bot8657142758:AAGUQRm-T_ITFafMBJHzhBNQ2ZhjhuXQ4oE/getUpdates "HTTP/1.1 200 OK"
2026-06-16 01:21:12,104 - httpx - INFO - HTTP Request: POST https://api.telegram.org/bot8657142758:AAGUQRm-T_ITFafMBJHzhBNQ2ZhjhuXQ4oE/getUpdates "HTTP/1.1 200 OK"
2026-06-16 01:21:22,257 - httpx - INFO - HTTP Request: POST https://api.telegram.org/bot8657142758:AAGUQRm-T_ITFafMBJHzhBNQ2ZhjhuXQ4oE/getUpdates "HTTP/1.1 200 OK"
2026-06-16 01:21:32,396 - httpx - INFO - HTTP Request: POST https://api.telegram.org/bot8657142758:AAGUQRm-T_ITFafMBJHzhBNQ2ZhjhuXQ4oE/getUpdates "HTTP/1.1 200 OK"
2026-06-16 01:21:42,529 - httpx - INFO - HTTP Request: POST https://api.telegram.org/bot8657142758:AAGUQRm-T_ITFafMBJHzhBNQ2ZhjhuXQ4oE/getUpdates "HTTP/1.1 200 OK"
2026-06-16 01:21:52,686 - httpx - INFO - HTTP Request: POST https://api.telegram.org/bot8657142758:AAGUQRm-T_ITFafMBJHzhBNQ2ZhjhuXQ4oE/getUpdates "HTTP/1.1 200 OK"
2026-06-16 01:22:02,814 - httpx - INFO - HTTP Request: POST https://api.telegram.org/bot8657142758:AAGUQRm-T_ITFafMBJHzhBNQ2ZhjhuXQ4oE/getUpdates "HTTP/1.1 200 OK"
2026-06-16 01:22:12,943 - httpx - INFO - HTTP Request: POST https://api.telegram.org/bot8657142758:AAGUQRm-T_ITFafMBJHzhBNQ2ZhjhuXQ4oE/getUpdates "HTTP/1.1 200 OK"
2026-06-16 01:22:23,098 - httpx - INFO - HTTP Request: POST https://api.telegram.org/bot8657142758:AAGUQRm-T_ITFafMBJHzhBNQ2ZhjhuXQ4oE/getUpdates "HTTP/1.1 200 OK"
2026-06-16 01:22:33,241 - httpx - INFO - HTTP Request: POST https://api.telegram.org/bot8657142758:AAGUQRm-T_ITFafMBJHzhBNQ2ZhjhuXQ4oE/getUpdates "HTTP/1.1 200 OK"
2026-06-16 01:22:43,365 - httpx - INFO - HTTP Request: POST https://api.telegram.org/bot8657142758:AAGUQRm-T_ITFafMBJHzhBNQ2ZhjhuXQ4oE/getUpdates "HTTP/1.1 200 OK"
2026-06-16 01:22:53,495 - httpx - INFO - HTTP Request: POST https://api.telegram.org/bot8657142758:AAGUQRm-T_ITFafMBJHzhBNQ2ZhjhuXQ4oE/getUpdates "HTTP/1.1 200 OK"
2026-06-16 01:23:03,632 - httpx - INFO - HTTP Request: POST https://api.telegram.org/bot8657142758:AAGUQRm-T_ITFafMBJHzhBNQ2ZhjhuXQ4oE/getUpdates "HTTP/1.1 200 OK"
2026-06-16 01:23:13,757 - httpx - INFO - HTTP Request: POST https://api.telegram.org/bot8657142758:AAGUQRm-T_ITFafMBJHzhBNQ2ZhjhuXQ4oE/getUpdates "HTTP/1.1 200 OK"
2026-06-16 01:23:23,888 - httpx - INFO - HTTP Request: POST https://api.telegram.org/bot8657142758:AAGUQRm-T_ITFafMBJHzhBNQ2ZhjhuXQ4oE/getUpdates "HTTP/1.1 200 OK"
2026-06-16 01:23:34,026 - httpx - INFO - HTTP Request: POST https://api.telegram.org/bot8657142758:AAGUQRm-T_ITFafMBJHzhBNQ2ZhjhuXQ4oE/getUpdates "HTTP/1.1 200 OK"
2026-06-16 01:23:44,154 - httpx - INFO - HTTP Request: POST https://api.telegram.org/bot8657142758:AAGUQRm-T_ITFafMBJHzhBNQ2ZhjhuXQ4oE/getUpdates "HTTP/1.1 200 OK"
2026-06-16 01:23:54,286 - httpx - INFO - HTTP Request: POST https://api.telegram.org/bot8657142758:AAGUQRm-T_ITFafMBJHzhBNQ2ZhjhuXQ4oE/getUpdates "HTTP/1.1 200 OK"
2026-06-16 01:24:04,426 - httpx - INFO - HTTP Request: POST https://api.telegram.org/bot8657142758:AAGUQRm-T_ITFafMBJHzhBNQ2ZhjhuXQ4oE/getUpdates "HTTP/1.1 200 OK"
2026-06-16 01:24:14,562 - httpx - INFO - HTTP Request: POST https://api.telegram.org/bot8657142758:AAGUQRm-T_ITFafMBJHzhBNQ2ZhjhuXQ4oE/getUpdates "HTTP/1.1 200 OK"
2026-06-16 01:24:24,693 - httpx - INFO - HTTP Request: POST https://api.telegram.org/bot8657142758:AAGUQRm-T_ITFafMBJHzhBNQ2ZhjhuXQ4oE/getUpdates "HTTP/1.1 200 OK"
2026-06-16 01:24:34,823 - httpx - INFO - HTTP Request: POST https://api.telegram.org/bot8657142758:AAGUQRm-T_ITFafMBJHzhBNQ2ZhjhuXQ4oE/getUpdates "HTTP/1.1 200 OK"
2026-06-16 01:24:44,970 - httpx - INFO - HTTP Request: POST https://api.telegram.org/bot8657142758:AAGUQRm-T_ITFafMBJHzhBNQ2ZhjhuXQ4oE/getUpdates "HTTP/1.1 200 OK"
2026-06-16 01:24:55,108 - httpx - INFO - HTTP Request: POST https://api.telegram.org/bot8657142758:AAGUQRm-T_ITFafMBJHzhBNQ2ZhjhuXQ4oE/getUpdates "HTTP/1.1 200 OK"
2026-06-16 01:25:05,246 - httpx - INFO - HTTP Request: POST https://api.telegram.org/bot8657142758:AAGUQRm-T_ITFafMBJHzhBNQ2ZhjhuXQ4oE/getUpdates "HTTP/1.1 200 OK"
2026-06-16 01:25:15,381 - httpx - INFO - HTTP Request: POST https://api.telegram.org/bot8657142758:AAGUQRm-T_ITFafMBJHzhBNQ2ZhjhuXQ4oE/getUpdates "HTTP/1.1 200 OK"
2026-06-16 01:25:25,516 - httpx - INFO - HTTP Request: POST https://api.telegram.org/bot8657142758:AAGUQRm-T_ITFafMBJHzhBNQ2ZhjhuXQ4oE/getUpdates "HTTP/1.1 200 OK"
2026-06-16 01:25:35,645 - httpx - INFO - HTTP Request: POST https://api.telegram.org/bot8657142758:AAGUQRm-T_ITFafMBJHzhBNQ2ZhjhuXQ4oE/getUpdates "HTTP/1.1 200 OK"
2026-06-16 01:25:45,787 - httpx - INFO - HTTP Request: POST https://api.telegram.org/bot8657142758:AAGUQRm-T_ITFafMBJHzhBNQ2ZhjhuXQ4oE/getUpdates "HTTP/1.1 200 OK"
2026-06-16 01:25:55,921 - httpx - INFO - HTTP Request: POST https://api.telegram.org/bot8657142758:AAGUQRm-T_ITFafMBJHzhBNQ2ZhjhuXQ4oE/getUpdates "HTTP/1.1 200 OK"
2026-06-16 01:26:06,044 - httpx - INFO - HTTP Request: POST https://api.telegram.org/bot8657142758:AAGUQRm-T_ITFafMBJHzhBNQ2ZhjhuXQ4oE/getUpdates "HTTP/1.1 200 OK"
2026-06-16 01:26:16,178 - httpx - INFO - HTTP Request: POST https://api.telegram.org/bot8657142758:AAGUQRm-T_ITFafMBJHzhBNQ2ZhjhuXQ4oE/getUpdates "HTTP/1.1 200 OK"
2026-06-16 01:26:26,310 - httpx - INFO - HTTP Request: POST https://api.telegram.org/bot8657142758:AAGUQRm-T_ITFafMBJHzhBNQ2ZhjhuXQ4oE/getUpdates "HTTP/1.1 200 OK"
2026-06-16 01:26:36,446 - httpx - INFO - HTTP Request: POST https://api.telegram.org/bot8657142758:AAGUQRm-T_ITFafMBJHzhBNQ2ZhjhuXQ4oE/getUpdates "HTTP/1.1 200 OK"
2026-06-16 01:26:46,583 - httpx - INFO - HTTP Request: POST https://api.telegram.org/bot8657142758:AAGUQRm-T_ITFafMBJHzhBNQ2ZhjhuXQ4oE/getUpdates "HTTP/1.1 200 OK"
2026-06-16 01:26:56,717 - httpx - INFO - HTTP Request: POST https://api.telegram.org/bot8657142758:AAGUQRm-T_ITFafMBJHzhBNQ2ZhjhuXQ4oE/getUpdates "HTTP/1.1 200 OK"
2026-06-16 01:27:06,854 - httpx - INFO - HTTP Request: POST https://api.telegram.org/bot8657142758:AAGUQRm-T_ITFafMBJHzhBNQ2ZhjhuXQ4oE/getUpdates "HTTP/1.1 200 OK"
2026-06-16 01:27:16,996 - httpx - INFO - HTTP Request: POST https://api.telegram.org/bot8657142758:AAGUQRm-T_ITFafMBJHzhBNQ2ZhjhuXQ4oE/getUpdates "HTTP/1.1 200 OK"
2026-06-16 01:27:27,134 - httpx - INFO - HTTP Request: POST https://api.telegram.org/bot8657142758:AAGUQRm-T_ITFafMBJHzhBNQ2ZhjhuXQ4oE/getUpdates "HTTP/1.1 200 OK"
2026-06-16 01:27:37,267 - httpx - INFO - HTTP Request: POST https://api.telegram.org/bot8657142758:AAGUQRm-T_ITFafMBJHzhBNQ2ZhjhuXQ4oE/getUpdates "HTTP/1.1 200 OK"
2026-06-16 01:27:47,409 - httpx - INFO - HTTP Request: POST https://api.telegram.org/bot8657142758:AAGUQRm-T_ITFafMBJHzhBNQ2ZhjhuXQ4oE/getUpdates "HTTP/1.1 200 OK"
2026-06-16 01:27:57,538 - httpx - INFO - HTTP Request: POST https://api.telegram.org/bot8657142758:AAGUQRm-T_ITFafMBJHzhBNQ2ZhjhuXQ4oE/getUpdates "HTTP/1.1 200 OK"
2026-06-16 01:28:07,671 - httpx - INFO - HTTP Request: POST https://api.telegram.org/bot8657142758:AAGUQRm-T_ITFafMBJHzhBNQ2ZhjhuXQ4oE/getUpdates "HTTP/1.1 200 OK"
2026-06-16 01:28:17,808 - httpx - INFO - HTTP Request: POST https://api.telegram.org/bot8657142758:AAGUQRm-T_ITFafMBJHzhBNQ2ZhjhuXQ4oE/getUpdates "HTTP/1.1 200 OK"
2026-06-16 01:28:27,938 - httpx - INFO - HTTP Request: POST https://api.telegram.org/bot8657142758:AAGUQRm-T_ITFafMBJHzhBNQ2ZhjhuXQ4oE/getUpdates "HTTP/1.1 200 OK"
2026-06-16 01:28:38,083 - httpx - INFO - HTTP Request: POST https://api.telegram.org/bot8657142758:AAGUQRm-T_ITFafMBJHzhBNQ2ZhjhuXQ4oE/getUpdates "HTTP/1.1 200 OK"
2026-06-16 01:28:48,227 - httpx - INFO - HTTP Request: POST https://api.telegram.org/bot8657142758:AAGUQRm-T_ITFafMBJHzhBNQ2ZhjhuXQ4oE/getUpdates "HTTP/1.1 200 OK"
2026-06-16 01:28:58,369 - httpx - INFO - HTTP Request: POST https://api.telegram.org/bot8657142758:AAGUQRm-T_ITFafMBJHzhBNQ2ZhjhuXQ4oE/getUpdates "HTTP/1.1 200 OK"
2026-06-16 01:29:08,491 - httpx - INFO - HTTP Request: POST https://api.telegram.org/bot8657142758:AAGUQRm-T_ITFafMBJHzhBNQ2ZhjhuXQ4oE/getUpdates "HTTP/1.1 200 OK"
2026-06-16 01:29:18,627 - httpx - INFO - HTTP Request: POST https://api.telegram.org/bot8657142758:AAGUQRm-T_ITFafMBJHzhBNQ2ZhjhuXQ4oE/getUpdates "HTTP/1.1 200 OK"
2026-06-16 01:29:28,790 - httpx - INFO - HTTP Request: POST https://api.telegram.org/bot8657142758:AAGUQRm-T_ITFafMBJHzhBNQ2ZhjhuXQ4oE/getUpdates "HTTP/1.1 200 OK"
2026-06-16 01:29:38,924 - httpx - INFO - HTTP Request: POST https://api.telegram.org/bot8657142758:AAGUQRm-T_ITFafMBJHzhBNQ2ZhjhuXQ4oE/getUpdates "HTTP/1.1 200 OK"
2026-06-16 01:29:49,080 - httpx - INFO - HTTP Request: POST https://api.telegram.org/bot8657142758:AAGUQRm-T_ITFafMBJHzhBNQ2ZhjhuXQ4oE/getUpdates "HTTP/1.1 200 OK"
2026-06-16 01:29:59,212 - httpx - INFO - HTTP Request: POST https://api.telegram.org/bot8657142758:AAGUQRm-T_ITFafMBJHzhBNQ2ZhjhuXQ4oE/getUpdates "HTTP/1.1 200 OK"
2026-06-16 01:30:09,347 - httpx - INFO - HTTP Request: POST https://api.telegram.org/bot8657142758:AAGUQRm-T_ITFafMBJHzhBNQ2ZhjhuXQ4oE/getUpdates "HTTP/1.1 200 OK"
2026-06-16 01:30:19,534 - httpx - INFO - HTTP Request: POST https://api.telegram.org/bot8657142758:AAGUQRm-T_ITFafMBJHzhBNQ2ZhjhuXQ4oE/getUpdates "HTTP/1.1 200 OK"
2026-06-16 01:30:29,680 - httpx - INFO - HTTP Request: POST https://api.telegram.org/bot8657142758:AAGUQRm-T_ITFafMBJHzhBNQ2ZhjhuXQ4oE/getUpdates "HTTP/1.1 200 OK"
2026-06-16 01:30:39,813 - httpx - INFO - HTTP Request: POST https://api.telegram.org/bot8657142758:AAGUQRm-T_ITFafMBJHzhBNQ2ZhjhuXQ4oE/getUpdates "HTTP/1.1 200 OK"
2026-06-16 01:30:49,958 - httpx - INFO - HTTP Request: POST https://api.telegram.org/bot8657142758:AAGUQRm-T_ITFafMBJHzhBNQ2ZhjhuXQ4oE/getUpdates "HTTP/1.1 200 OK"
2026-06-16 01:31:00,092 - httpx - INFO - HTTP Request: POST https://api.telegram.org/bot8657142758:AAGUQRm-T_ITFafMBJHzhBNQ2ZhjhuXQ4oE/getUpdates "HTTP/1.1 200 OK"
2026-06-16 01:31:10,228 - httpx - INFO - HTTP Request: POST https://api.telegram.org/bot8657142758:AAGUQRm-T_ITFafMBJHzhBNQ2ZhjhuXQ4oE/getUpdates "HTTP/1.1 200 OK"
2026-06-16 01:31:20,360 - httpx - INFO - HTTP Request: POST https://api.telegram.org/bot8657142758:AAGUQRm-T_ITFafMBJHzhBNQ2ZhjhuXQ4oE/getUpdates "HTTP/1.1 200 OK"
2026-06-16 01:31:30,513 - httpx - INFO - HTTP Request: POST https://api.telegram.org/bot8657142758:AAGUQRm-T_ITFafMBJHzhBNQ2ZhjhuXQ4oE/getUpdates "HTTP/1.1 200 OK"
2026-06-16 01:31:40,641 - httpx - INFO - HTTP Request: POST https://api.telegram.org/bot8657142758:AAGUQRm-T_ITFafMBJHzhBNQ2ZhjhuXQ4oE/getUpdates "HTTP/1.1 200 OK"
2026-06-16 01:31:50,770 - httpx - INFO - HTTP Request: POST https://api.telegram.org/bot8657142758:AAGUQRm-T_ITFafMBJHzhBNQ2ZhjhuXQ4oE/getUpdates "HTTP/1.1 200 OK"
2026-06-16 01:32:00,895 - httpx - INFO - HTTP Request: POST https://api.telegram.org/bot8657142758:AAGUQRm-T_ITFafMBJHzhBNQ2ZhjhuXQ4oE/getUpdates "HTTP/1.1 200 OK"
2026-06-16 01:32:11,042 - httpx - INFO - HTTP Request: POST https://api.telegram.org/bot8657142758:AAGUQRm-T_ITFafMBJHzhBNQ2ZhjhuXQ4oE/getUpdates "HTTP/1.1 200 OK"
2026-06-16 01:32:21,183 - httpx - INFO - HTTP Request: POST https://api.telegram.org/bot8657142758:AAGUQRm-T_ITFafMBJHzhBNQ2ZhjhuXQ4oE/getUpdates "HTTP/1.1 200 OK"
2026-06-16 01:32:31,327 - httpx - INFO - HTTP Request: POST https://api.telegram.org/bot8657142758:AAGUQRm-T_ITFafMBJHzhBNQ2ZhjhuXQ4oE/getUpdates "HTTP/1.1 200 OK"
2026-06-16 01:32:41,478 - httpx - INFO - HTTP Request: POST https://api.telegram.org/bot8657142758:AAGUQRm-T_ITFafMBJHzhBNQ2ZhjhuXQ4oE/getUpdates "HTTP/1.1 200 OK"
2026-06-16 01:32:51,639 - httpx - INFO - HTTP Request: POST https://api.telegram.org/bot8657142758:AAGUQRm-T_ITFafMBJHzhBNQ2ZhjhuXQ4oE/getUpdates "HTTP/1.1 200 OK"
2026-06-16 01:33:01,816 - httpx - INFO - HTTP Request: POST https://api.telegram.org/bot8657142758:AAGUQRm-T_ITFafMBJHzhBNQ2ZhjhuXQ4oE/getUpdates "HTTP/1.1 200 OK"
2026-06-16 01:33:11,955 - httpx - INFO - HTTP Request: POST https://api.telegram.org/bot8657142758:AAGUQRm-T_ITFafMBJHzhBNQ2ZhjhuXQ4oE/getUpdates "HTTP/1.1 200 OK"
2026-06-16 01:33:22,108 - httpx - INFO - HTTP Request: POST https://api.telegram.org/bot8657142758:AAGUQRm-T_ITFafMBJHzhBNQ2ZhjhuXQ4oE/getUpdates "HTTP/1.1 200 OK"
2026-06-16 01:33:32,247 - httpx - INFO - HTTP Request: POST https://api.telegram.org/bot8657142758:AAGUQRm-T_ITFafMBJHzhBNQ2ZhjhuXQ4oE/getUpdates "HTTP/1.1 200 OK"
2026-06-16 01:33:42,385 - httpx - INFO - HTTP Request: POST https://api.telegram.org/bot8657142758:AAGUQRm-T_ITFafMBJHzhBNQ2ZhjhuXQ4oE/getUpdates "HTTP/1.1 200 OK"
2026-06-16 01:33:52,522 - httpx - INFO - HTTP Request: POST https://api.telegram.org/bot8657142758:AAGUQRm-T_ITFafMBJHzhBNQ2ZhjhuXQ4oE/getUpdates "HTTP/1.1 200 OK"
2026-06-16 01:34:02,655 - httpx - INFO - HTTP Request: POST https://api.telegram.org/bot8657142758:AAGUQRm-T_ITFafMBJHzhBNQ2ZhjhuXQ4oE/getUpdates "HTTP/1.1 200 OK"
2026-06-16 01:34:12,795 - httpx - INFO - HTTP Request: POST https://api.telegram.org/bot8657142758:AAGUQRm-T_ITFafMBJHzhBNQ2ZhjhuXQ4oE/getUpdates "HTTP/1.1 200 OK"
2026-06-16 01:34:22,947 - httpx - INFO - HTTP Request: POST https://api.telegram.org/bot8657142758:AAGUQRm-T_ITFafMBJHzhBNQ2ZhjhuXQ4oE/getUpdates "HTTP/1.1 200 OK"
2026-06-16 01:34:33,088 - httpx - INFO - HTTP Request: POST https://api.telegram.org/bot8657142758:AAGUQRm-T_ITFafMBJHzhBNQ2ZhjhuXQ4oE/getUpdates "HTTP/1.1 200 OK"
2026-06-16 01:34:43,247 - httpx - INFO - HTTP Request: POST https://api.telegram.org/bot8657142758:AAGUQRm-T_ITFafMBJHzhBNQ2ZhjhuXQ4oE/getUpdates "HTTP/1.1 200 OK"
2026-06-16 01:34:53,384 - httpx - INFO - HTTP Request: POST https://api.telegram.org/bot8657142758:AAGUQRm-T_ITFafMBJHzhBNQ2ZhjhuXQ4oE/getUpdates "HTTP/1.1 200 OK"
2026-06-16 01:35:03,523 - httpx - INFO - HTTP Request: POST https://api.telegram.org/bot8657142758:AAGUQRm-T_ITFafMBJHzhBNQ2ZhjhuXQ4oE/getUpdates "HTTP/1.1 200 OK"
2026-06-16 01:35:13,675 - httpx - INFO - HTTP Request: POST https://api.telegram.org/bot8657142758:AAGUQRm-T_ITFafMBJHzhBNQ2ZhjhuXQ4oE/getUpdates "HTTP/1.1 200 OK"
2026-06-16 01:35:23,818 - httpx - INFO - HTTP Request: POST https://api.telegram.org/bot8657142758:AAGUQRm-T_ITFafMBJHzhBNQ2ZhjhuXQ4oE/getUpdates "HTTP/1.1 200 OK"
2026-06-16 01:35:33,965 - httpx - INFO - HTTP Request: POST https://api.telegram.org/bot8657142758:AAGUQRm-T_ITFafMBJHzhBNQ2ZhjhuXQ4oE/getUpdates "HTTP/1.1 200 OK"
2026-06-16 01:35:44,090 - httpx - INFO - HTTP Request: POST https://api.telegram.org/bot8657142758:AAGUQRm-T_ITFafMBJHzhBNQ2ZhjhuXQ4oE/getUpdates "HTTP/1.1 200 OK"
2026-06-16 01:35:54,222 - httpx - INFO - HTTP Request: POST https://api.telegram.org/bot8657142758:AAGUQRm-T_ITFafMBJHzhBNQ2ZhjhuXQ4oE/getUpdates "HTTP/1.1 200 OK"
2026-06-16 01:36:04,357 - httpx - INFO - HTTP Request: POST https://api.telegram.org/bot8657142758:AAGUQRm-T_ITFafMBJHzhBNQ2ZhjhuXQ4oE/getUpdates "HTTP/1.1 200 OK"
2026-06-16 01:36:14,501 - httpx - INFO - HTTP Request: POST https://api.telegram.org/bot8657142758:AAGUQRm-T_ITFafMBJHzhBNQ2ZhjhuXQ4oE/getUpdates "HTTP/1.1 200 OK"
2026-06-16 01:36:24,664 - httpx - INFO - HTTP Request: POST https://api.telegram.org/bot8657142758:AAGUQRm-T_ITFafMBJHzhBNQ2ZhjhuXQ4oE/getUpdates "HTTP/1.1 200 OK"
2026-06-16 01:36:34,797 - httpx - INFO - HTTP Request: POST https://api.telegram.org/bot8657142758:AAGUQRm-T_ITFafMBJHzhBNQ2ZhjhuXQ4oE/getUpdates "HTTP/1.1 200 OK"
2026-06-16 01:36:44,933 - httpx - INFO - HTTP Request: POST https://api.telegram.org/bot8657142758:AAGUQRm-T_ITFafMBJHzhBNQ2ZhjhuXQ4oE/getUpdates "HTTP/1.1 200 OK"
2026-06-16 01:36:55,073 - httpx - INFO - HTTP Request: POST https://api.telegram.org/bot8657142758:AAGUQRm-T_ITFafMBJHzhBNQ2ZhjhuXQ4oE/getUpdates "HTTP/1.1 200 OK"
2026-06-16 01:37:05,241 - httpx - INFO - HTTP Request: POST https://api.telegram.org/bot8657142758:AAGUQRm-T_ITFafMBJHzhBNQ2ZhjhuXQ4oE/getUpdates "HTTP/1.1 200 OK"
2026-06-16 01:37:15,390 - httpx - INFO - HTTP Request: POST https://api.telegram.org/bot8657142758:AAGUQRm-T_ITFafMBJHzhBNQ2ZhjhuXQ4oE/getUpdates "HTTP/1.1 200 OK"
2026-06-16 01:37:25,527 - httpx - INFO - HTTP Request: POST https://api.telegram.org/bot8657142758:AAGUQRm-T_ITFafMBJHzhBNQ2ZhjhuXQ4oE/getUpdates "HTTP/1.1 200 OK"
2026-06-16 01:37:35,656 - httpx - INFO - HTTP Request: POST https://api.telegram.org/bot8657142758:AAGUQRm-T_ITFafMBJHzhBNQ2ZhjhuXQ4oE/getUpdates "HTTP/1.1 200 OK"
2026-06-16 01:37:45,795 - httpx - INFO - HTTP Request: POST https://api.telegram.org/bot8657142758:AAGUQRm-T_ITFafMBJHzhBNQ2ZhjhuXQ4oE/getUpdates "HTTP/1.1 200 OK"
2026-06-16 01:37:55,927 - httpx - INFO - HTTP Request: POST https://api.telegram.org/bot8657142758:AAGUQRm-T_ITFafMBJHzhBNQ2ZhjhuXQ4oE/getUpdates "HTTP/1.1 200 OK"
2026-06-16 01:38:06,074 - httpx - INFO - HTTP Request: POST https://api.telegram.org/bot8657142758:AAGUQRm-T_ITFafMBJHzhBNQ2ZhjhuXQ4oE/getUpdates "HTTP/1.1 200 OK"
2026-06-16 01:38:16,239 - httpx - INFO - HTTP Request: POST https://api.telegram.org/bot8657142758:AAGUQRm-T_ITFafMBJHzhBNQ2ZhjhuXQ4oE/getUpdates "HTTP/1.1 200 OK"
2026-06-16 01:38:26,392 - httpx - INFO - HTTP Request: POST https://api.telegram.org/bot8657142758:AAGUQRm-T_ITFafMBJHzhBNQ2ZhjhuXQ4oE/getUpdates "HTTP/1.1 200 OK"
2026-06-16 01:38:36,535 - httpx - INFO - HTTP Request: POST https://api.telegram.org/bot8657142758:AAGUQRm-T_ITFafMBJHzhBNQ2ZhjhuXQ4oE/getUpdates "HTTP/1.1 200 OK"
2026-06-16 01:38:46,676 - httpx - INFO - HTTP Request: POST https://api.telegram.org/bot8657142758:AAGUQRm-T_ITFafMBJHzhBNQ2ZhjhuXQ4oE/getUpdates "HTTP/1.1 200 OK"
2026-06-16 01:38:56,814 - httpx - INFO - HTTP Request: POST https://api.telegram.org/bot8657142758:AAGUQRm-T_ITFafMBJHzhBNQ2ZhjhuXQ4oE/getUpdates "HTTP/1.1 200 OK"
2026-06-16 01:39:06,971 - httpx - INFO - HTTP Request: POST https://api.telegram.org/bot8657142758:AAGUQRm-T_ITFafMBJHzhBNQ2ZhjhuXQ4oE/getUpdates "HTTP/1.1 200 OK"
2026-06-16 01:39:17,112 - httpx - INFO - HTTP Request: POST https://api.telegram.org/bot8657142758:AAGUQRm-T_ITFafMBJHzhBNQ2ZhjhuXQ4oE/getUpdates "HTTP/1.1 200 OK"
2026-06-16 01:39:27,294 - httpx - INFO - HTTP Request: POST https://api.telegram.org/bot8657142758:AAGUQRm-T_ITFafMBJHzhBNQ2ZhjhuXQ4oE/getUpdates "HTTP/1.1 200 OK"
2026-06-16 01:39:37,448 - httpx - INFO - HTTP Request: POST https://api.telegram.org/bot8657142758:AAGUQRm-T_ITFafMBJHzhBNQ2ZhjhuXQ4oE/getUpdates "HTTP/1.1 200 OK"
2026-06-16 01:39:47,577 - httpx - INFO - HTTP Request: POST https://api.telegram.org/bot8657142758:AAGUQRm-T_ITFafMBJHzhBNQ2ZhjhuXQ4oE/getUpdates "HTTP/1.1 200 OK"
2026-06-16 01:39:57,709 - httpx - INFO - HTTP Request: POST https://api.telegram.org/bot8657142758:AAGUQRm-T_ITFafMBJHzhBNQ2ZhjhuXQ4oE/getUpdates "HTTP/1.1 200 OK"
2026-06-16 01:40:07,850 - httpx - INFO - HTTP Request: POST https://api.telegram.org/bot8657142758:AAGUQRm-T_ITFafMBJHzhBNQ2ZhjhuXQ4oE/getUpdates "HTTP/1.1 200 OK"
2026-06-16 01:40:18,026 - httpx - INFO - HTTP Request: POST https://api.telegram.org/bot8657142758:AAGUQRm-T_ITFafMBJHzhBNQ2ZhjhuXQ4oE/getUpdates "HTTP/1.1 200 OK"
2026-06-16 01:40:28,178 - httpx - INFO - HTTP Request: POST https://api.telegram.org/bot8657142758:AAGUQRm-T_ITFafMBJHzhBNQ2ZhjhuXQ4oE/getUpdates "HTTP/1.1 200 OK"
2026-06-16 01:40:38,317 - httpx - INFO - HTTP Request: POST https://api.telegram.org/bot8657142758:AAGUQRm-T_ITFafMBJHzhBNQ2ZhjhuXQ4oE/getUpdates "HTTP/1.1 200 OK"
2026-06-16 01:40:48,461 - httpx - INFO - HTTP Request: POST https://api.telegram.org/bot8657142758:AAGUQRm-T_ITFafMBJHzhBNQ2ZhjhuXQ4oE/getUpdates "HTTP/1.1 200 OK"
2026-06-16 01:40:58,607 - httpx - INFO - HTTP Request: POST https://api.telegram.org/bot8657142758:AAGUQRm-T_ITFafMBJHzhBNQ2ZhjhuXQ4oE/getUpdates "HTTP/1.1 200 OK"
2026-06-16 01:41:08,746 - httpx - INFO - HTTP Request: POST https://api.telegram.org/bot8657142758:AAGUQRm-T_ITFafMBJHzhBNQ2ZhjhuXQ4oE/getUpdates "HTTP/1.1 200 OK"
2026-06-16 01:41:18,884 - httpx - INFO - HTTP Request: POST https://api.telegram.org/bot8657142758:AAGUQRm-T_ITFafMBJHzhBNQ2ZhjhuXQ4oE/getUpdates "HTTP/1.1 200 OK"
2026-06-16 01:41:29,020 - httpx - INFO - HTTP Request: POST https://api.telegram.org/bot8657142758:AAGUQRm-T_ITFafMBJHzhBNQ2ZhjhuXQ4oE/getUpdates "HTTP/1.1 200 OK"
2026-06-16 01:41:39,175 - httpx - INFO - HTTP Request: POST https://api.telegram.org/bot8657142758:AAGUQRm-T_ITFafMBJHzhBNQ2ZhjhuXQ4oE/getUpdates "HTTP/1.1 200 OK"
2026-06-16 01:41:49,323 - httpx - INFO - HTTP Request: POST https://api.telegram.org/bot8657142758:AAGUQRm-T_ITFafMBJHzhBNQ2ZhjhuXQ4oE/getUpdates "HTTP/1.1 200 OK"
2026-06-16 01:41:59,460 - httpx - INFO - HTTP Request: POST https://api.telegram.org/bot8657142758:AAGUQRm-T_ITFafMBJHzhBNQ2ZhjhuXQ4oE/getUpdates "HTTP/1.1 200 OK"
2026-06-16 01:42:09,610 - httpx - INFO - HTTP Request: POST https://api.telegram.org/bot8657142758:AAGUQRm-T_ITFafMBJHzhBNQ2ZhjhuXQ4oE/getUpdates "HTTP/1.1 200 OK"
2026-06-16 01:42:19,753 - httpx - INFO - HTTP Request: POST https://api.telegram.org/bot8657142758:AAGUQRm-T_ITFafMBJHzhBNQ2ZhjhuXQ4oE/getUpdates "HTTP/1.1 200 OK"
2026-06-16 01:42:29,889 - httpx - INFO - HTTP Request: POST https://api.telegram.org/bot8657142758:AAGUQRm-T_ITFafMBJHzhBNQ2ZhjhuXQ4oE/getUpdates "HTTP/1.1 200 OK"
2026-06-16 01:42:40,026 - httpx - INFO - HTTP Request: POST https://api.telegram.org/bot8657142758:AAGUQRm-T_ITFafMBJHzhBNQ2ZhjhuXQ4oE/getUpdates "HTTP/1.1 200 OK"
2026-06-16 01:42:50,160 - httpx - INFO - HTTP Request: POST https://api.telegram.org/bot8657142758:AAGUQRm-T_ITFafMBJHzhBNQ2ZhjhuXQ4oE/getUpdates "HTTP/1.1 200 OK"
2026-06-16 01:43:00,296 - httpx - INFO - HTTP Request: POST https://api.telegram.org/bot8657142758:AAGUQRm-T_ITFafMBJHzhBNQ2ZhjhuXQ4oE/getUpdates "HTTP/1.1 200 OK"
2026-06-16 01:43:10,431 - httpx - INFO - HTTP Request: POST https://api.telegram.org/bot8657142758:AAGUQRm-T_ITFafMBJHzhBNQ2ZhjhuXQ4oE/getUpdates "HTTP/1.1 200 OK"
2026-06-16 01:43:20,572 - httpx - INFO - HTTP Request: POST https://api.telegram.org/bot8657142758:AAGUQRm-T_ITFafMBJHzhBNQ2ZhjhuXQ4oE/getUpdates "HTTP/1.1 200 OK"
2026-06-16 01:43:30,703 - httpx - INFO - HTTP Request: POST https://api.telegram.org/bot8657142758:AAGUQRm-T_ITFafMBJHzhBNQ2ZhjhuXQ4oE/getUpdates "HTTP/1.1 200 OK"
2026-06-16 01:43:40,833 - httpx - INFO - HTTP Request: POST https://api.telegram.org/bot8657142758:AAGUQRm-T_ITFafMBJHzhBNQ2ZhjhuXQ4oE/getUpdates "HTTP/1.1 200 OK"
2026-06-16 01:43:50,975 - httpx - INFO - HTTP Request: POST https://api.telegram.org/bot8657142758:AAGUQRm-T_ITFafMBJHzhBNQ2ZhjhuXQ4oE/getUpdates "HTTP/1.1 200 OK"
2026-06-16 01:44:01,119 - httpx - INFO - HTTP Request: POST https://api.telegram.org/bot8657142758:AAGUQRm-T_ITFafMBJHzhBNQ2ZhjhuXQ4oE/getUpdates "HTTP/1.1 200 OK"
2026-06-16 01:44:11,246 - httpx - INFO - HTTP Request: POST https://api.telegram.org/bot8657142758:AAGUQRm-T_ITFafMBJHzhBNQ2ZhjhuXQ4oE/getUpdates "HTTP/1.1 200 OK"
2026-06-16 01:44:21,431 - httpx - INFO - HTTP Request: POST https://api.telegram.org/bot8657142758:AAGUQRm-T_ITFafMBJHzhBNQ2ZhjhuXQ4oE/getUpdates "HTTP/1.1 200 OK"
2026-06-16 01:44:25,329 - httpx - INFO - HTTP Request: POST https://api.telegram.org/bot8657142758:AAGUQRm-T_ITFafMBJHzhBNQ2ZhjhuXQ4oE/getUpdates "HTTP/1.1 200 OK"
2026-06-16 01:44:25,330 - telegram.ext.Application - INFO - Application is stopping. This might take a moment.
2026-06-16 01:44:25,330 - telegram.ext.Application - INFO - Application.stop() complete
2026-06-17 22:14:28,034 - httpx - INFO - HTTP Request: POST https://api.telegram.org/bot8657142758:AAGUQRm-T_ITFafMBJHzhBNQ2ZhjhuXQ4oE/getMe "HTTP/1.1 200 OK"
2026-06-17 22:14:28,159 - httpx - INFO - HTTP Request: POST https://api.telegram.org/bot8657142758:AAGUQRm-T_ITFafMBJHzhBNQ2ZhjhuXQ4oE/deleteWebhook "HTTP/1.1 200 OK"
2026-06-17 22:14:28,161 - telegram.ext.Application - INFO - Application started
2026-06-17 22:14:38,563 - httpx - INFO - HTTP Request: POST https://api.telegram.org/bot8657142758:AAGUQRm-T_ITFafMBJHzhBNQ2ZhjhuXQ4oE/getUpdates "HTTP/1.1 200 OK"
2026-06-17 22:19:50,244 - httpx - INFO - HTTP Request: POST https://api.telegram.org/bot8657142758:AAGUQRm-T_ITFafMBJHzhBNQ2ZhjhuXQ4oE/getMe "HTTP/1.1 200 OK"
2026-06-17 22:19:50,388 - httpx - INFO - HTTP Request: POST https://api.telegram.org/bot8657142758:AAGUQRm-T_ITFafMBJHzhBNQ2ZhjhuXQ4oE/deleteWebhook "HTTP/1.1 200 OK"
2026-06-17 22:19:50,390 - telegram.ext.Application - INFO - Application started
2026-06-17 22:20:00,771 - httpx - INFO - HTTP Request: POST https://api.telegram.org/bot8657142758:AAGUQRm-T_ITFafMBJHzhBNQ2ZhjhuXQ4oE/getUpdates "HTTP/1.1 200 OK"
2026-06-17 22:20:05,939 - httpx - INFO - HTTP Request: POST https://api.telegram.org/bot8657142758:AAGUQRm-T_ITFafMBJHzhBNQ2ZhjhuXQ4oE/getUpdates "HTTP/1.1 200 OK"
2026-06-17 22:20:05,942 - handlers - INFO - RAW UPDATE: {'message': {'channel_chat_created': False, 'delete_chat_photo': False, 'entities': [{'length': 6, 'offset': 0, 'type': <MessageEntityType.BOT_COMMAND>}], 'group_chat_created': False, 'supergroup_chat_created': False, 'text': '/start', 'chat': {'first_name': 'Sirojiddin', 'id': 8270492933, 'type': <ChatType.PRIVATE>, 'username': 'Sirojiddin_Ibn_Baxtiyor'}, 'date': 1781716805, 'message_id': 257, 'from': {'first_name': 'Sirojiddin', 'id': 8270492933, 'is_bot': False, 'language_code': 'en', 'username': 'Sirojiddin_Ibn_Baxtiyor'}}, 'update_id': 63033019}
2026-06-17 22:20:06,352 - httpx - INFO - HTTP Request: POST https://api.telegram.org/bot8657142758:AAGUQRm-T_ITFafMBJHzhBNQ2ZhjhuXQ4oE/sendMessage "HTTP/1.1 200 OK"
2026-06-17 22:20:09,590 - httpx - INFO - HTTP Request: POST https://api.telegram.org/bot8657142758:AAGUQRm-T_ITFafMBJHzhBNQ2ZhjhuXQ4oE/getUpdates "HTTP/1.1 200 OK"
2026-06-17 22:20:09,593 - handlers - INFO - RAW UPDATE: {'message': {'channel_chat_created': False, 'delete_chat_photo': False, 'group_chat_created': False, 'supergroup_chat_created': False, 'text': 'Bozor 🛍', 'chat': {'first_name': 'Sirojiddin', 'id': 8270492933, 'type': <ChatType.PRIVATE>, 'username': 'Sirojiddin_Ibn_Baxtiyor'}, 'date': 1781716809, 'message_id': 259, 'from': {'first_name': 'Sirojiddin', 'id': 8270492933, 'is_bot': False, 'language_code': 'en', 'username': 'Sirojiddin_Ibn_Baxtiyor'}}, 'update_id': 63033020}
2026-06-17 22:20:09,595 - handlers - INFO - Message received from user_id=8270492933: state=None, text=Bozor 🛍
2026-06-17 22:20:09,791 - httpx - INFO - HTTP Request: POST https://api.telegram.org/bot8657142758:AAGUQRm-T_ITFafMBJHzhBNQ2ZhjhuXQ4oE/sendPhoto "HTTP/1.1 200 OK"
2026-06-17 22:20:17,161 - httpx - INFO - HTTP Request: POST https://api.telegram.org/bot8657142758:AAGUQRm-T_ITFafMBJHzhBNQ2ZhjhuXQ4oE/getUpdates "HTTP/1.1 200 OK"
2026-06-17 22:20:17,164 - handlers - INFO - RAW UPDATE: {'callback_query': {'chat_instance': '3000672466049168352', 'data': 'prod_pic_0_1', 'id': '7851380562144611762', 'message': {'caption': '🛍 Bozor mahsuloti (1/3)\n\n📍 Kelish joyi: xitoy\n⏱ Kelish muddati: 90kun\n💵 Narxi: 1mlrd\n📝 Izoh: balo', 'caption_entities': [{'length': 21, 'offset': 3, 'type': <MessageEntityType.BOLD>}], 'channel_chat_created': False, 'delete_chat_photo': False, 'group_chat_created': False, 'photo': [{'height': 90, 'width': 90, 'file_id': 'AgACAgIAAxkDAAIBBGoy10mp3aIqYKwCTjOiF3ZqkiWIAAIvImsbE26BSSJ-SF5sacMAAQEAAwIAA3MAAzwE', 'file_size': 1348, 'file_unique_id': 'AQADLyJrGxNugUl4'}, {'height': 320, 'width': 320, 'file_id': 'AgACAgIAAxkDAAIBBGoy10mp3aIqYKwCTjOiF3ZqkiWIAAIvImsbE26BSSJ-SF5sacMAAQEAAwIAA20AAzwE', 'file_size': 13122, 'file_unique_id': 'AQADLyJrGxNugUly'}, {'height': 800, 'width': 800, 'file_id': 'AgACAgIAAxkDAAIBBGoy10mp3aIqYKwCTjOiF3ZqkiWIAAIvImsbE26BSSJ-SF5sacMAAQEAAwIAA3gAAzwE', 'file_size': 51800, 'file_unique_id': 'AQADLyJrGxNugUl9'}, {'height': 1280, 'width': 1280, 'file_id': 'AgACAgIAAxkDAAIBBGoy10mp3aIqYKwCTjOiF3ZqkiWIAAIvImsbE26BSSJ-SF5sacMAAQEAAwIAA3kAAzwE', 'file_size': 96924, 'file_unique_id': 'AQADLyJrGxNugUl-'}], 'reply_markup': {'inline_keyboard': [[{'callback_data': 'buy_prod_3', 'text': 'Sotib olish 💳'}], [{'callback_data': 'noop', 'text': '❌'}, {'callback_data': 'noop', 'text': '🖼 1/3'}, {'callback_data': 'prod_pic_0_1', 'text': 'Rasm ➡️'}], [{'callback_data': 'noop', 'text': '1/3'}, {'callback_data': 'cat_idx_1', 'text': 'Keyingi Mahsulot ➡️'}], [{'callback_data': 'admin_edit_3', 'text': 'Tahrirlash ✏️'}, {'callback_data': 'admin_del_3', 'text': "O'chirish ❌"}]]}, 'supergroup_chat_created': False, 'chat': {'first_name': 'Sirojiddin', 'id': 8270492933, 'type': <ChatType.PRIVATE>, 'username': 'Sirojiddin_Ibn_Baxtiyor'}, 'date': 1781716809, 'message_id': 260, 'from': {'first_name': 'Muna Collection test', 'id': 8657142758, 'is_bot': True, 'username': 'fevrallik_noiloj_bot'}}, 'from': {'first_name': 'Sirojiddin', 'id': 8270492933, 'is_bot': False, 'language_code': 'en', 'username': 'Sirojiddin_Ibn_Baxtiyor'}}, 'update_id': 63033021}
2026-06-17 22:20:17,164 - handlers - INFO - Callback query received: user_id=8270492933, data=prod_pic_0_1
2026-06-17 22:20:17,564 - httpx - INFO - HTTP Request: POST https://api.telegram.org/bot8657142758:AAGUQRm-T_ITFafMBJHzhBNQ2ZhjhuXQ4oE/answerCallbackQuery "HTTP/1.1 200 OK"
2026-06-17 22:20:17,742 - httpx - INFO - HTTP Request: POST https://api.telegram.org/bot8657142758:AAGUQRm-T_ITFafMBJHzhBNQ2ZhjhuXQ4oE/editMessageMedia "HTTP/1.1 200 OK"
2026-06-17 22:20:18,653 - httpx - INFO - HTTP Request: POST https://api.telegram.org/bot8657142758:AAGUQRm-T_ITFafMBJHzhBNQ2ZhjhuXQ4oE/getUpdates "HTTP/1.1 200 OK"
2026-06-17 22:20:18,656 - handlers - INFO - RAW UPDATE: {'callback_query': {'chat_instance': '3000672466049168352', 'data': 'prod_pic_0_2', 'id': '7851380561229552142', 'message': {'caption': '🛍 Bozor mahsuloti (1/3)\n\n📍 Kelish joyi: xitoy\n⏱ Kelish muddati: 90kun\n💵 Narxi: 1mlrd\n📝 Izoh: balo', 'caption_entities': [{'length': 21, 'offset': 3, 'type': <MessageEntityType.BOLD>}], 'channel_chat_created': False, 'delete_chat_photo': False, 'edit_date': 1781716817, 'group_chat_created': False, 'photo': [{'height': 90, 'width': 90, 'file_id': 'AgACAgIAAxkDAAIBBGoy11HMXYZWjie8TgZEb21pCOD6AAIwImsbE26BSecooEsN1DdeAQADAgADcwADPAQ', 'file_size': 1093, 'file_unique_id': 'AQADMCJrGxNugUl4'}, {'height': 320, 'width': 320, 'file_id': 'AgACAgIAAxkDAAIBBGoy11HMXYZWjie8TgZEb21pCOD6AAIwImsbE26BSecooEsN1DdeAQADAgADbQADPAQ', 'file_size': 18080, 'file_unique_id': 'AQADMCJrGxNugUly'}, {'height': 800, 'width': 800, 'file_id': 'AgACAgIAAxkDAAIBBGoy11HMXYZWjie8TgZEb21pCOD6AAIwImsbE26BSecooEsN1DdeAQADAgADeAADPAQ', 'file_size': 74131, 'file_unique_id': 'AQADMCJrGxNugUl9'}, {'height': 1280, 'width': 1280, 'file_id': 'AgACAgIAAxkDAAIBBGoy11HMXYZWjie8TgZEb21pCOD6AAIwImsbE26BSecooEsN1DdeAQADAgADeQADPAQ', 'file_size': 121933, 'file_unique_id': 'AQADMCJrGxNugUl-'}], 'reply_markup': {'inline_keyboard': [[{'callback_data': 'buy_prod_3', 'text': 'Sotib olish 💳'}], [{'callback_data': 'prod_pic_0_0', 'text': '⬅️ Rasm'}, {'callback_data': 'noop', 'text': '🖼 2/3'}, {'callback_data': 'prod_pic_0_2', 'text': 'Rasm ➡️'}], [{'callback_data': 'noop', 'text': '1/3'}, {'callback_data': 'cat_idx_1', 'text': 'Keyingi Mahsulot ➡️'}], [{'callback_data': 'admin_edit_3', 'text': 'Tahrirlash ✏️'}, {'callback_data': 'admin_del_3', 'text': "O'chirish ❌"}]]}, 'supergroup_chat_created': False, 'chat': {'first_name': 'Sirojiddin', 'id': 8270492933, 'type': <ChatType.PRIVATE>, 'username': 'Sirojiddin_Ibn_Baxtiyor'}, 'date': 1781716809, 'message_id': 260, 'from': {'first_name': 'Muna Collection test', 'id': 8657142758, 'is_bot': True, 'username': 'fevrallik_noiloj_bot'}}, 'from': {'first_name': 'Sirojiddin', 'id': 8270492933, 'is_bot': False, 'language_code': 'en', 'username': 'Sirojiddin_Ibn_Baxtiyor'}}, 'update_id': 63033022}
2026-06-17 22:20:18,656 - handlers - INFO - Callback query received: user_id=8270492933, data=prod_pic_0_2
2026-06-17 22:20:18,798 - httpx - INFO - HTTP Request: POST https://api.telegram.org/bot8657142758:AAGUQRm-T_ITFafMBJHzhBNQ2ZhjhuXQ4oE/answerCallbackQuery "HTTP/1.1 200 OK"
2026-06-17 22:20:18,944 - httpx - INFO - HTTP Request: POST https://api.telegram.org/bot8657142758:AAGUQRm-T_ITFafMBJHzhBNQ2ZhjhuXQ4oE/editMessageMedia "HTTP/1.1 200 OK"
2026-06-17 22:20:28,816 - httpx - INFO - HTTP Request: POST https://api.telegram.org/bot8657142758:AAGUQRm-T_ITFafMBJHzhBNQ2ZhjhuXQ4oE/getUpdates "HTTP/1.1 200 OK"
2026-06-17 22:20:38,963 - httpx - INFO - HTTP Request: POST https://api.telegram.org/bot8657142758:AAGUQRm-T_ITFafMBJHzhBNQ2ZhjhuXQ4oE/getUpdates "HTTP/1.1 200 OK"
2026-06-17 22:20:49,111 - httpx - INFO - HTTP Request: POST https://api.telegram.org/bot8657142758:AAGUQRm-T_ITFafMBJHzhBNQ2ZhjhuXQ4oE/getUpdates "HTTP/1.1 200 OK"
2026-06-17 22:20:59,280 - httpx - INFO - HTTP Request: POST https://api.telegram.org/bot8657142758:AAGUQRm-T_ITFafMBJHzhBNQ2ZhjhuXQ4oE/getUpdates "HTTP/1.1 200 OK"
2026-06-17 22:21:09,420 - httpx - INFO - HTTP Request: POST https://api.telegram.org/bot8657142758:AAGUQRm-T_ITFafMBJHzhBNQ2ZhjhuXQ4oE/getUpdates "HTTP/1.1 200 OK"
2026-06-17 22:21:19,554 - httpx - INFO - HTTP Request: POST https://api.telegram.org/bot8657142758:AAGUQRm-T_ITFafMBJHzhBNQ2ZhjhuXQ4oE/getUpdates "HTTP/1.1 200 OK"
2026-06-17 22:21:29,674 - httpx - INFO - HTTP Request: POST https://api.telegram.org/bot8657142758:AAGUQRm-T_ITFafMBJHzhBNQ2ZhjhuXQ4oE/getUpdates "HTTP/1.1 200 OK"
2026-06-17 22:21:34,329 - httpx - INFO - HTTP Request: POST https://api.telegram.org/bot8657142758:AAGUQRm-T_ITFafMBJHzhBNQ2ZhjhuXQ4oE/getUpdates "HTTP/1.1 200 OK"
2026-06-17 22:21:34,330 - telegram.ext.Application - INFO - Application is stopping. This might take a moment.
2026-06-17 22:21:34,330 - telegram.ext.Application - INFO - Application.stop() complete
2026-06-17 22:23:07,023 - httpx - INFO - HTTP Request: POST https://api.telegram.org/bot8657142758:AAGUQRm-T_ITFafMBJHzhBNQ2ZhjhuXQ4oE/getMe "HTTP/1.1 200 OK"
2026-06-17 22:23:07,148 - httpx - INFO - HTTP Request: POST https://api.telegram.org/bot8657142758:AAGUQRm-T_ITFafMBJHzhBNQ2ZhjhuXQ4oE/deleteWebhook "HTTP/1.1 200 OK"
2026-06-17 22:23:07,151 - telegram.ext.Application - INFO - Application started
2026-06-17 22:23:17,772 - httpx - INFO - HTTP Request: POST https://api.telegram.org/bot8657142758:AAGUQRm-T_ITFafMBJHzhBNQ2ZhjhuXQ4oE/getUpdates "HTTP/1.1 200 OK"
2026-06-17 22:23:27,918 - httpx - INFO - HTTP Request: POST https://api.telegram.org/bot8657142758:AAGUQRm-T_ITFafMBJHzhBNQ2ZhjhuXQ4oE/getUpdates "HTTP/1.1 200 OK"
2026-06-17 22:23:38,087 - httpx - INFO - HTTP Request: POST https://api.telegram.org/bot8657142758:AAGUQRm-T_ITFafMBJHzhBNQ2ZhjhuXQ4oE/getUpdates "HTTP/1.1 200 OK"
2026-06-17 22:23:48,284 - httpx - INFO - HTTP Request: POST https://api.telegram.org/bot8657142758:AAGUQRm-T_ITFafMBJHzhBNQ2ZhjhuXQ4oE/getUpdates "HTTP/1.1 200 OK"
2026-06-17 22:23:58,457 - httpx - INFO - HTTP Request: POST https://api.telegram.org/bot8657142758:AAGUQRm-T_ITFafMBJHzhBNQ2ZhjhuXQ4oE/getUpdates "HTTP/1.1 200 OK"
2026-06-17 22:24:08,643 - httpx - INFO - HTTP Request: POST https://api.telegram.org/bot8657142758:AAGUQRm-T_ITFafMBJHzhBNQ2ZhjhuXQ4oE/getUpdates "HTTP/1.1 200 OK"
2026-06-17 22:24:18,822 - httpx - INFO - HTTP Request: POST https://api.telegram.org/bot8657142758:AAGUQRm-T_ITFafMBJHzhBNQ2ZhjhuXQ4oE/getUpdates "HTTP/1.1 200 OK"
2026-06-17 22:24:22,057 - httpx - INFO - HTTP Request: POST https://api.telegram.org/bot8657142758:AAGUQRm-T_ITFafMBJHzhBNQ2ZhjhuXQ4oE/getMe "HTTP/1.1 200 OK"
2026-06-17 22:24:22,190 - httpx - INFO - HTTP Request: POST https://api.telegram.org/bot8657142758:AAGUQRm-T_ITFafMBJHzhBNQ2ZhjhuXQ4oE/deleteWebhook "HTTP/1.1 200 OK"
2026-06-17 22:24:22,194 - telegram.ext.Application - INFO - Application started
2026-06-17 22:24:22,573 - httpx - INFO - HTTP Request: POST https://api.telegram.org/bot8657142758:AAGUQRm-T_ITFafMBJHzhBNQ2ZhjhuXQ4oE/getUpdates "HTTP/1.1 409 Conflict"
2026-06-17 22:24:22,574 - telegram.ext.Application - ERROR - No error handlers are registered, logging exception.
Traceback (most recent call last):
  File "/home/sirojiddin/code/Munacollection/venv/lib/python3.13/site-packages/telegram/ext/_utils/networkloop.py", line 161, in network_retry_loop
    await do_action()
  File "/home/sirojiddin/code/Munacollection/venv/lib/python3.13/site-packages/telegram/ext/_utils/networkloop.py", line 154, in do_action
    action_cb_task.result()
    ~~~~~~~~~~~~~~~~~~~~~^^
  File "/home/sirojiddin/code/Munacollection/venv/lib/python3.13/site-packages/telegram/ext/_updater.py", line 340, in polling_action_cb
    updates = await self.bot.get_updates(
              ^^^^^^^^^^^^^^^^^^^^^^^^^^^
    ...<3 lines>...
    )
    ^
  File "/home/sirojiddin/code/Munacollection/venv/lib/python3.13/site-packages/telegram/ext/_extbot.py", line 680, in get_updates
    updates = await super().get_updates(
              ^^^^^^^^^^^^^^^^^^^^^^^^^^
    ...<9 lines>...
    )
    ^
  File "/home/sirojiddin/code/Munacollection/venv/lib/python3.13/site-packages/telegram/_bot.py", line 4767, in get_updates
    await self._post(
    ^^^^^^^^^^^^^^^^^
    ...<7 lines>...
    ),
    ^
  File "/home/sirojiddin/code/Munacollection/venv/lib/python3.13/site-packages/telegram/_bot.py", line 712, in _post
    return await self._do_post(
           ^^^^^^^^^^^^^^^^^^^^
    ...<6 lines>...
    )
    ^
  File "/home/sirojiddin/code/Munacollection/venv/lib/python3.13/site-packages/telegram/ext/_extbot.py", line 378, in _do_post
    return await super()._do_post(
           ^^^^^^^^^^^^^^^^^^^^^^^
    ...<6 lines>...
    )
    ^
  File "/home/sirojiddin/code/Munacollection/venv/lib/python3.13/site-packages/telegram/_bot.py", line 741, in _do_post
    result = await request.post(
             ^^^^^^^^^^^^^^^^^^^
    ...<6 lines>...
    )
    ^
  File "/home/sirojiddin/code/Munacollection/venv/lib/python3.13/site-packages/telegram/request/_baserequest.py", line 198, in post
    result = await self._request_wrapper(
             ^^^^^^^^^^^^^^^^^^^^^^^^^^^^
    ...<7 lines>...
    )
    ^
  File "/home/sirojiddin/code/Munacollection/venv/lib/python3.13/site-packages/telegram/request/_baserequest.py", line 375, in _request_wrapper
    raise exception
telegram.error.Conflict: Conflict: terminated by other getUpdates request; make sure that only one bot instance is running
2026-06-17 22:24:26,718 - httpx - INFO - HTTP Request: POST https://api.telegram.org/bot8657142758:AAGUQRm-T_ITFafMBJHzhBNQ2ZhjhuXQ4oE/getUpdates "HTTP/1.1 409 Conflict"
2026-06-17 22:24:26,720 - telegram.ext.Application - ERROR - No error handlers are registered, logging exception.
Traceback (most recent call last):
  File "/home/sirojiddin/code/Munacollection/venv/lib/python3.13/site-packages/telegram/ext/_utils/networkloop.py", line 161, in network_retry_loop
    await do_action()
  File "/home/sirojiddin/code/Munacollection/venv/lib/python3.13/site-packages/telegram/ext/_utils/networkloop.py", line 154, in do_action
    action_cb_task.result()
    ~~~~~~~~~~~~~~~~~~~~~^^
  File "/home/sirojiddin/code/Munacollection/venv/lib/python3.13/site-packages/telegram/ext/_updater.py", line 340, in polling_action_cb
    updates = await self.bot.get_updates(
              ^^^^^^^^^^^^^^^^^^^^^^^^^^^
    ...<3 lines>...
    )
    ^
  File "/home/sirojiddin/code/Munacollection/venv/lib/python3.13/site-packages/telegram/ext/_extbot.py", line 680, in get_updates
    updates = await super().get_updates(
              ^^^^^^^^^^^^^^^^^^^^^^^^^^
    ...<9 lines>...
    )
    ^
  File "/home/sirojiddin/code/Munacollection/venv/lib/python3.13/site-packages/telegram/_bot.py", line 4767, in get_updates
    await self._post(
    ^^^^^^^^^^^^^^^^^
    ...<7 lines>...
    ),
    ^
  File "/home/sirojiddin/code/Munacollection/venv/lib/python3.13/site-packages/telegram/_bot.py", line 712, in _post
    return await self._do_post(
           ^^^^^^^^^^^^^^^^^^^^
    ...<6 lines>...
    )
    ^
  File "/home/sirojiddin/code/Munacollection/venv/lib/python3.13/site-packages/telegram/ext/_extbot.py", line 378, in _do_post
    return await super()._do_post(
           ^^^^^^^^^^^^^^^^^^^^^^^
    ...<6 lines>...
    )
    ^
  File "/home/sirojiddin/code/Munacollection/venv/lib/python3.13/site-packages/telegram/_bot.py", line 741, in _do_post
    result = await request.post(
             ^^^^^^^^^^^^^^^^^^^
    ...<6 lines>...
    )
    ^
  File "/home/sirojiddin/code/Munacollection/venv/lib/python3.13/site-packages/telegram/request/_baserequest.py", line 198, in post
    result = await self._request_wrapper(
             ^^^^^^^^^^^^^^^^^^^^^^^^^^^^
    ...<7 lines>...
    )
    ^
  File "/home/sirojiddin/code/Munacollection/venv/lib/python3.13/site-packages/telegram/request/_baserequest.py", line 375, in _request_wrapper
    raise exception
telegram.error.Conflict: Conflict: terminated by other getUpdates request; make sure that only one bot instance is running
2026-06-17 22:24:27,349 - httpx - INFO - HTTP Request: POST https://api.telegram.org/bot8657142758:AAGUQRm-T_ITFafMBJHzhBNQ2ZhjhuXQ4oE/getUpdates "HTTP/1.1 200 OK"
2026-06-17 22:24:27,352 - messages - INFO - RAW UPDATE: {'message': {'channel_chat_created': False, 'delete_chat_photo': False, 'group_chat_created': False, 'supergroup_chat_created': False, 'text': 'Bozor 🛍', 'chat': {'first_name': 'Sirojiddin', 'id': 8270492933, 'type': <ChatType.PRIVATE>, 'username': 'Sirojiddin_Ibn_Baxtiyor'}, 'date': 1781717067, 'message_id': 261, 'from': {'first_name': 'Sirojiddin', 'id': 8270492933, 'is_bot': False, 'language_code': 'en', 'username': 'Sirojiddin_Ibn_Baxtiyor'}}, 'update_id': 63033023}
2026-06-17 22:24:27,353 - messages - INFO - Message received from user_id=8270492933: state=None, text=Bozor 🛍
2026-06-17 22:24:27,846 - httpx - INFO - HTTP Request: POST https://api.telegram.org/bot8657142758:AAGUQRm-T_ITFafMBJHzhBNQ2ZhjhuXQ4oE/sendMediaGroup "HTTP/1.1 200 OK"
2026-06-17 22:24:27,864 - httpx - INFO - HTTP Request: POST https://api.telegram.org/bot8657142758:AAGUQRm-T_ITFafMBJHzhBNQ2ZhjhuXQ4oE/getUpdates "HTTP/1.1 409 Conflict"
2026-06-17 22:24:27,865 - telegram.ext.Application - ERROR - No error handlers are registered, logging exception.
Traceback (most recent call last):
  File "/home/sirojiddin/code/Munacollection/venv/lib/python3.13/site-packages/telegram/ext/_utils/networkloop.py", line 161, in network_retry_loop
    await do_action()
  File "/home/sirojiddin/code/Munacollection/venv/lib/python3.13/site-packages/telegram/ext/_utils/networkloop.py", line 154, in do_action
    action_cb_task.result()
    ~~~~~~~~~~~~~~~~~~~~~^^
  File "/home/sirojiddin/code/Munacollection/venv/lib/python3.13/site-packages/telegram/ext/_updater.py", line 340, in polling_action_cb
    updates = await self.bot.get_updates(
              ^^^^^^^^^^^^^^^^^^^^^^^^^^^
    ...<3 lines>...
    )
    ^
  File "/home/sirojiddin/code/Munacollection/venv/lib/python3.13/site-packages/telegram/ext/_extbot.py", line 680, in get_updates
    updates = await super().get_updates(
              ^^^^^^^^^^^^^^^^^^^^^^^^^^
    ...<9 lines>...
    )
    ^
  File "/home/sirojiddin/code/Munacollection/venv/lib/python3.13/site-packages/telegram/_bot.py", line 4767, in get_updates
    await self._post(
    ^^^^^^^^^^^^^^^^^
    ...<7 lines>...
    ),
    ^
  File "/home/sirojiddin/code/Munacollection/venv/lib/python3.13/site-packages/telegram/_bot.py", line 712, in _post
    return await self._do_post(
           ^^^^^^^^^^^^^^^^^^^^
    ...<6 lines>...
    )
    ^
  File "/home/sirojiddin/code/Munacollection/venv/lib/python3.13/site-packages/telegram/ext/_extbot.py", line 378, in _do_post
    return await super()._do_post(
           ^^^^^^^^^^^^^^^^^^^^^^^
    ...<6 lines>...
    )
    ^
  File "/home/sirojiddin/code/Munacollection/venv/lib/python3.13/site-packages/telegram/_bot.py", line 741, in _do_post
    result = await request.post(
             ^^^^^^^^^^^^^^^^^^^
    ...<6 lines>...
    )
    ^
  File "/home/sirojiddin/code/Munacollection/venv/lib/python3.13/site-packages/telegram/request/_baserequest.py", line 198, in post
    result = await self._request_wrapper(
             ^^^^^^^^^^^^^^^^^^^^^^^^^^^^
    ...<7 lines>...
    )
    ^
  File "/home/sirojiddin/code/Munacollection/venv/lib/python3.13/site-packages/telegram/request/_baserequest.py", line 375, in _request_wrapper
    raise exception
telegram.error.Conflict: Conflict: terminated by other getUpdates request; make sure that only one bot instance is running
2026-06-17 22:24:28,014 - httpx - INFO - HTTP Request: POST https://api.telegram.org/bot8657142758:AAGUQRm-T_ITFafMBJHzhBNQ2ZhjhuXQ4oE/sendMessage "HTTP/1.1 200 OK"
2026-06-17 22:24:32,010 - httpx - INFO - HTTP Request: POST https://api.telegram.org/bot8657142758:AAGUQRm-T_ITFafMBJHzhBNQ2ZhjhuXQ4oE/getUpdates "HTTP/1.1 409 Conflict"
2026-06-17 22:24:32,012 - telegram.ext.Application - ERROR - No error handlers are registered, logging exception.
Traceback (most recent call last):
  File "/home/sirojiddin/code/Munacollection/venv/lib/python3.13/site-packages/telegram/ext/_utils/networkloop.py", line 161, in network_retry_loop
    await do_action()
  File "/home/sirojiddin/code/Munacollection/venv/lib/python3.13/site-packages/telegram/ext/_utils/networkloop.py", line 154, in do_action
    action_cb_task.result()
    ~~~~~~~~~~~~~~~~~~~~~^^
  File "/home/sirojiddin/code/Munacollection/venv/lib/python3.13/site-packages/telegram/ext/_updater.py", line 340, in polling_action_cb
    updates = await self.bot.get_updates(
              ^^^^^^^^^^^^^^^^^^^^^^^^^^^
    ...<3 lines>...
    )
    ^
  File "/home/sirojiddin/code/Munacollection/venv/lib/python3.13/site-packages/telegram/ext/_extbot.py", line 680, in get_updates
    updates = await super().get_updates(
              ^^^^^^^^^^^^^^^^^^^^^^^^^^
    ...<9 lines>...
    )
    ^
  File "/home/sirojiddin/code/Munacollection/venv/lib/python3.13/site-packages/telegram/_bot.py", line 4767, in get_updates
    await self._post(
    ^^^^^^^^^^^^^^^^^
    ...<7 lines>...
    ),
    ^
  File "/home/sirojiddin/code/Munacollection/venv/lib/python3.13/site-packages/telegram/_bot.py", line 712, in _post
    return await self._do_post(
           ^^^^^^^^^^^^^^^^^^^^
    ...<6 lines>...
    )
    ^
  File "/home/sirojiddin/code/Munacollection/venv/lib/python3.13/site-packages/telegram/ext/_extbot.py", line 378, in _do_post
    return await super()._do_post(
           ^^^^^^^^^^^^^^^^^^^^^^^
    ...<6 lines>...
    )
    ^
  File "/home/sirojiddin/code/Munacollection/venv/lib/python3.13/site-packages/telegram/_bot.py", line 741, in _do_post
    result = await request.post(
             ^^^^^^^^^^^^^^^^^^^
    ...<6 lines>...
    )
    ^
  File "/home/sirojiddin/code/Munacollection/venv/lib/python3.13/site-packages/telegram/request/_baserequest.py", line 198, in post
    result = await self._request_wrapper(
             ^^^^^^^^^^^^^^^^^^^^^^^^^^^^
    ...<7 lines>...
    )
    ^
  File "/home/sirojiddin/code/Munacollection/venv/lib/python3.13/site-packages/telegram/request/_baserequest.py", line 375, in _request_wrapper
    raise exception
telegram.error.Conflict: Conflict: terminated by other getUpdates request; make sure that only one bot instance is running
2026-06-17 22:24:33,082 - httpx - INFO - HTTP Request: POST https://api.telegram.org/bot8657142758:AAGUQRm-T_ITFafMBJHzhBNQ2ZhjhuXQ4oE/getUpdates "HTTP/1.1 200 OK"
2026-06-17 22:24:33,085 - messages - INFO - RAW UPDATE: {'callback_query': {'chat_instance': '3000672466049168352', 'data': 'cat_idx_1', 'id': '7851380561123766368', 'message': {'channel_chat_created': False, 'delete_chat_photo': False, 'entities': [{'length': 21, 'offset': 3, 'type': <MessageEntityType.BOLD>}], 'group_chat_created': False, 'reply_markup': {'inline_keyboard': [[{'callback_data': 'buy_prod_3', 'text': 'Sotib olish 💳'}], [{'callback_data': 'noop', 'text': '1/3'}, {'callback_data': 'cat_idx_1', 'text': 'Keyingi Mahsulot ➡️'}], [{'callback_data': 'admin_edit_3', 'text': 'Tahrirlash ✏️'}, {'callback_data': 'admin_del_3', 'text': "O'chirish ❌"}]]}, 'supergroup_chat_created': False, 'text': '🛍 Bozor mahsuloti (1/3)\n\n📍 Kelish joyi: xitoy\n⏱ Kelish muddati: 90kun\n💵 Narxi: 1mlrd\n📝 Izoh: balo', 'chat': {'first_name': 'Sirojiddin', 'id': 8270492933, 'type': <ChatType.PRIVATE>, 'username': 'Sirojiddin_Ibn_Baxtiyor'}, 'date': 1781717067, 'message_id': 265, 'from': {'first_name': 'Muna Collection test', 'id': 8657142758, 'is_bot': True, 'username': 'fevrallik_noiloj_bot'}}, 'from': {'first_name': 'Sirojiddin', 'id': 8270492933, 'is_bot': False, 'language_code': 'en', 'username': 'Sirojiddin_Ibn_Baxtiyor'}}, 'update_id': 63033024}
2026-06-17 22:24:33,085 - callbacks - INFO - Callback query received: user_id=8270492933, data=cat_idx_1
2026-06-17 22:24:33,487 - httpx - INFO - HTTP Request: POST https://api.telegram.org/bot8657142758:AAGUQRm-T_ITFafMBJHzhBNQ2ZhjhuXQ4oE/deleteMessage "HTTP/1.1 200 OK"
2026-06-17 22:24:33,634 - httpx - INFO - HTTP Request: POST https://api.telegram.org/bot8657142758:AAGUQRm-T_ITFafMBJHzhBNQ2ZhjhuXQ4oE/deleteMessage "HTTP/1.1 200 OK"
2026-06-17 22:24:33,644 - httpx - INFO - HTTP Request: POST https://api.telegram.org/bot8657142758:AAGUQRm-T_ITFafMBJHzhBNQ2ZhjhuXQ4oE/getUpdates "HTTP/1.1 409 Conflict"
2026-06-17 22:24:33,646 - telegram.ext.Application - ERROR - No error handlers are registered, logging exception.
Traceback (most recent call last):
  File "/home/sirojiddin/code/Munacollection/venv/lib/python3.13/site-packages/telegram/ext/_utils/networkloop.py", line 161, in network_retry_loop
    await do_action()
  File "/home/sirojiddin/code/Munacollection/venv/lib/python3.13/site-packages/telegram/ext/_utils/networkloop.py", line 154, in do_action
    action_cb_task.result()
    ~~~~~~~~~~~~~~~~~~~~~^^
  File "/home/sirojiddin/code/Munacollection/venv/lib/python3.13/site-packages/telegram/ext/_updater.py", line 340, in polling_action_cb
    updates = await self.bot.get_updates(
              ^^^^^^^^^^^^^^^^^^^^^^^^^^^
    ...<3 lines>...
    )
    ^
  File "/home/sirojiddin/code/Munacollection/venv/lib/python3.13/site-packages/telegram/ext/_extbot.py", line 680, in get_updates
    updates = await super().get_updates(
              ^^^^^^^^^^^^^^^^^^^^^^^^^^
    ...<9 lines>...
    )
    ^
  File "/home/sirojiddin/code/Munacollection/venv/lib/python3.13/site-packages/telegram/_bot.py", line 4767, in get_updates
    await self._post(
    ^^^^^^^^^^^^^^^^^
    ...<7 lines>...
    ),
    ^
  File "/home/sirojiddin/code/Munacollection/venv/lib/python3.13/site-packages/telegram/_bot.py", line 712, in _post
    return await self._do_post(
           ^^^^^^^^^^^^^^^^^^^^
    ...<6 lines>...
    )
    ^
  File "/home/sirojiddin/code/Munacollection/venv/lib/python3.13/site-packages/telegram/ext/_extbot.py", line 378, in _do_post
    return await super()._do_post(
           ^^^^^^^^^^^^^^^^^^^^^^^
    ...<6 lines>...
    )
    ^
  File "/home/sirojiddin/code/Munacollection/venv/lib/python3.13/site-packages/telegram/_bot.py", line 741, in _do_post
    result = await request.post(
             ^^^^^^^^^^^^^^^^^^^
    ...<6 lines>...
    )
    ^
  File "/home/sirojiddin/code/Munacollection/venv/lib/python3.13/site-packages/telegram/request/_baserequest.py", line 198, in post
    result = await self._request_wrapper(
             ^^^^^^^^^^^^^^^^^^^^^^^^^^^^
    ...<7 lines>...
    )
    ^
  File "/home/sirojiddin/code/Munacollection/venv/lib/python3.13/site-packages/telegram/request/_baserequest.py", line 375, in _request_wrapper
    raise exception
telegram.error.Conflict: Conflict: terminated by other getUpdates request; make sure that only one bot instance is running
2026-06-17 22:24:33,774 - httpx - INFO - HTTP Request: POST https://api.telegram.org/bot8657142758:AAGUQRm-T_ITFafMBJHzhBNQ2ZhjhuXQ4oE/deleteMessage "HTTP/1.1 200 OK"
2026-06-17 22:24:33,908 - httpx - INFO - HTTP Request: POST https://api.telegram.org/bot8657142758:AAGUQRm-T_ITFafMBJHzhBNQ2ZhjhuXQ4oE/deleteMessage "HTTP/1.1 200 OK"
2026-06-17 22:24:34,111 - httpx - INFO - HTTP Request: POST https://api.telegram.org/bot8657142758:AAGUQRm-T_ITFafMBJHzhBNQ2ZhjhuXQ4oE/sendMediaGroup "HTTP/1.1 200 OK"
2026-06-17 22:24:34,279 - httpx - INFO - HTTP Request: POST https://api.telegram.org/bot8657142758:AAGUQRm-T_ITFafMBJHzhBNQ2ZhjhuXQ4oE/sendMessage "HTTP/1.1 200 OK"
2026-06-17 22:24:37,829 - httpx - INFO - HTTP Request: POST https://api.telegram.org/bot8657142758:AAGUQRm-T_ITFafMBJHzhBNQ2ZhjhuXQ4oE/getUpdates "HTTP/1.1 409 Conflict"
2026-06-17 22:24:37,830 - telegram.ext.Application - ERROR - No error handlers are registered, logging exception.
Traceback (most recent call last):
  File "/home/sirojiddin/code/Munacollection/venv/lib/python3.13/site-packages/telegram/ext/_utils/networkloop.py", line 161, in network_retry_loop
    await do_action()
  File "/home/sirojiddin/code/Munacollection/venv/lib/python3.13/site-packages/telegram/ext/_utils/networkloop.py", line 154, in do_action
    action_cb_task.result()
    ~~~~~~~~~~~~~~~~~~~~~^^
  File "/home/sirojiddin/code/Munacollection/venv/lib/python3.13/site-packages/telegram/ext/_updater.py", line 340, in polling_action_cb
    updates = await self.bot.get_updates(
              ^^^^^^^^^^^^^^^^^^^^^^^^^^^
    ...<3 lines>...
    )
    ^
  File "/home/sirojiddin/code/Munacollection/venv/lib/python3.13/site-packages/telegram/ext/_extbot.py", line 680, in get_updates
    updates = await super().get_updates(
              ^^^^^^^^^^^^^^^^^^^^^^^^^^
    ...<9 lines>...
    )
    ^
  File "/home/sirojiddin/code/Munacollection/venv/lib/python3.13/site-packages/telegram/_bot.py", line 4767, in get_updates
    await self._post(
    ^^^^^^^^^^^^^^^^^
    ...<7 lines>...
    ),
    ^
  File "/home/sirojiddin/code/Munacollection/venv/lib/python3.13/site-packages/telegram/_bot.py", line 712, in _post
    return await self._do_post(
           ^^^^^^^^^^^^^^^^^^^^
    ...<6 lines>...
    )
    ^
  File "/home/sirojiddin/code/Munacollection/venv/lib/python3.13/site-packages/telegram/ext/_extbot.py", line 378, in _do_post
    return await super()._do_post(
           ^^^^^^^^^^^^^^^^^^^^^^^
    ...<6 lines>...
    )
    ^
  File "/home/sirojiddin/code/Munacollection/venv/lib/python3.13/site-packages/telegram/_bot.py", line 741, in _do_post
    result = await request.post(
             ^^^^^^^^^^^^^^^^^^^
    ...<6 lines>...
    )
    ^
  File "/home/sirojiddin/code/Munacollection/venv/lib/python3.13/site-packages/telegram/request/_baserequest.py", line 198, in post
    result = await self._request_wrapper(
             ^^^^^^^^^^^^^^^^^^^^^^^^^^^^
    ...<7 lines>...
    )
    ^
  File "/home/sirojiddin/code/Munacollection/venv/lib/python3.13/site-packages/telegram/request/_baserequest.py", line 375, in _request_wrapper
    raise exception
telegram.error.Conflict: Conflict: terminated by other getUpdates request; make sure that only one bot instance is running
2026-06-17 22:24:40,221 - httpx - INFO - HTTP Request: POST https://api.telegram.org/bot8657142758:AAGUQRm-T_ITFafMBJHzhBNQ2ZhjhuXQ4oE/getUpdates "HTTP/1.1 409 Conflict"
2026-06-17 22:24:40,223 - telegram.ext.Application - ERROR - No error handlers are registered, logging exception.
Traceback (most recent call last):
  File "/home/sirojiddin/code/Munacollection/venv/lib/python3.13/site-packages/telegram/ext/_utils/networkloop.py", line 161, in network_retry_loop
    await do_action()
  File "/home/sirojiddin/code/Munacollection/venv/lib/python3.13/site-packages/telegram/ext/_utils/networkloop.py", line 154, in do_action
    action_cb_task.result()
    ~~~~~~~~~~~~~~~~~~~~~^^
  File "/home/sirojiddin/code/Munacollection/venv/lib/python3.13/site-packages/telegram/ext/_updater.py", line 340, in polling_action_cb
    updates = await self.bot.get_updates(
              ^^^^^^^^^^^^^^^^^^^^^^^^^^^
    ...<3 lines>...
    )
    ^
  File "/home/sirojiddin/code/Munacollection/venv/lib/python3.13/site-packages/telegram/ext/_extbot.py", line 680, in get_updates
    updates = await super().get_updates(
              ^^^^^^^^^^^^^^^^^^^^^^^^^^
    ...<9 lines>...
    )
    ^
  File "/home/sirojiddin/code/Munacollection/venv/lib/python3.13/site-packages/telegram/_bot.py", line 4767, in get_updates
    await self._post(
    ^^^^^^^^^^^^^^^^^
    ...<7 lines>...
    ),
    ^
  File "/home/sirojiddin/code/Munacollection/venv/lib/python3.13/site-packages/telegram/_bot.py", line 712, in _post
    return await self._do_post(
           ^^^^^^^^^^^^^^^^^^^^
    ...<6 lines>...
    )
    ^
  File "/home/sirojiddin/code/Munacollection/venv/lib/python3.13/site-packages/telegram/ext/_extbot.py", line 378, in _do_post
    return await super()._do_post(
           ^^^^^^^^^^^^^^^^^^^^^^^
    ...<6 lines>...
    )
    ^
  File "/home/sirojiddin/code/Munacollection/venv/lib/python3.13/site-packages/telegram/_bot.py", line 741, in _do_post
    result = await request.post(
             ^^^^^^^^^^^^^^^^^^^
    ...<6 lines>...
    )
    ^
  File "/home/sirojiddin/code/Munacollection/venv/lib/python3.13/site-packages/telegram/request/_baserequest.py", line 198, in post
    result = await self._request_wrapper(
             ^^^^^^^^^^^^^^^^^^^^^^^^^^^^
    ...<7 lines>...
    )
    ^
  File "/home/sirojiddin/code/Munacollection/venv/lib/python3.13/site-packages/telegram/request/_baserequest.py", line 375, in _request_wrapper
    raise exception
telegram.error.Conflict: Conflict: terminated by other getUpdates request; make sure that only one bot instance is running
2026-06-17 22:24:41,980 - httpx - INFO - HTTP Request: POST https://api.telegram.org/bot8657142758:AAGUQRm-T_ITFafMBJHzhBNQ2ZhjhuXQ4oE/getUpdates "HTTP/1.1 200 OK"
2026-06-17 22:24:41,982 - messages - INFO - RAW UPDATE: {'callback_query': {'chat_instance': '3000672466049168352', 'data': 'cat_idx_2', 'id': '7851380559414994718', 'message': {'channel_chat_created': False, 'delete_chat_photo': False, 'entities': [{'length': 21, 'offset': 3, 'type': <MessageEntityType.BOLD>}], 'group_chat_created': False, 'reply_markup': {'inline_keyboard': [[{'callback_data': 'buy_prod_2', 'text': 'Sotib olish 💳'}], [{'callback_data': 'cat_idx_0', 'text': '⬅️ Oldingi Mahsulot'}, {'callback_data': 'noop', 'text': '2/3'}, {'callback_data': 'cat_idx_2', 'text': 'Keyingi Mahsulot ➡️'}], [{'callback_data': 'admin_edit_2', 'text': 'Tahrirlash ✏️'}, {'callback_data': 'admin_del_2', 'text': "O'chirish ❌"}]]}, 'supergroup_chat_created': False, 'text': '🛍 Bozor mahsuloti (2/3)\n\n📍 Kelish joyi: xxxxxxxxxxxx\n⏱ Kelish muddati: 888888888888\n💵 Narxi: 000000000000\n📝 Izoh: bvirbvruibvruisv', 'chat': {'first_name': 'Sirojiddin', 'id': 8270492933, 'type': <ChatType.PRIVATE>, 'username': 'Sirojiddin_Ibn_Baxtiyor'}, 'date': 1781717074, 'message_id': 269, 'from': {'first_name': 'Muna Collection test', 'id': 8657142758, 'is_bot': True, 'username': 'fevrallik_noiloj_bot'}}, 'from': {'first_name': 'Sirojiddin', 'id': 8270492933, 'is_bot': False, 'language_code': 'en', 'username': 'Sirojiddin_Ibn_Baxtiyor'}}, 'update_id': 63033025}
2026-06-17 22:24:41,982 - callbacks - INFO - Callback query received: user_id=8270492933, data=cat_idx_2
2026-06-17 22:24:42,366 - httpx - INFO - HTTP Request: POST https://api.telegram.org/bot8657142758:AAGUQRm-T_ITFafMBJHzhBNQ2ZhjhuXQ4oE/deleteMessage "HTTP/1.1 200 OK"
2026-06-17 22:24:42,496 - httpx - INFO - HTTP Request: POST https://api.telegram.org/bot8657142758:AAGUQRm-T_ITFafMBJHzhBNQ2ZhjhuXQ4oE/deleteMessage "HTTP/1.1 200 OK"
2026-06-17 22:24:42,622 - httpx - INFO - HTTP Request: POST https://api.telegram.org/bot8657142758:AAGUQRm-T_ITFafMBJHzhBNQ2ZhjhuXQ4oE/deleteMessage "HTTP/1.1 200 OK"
2026-06-17 22:24:42,765 - httpx - INFO - HTTP Request: POST https://api.telegram.org/bot8657142758:AAGUQRm-T_ITFafMBJHzhBNQ2ZhjhuXQ4oE/deleteMessage "HTTP/1.1 200 OK"
2026-06-17 22:24:42,939 - httpx - INFO - HTTP Request: POST https://api.telegram.org/bot8657142758:AAGUQRm-T_ITFafMBJHzhBNQ2ZhjhuXQ4oE/sendPhoto "HTTP/1.1 200 OK"
2026-06-17 22:24:44,981 - httpx - INFO - HTTP Request: POST https://api.telegram.org/bot8657142758:AAGUQRm-T_ITFafMBJHzhBNQ2ZhjhuXQ4oE/getUpdates "HTTP/1.1 409 Conflict"
2026-06-17 22:24:44,983 - telegram.ext.Application - ERROR - No error handlers are registered, logging exception.
Traceback (most recent call last):
  File "/home/sirojiddin/code/Munacollection/venv/lib/python3.13/site-packages/telegram/ext/_utils/networkloop.py", line 161, in network_retry_loop
    await do_action()
  File "/home/sirojiddin/code/Munacollection/venv/lib/python3.13/site-packages/telegram/ext/_utils/networkloop.py", line 154, in do_action
    action_cb_task.result()
    ~~~~~~~~~~~~~~~~~~~~~^^
  File "/home/sirojiddin/code/Munacollection/venv/lib/python3.13/site-packages/telegram/ext/_updater.py", line 340, in polling_action_cb
    updates = await self.bot.get_updates(
              ^^^^^^^^^^^^^^^^^^^^^^^^^^^
    ...<3 lines>...
    )
    ^
  File "/home/sirojiddin/code/Munacollection/venv/lib/python3.13/site-packages/telegram/ext/_extbot.py", line 680, in get_updates
    updates = await super().get_updates(
              ^^^^^^^^^^^^^^^^^^^^^^^^^^
    ...<9 lines>...
    )
    ^
  File "/home/sirojiddin/code/Munacollection/venv/lib/python3.13/site-packages/telegram/_bot.py", line 4767, in get_updates
    await self._post(
    ^^^^^^^^^^^^^^^^^
    ...<7 lines>...
    ),
    ^
  File "/home/sirojiddin/code/Munacollection/venv/lib/python3.13/site-packages/telegram/_bot.py", line 712, in _post
    return await self._do_post(
           ^^^^^^^^^^^^^^^^^^^^
    ...<6 lines>...
    )
    ^
  File "/home/sirojiddin/code/Munacollection/venv/lib/python3.13/site-packages/telegram/ext/_extbot.py", line 378, in _do_post
    return await super()._do_post(
           ^^^^^^^^^^^^^^^^^^^^^^^
    ...<6 lines>...
    )
    ^
  File "/home/sirojiddin/code/Munacollection/venv/lib/python3.13/site-packages/telegram/_bot.py", line 741, in _do_post
    result = await request.post(
             ^^^^^^^^^^^^^^^^^^^
    ...<6 lines>...
    )
    ^
  File "/home/sirojiddin/code/Munacollection/venv/lib/python3.13/site-packages/telegram/request/_baserequest.py", line 198, in post
    result = await self._request_wrapper(
             ^^^^^^^^^^^^^^^^^^^^^^^^^^^^
    ...<7 lines>...
    )
    ^
  File "/home/sirojiddin/code/Munacollection/venv/lib/python3.13/site-packages/telegram/request/_baserequest.py", line 375, in _request_wrapper
    raise exception
telegram.error.Conflict: Conflict: terminated by other getUpdates request; make sure that only one bot instance is running
2026-06-17 22:24:48,513 - httpx - INFO - HTTP Request: POST https://api.telegram.org/bot8657142758:AAGUQRm-T_ITFafMBJHzhBNQ2ZhjhuXQ4oE/getUpdates "HTTP/1.1 409 Conflict"
2026-06-17 22:24:48,515 - telegram.ext.Application - ERROR - No error handlers are registered, logging exception.
Traceback (most recent call last):
  File "/home/sirojiddin/code/Munacollection/venv/lib/python3.13/site-packages/telegram/ext/_utils/networkloop.py", line 161, in network_retry_loop
    await do_action()
  File "/home/sirojiddin/code/Munacollection/venv/lib/python3.13/site-packages/telegram/ext/_utils/networkloop.py", line 154, in do_action
    action_cb_task.result()
    ~~~~~~~~~~~~~~~~~~~~~^^
  File "/home/sirojiddin/code/Munacollection/venv/lib/python3.13/site-packages/telegram/ext/_updater.py", line 340, in polling_action_cb
    updates = await self.bot.get_updates(
              ^^^^^^^^^^^^^^^^^^^^^^^^^^^
    ...<3 lines>...
    )
    ^
  File "/home/sirojiddin/code/Munacollection/venv/lib/python3.13/site-packages/telegram/ext/_extbot.py", line 680, in get_updates
    updates = await super().get_updates(
              ^^^^^^^^^^^^^^^^^^^^^^^^^^
    ...<9 lines>...
    )
    ^
  File "/home/sirojiddin/code/Munacollection/venv/lib/python3.13/site-packages/telegram/_bot.py", line 4767, in get_updates
    await self._post(
    ^^^^^^^^^^^^^^^^^
    ...<7 lines>...
    ),
    ^
  File "/home/sirojiddin/code/Munacollection/venv/lib/python3.13/site-packages/telegram/_bot.py", line 712, in _post
    return await self._do_post(
           ^^^^^^^^^^^^^^^^^^^^
    ...<6 lines>...
    )
    ^
  File "/home/sirojiddin/code/Munacollection/venv/lib/python3.13/site-packages/telegram/ext/_extbot.py", line 378, in _do_post
    return await super()._do_post(
           ^^^^^^^^^^^^^^^^^^^^^^^
    ...<6 lines>...
    )
    ^
  File "/home/sirojiddin/code/Munacollection/venv/lib/python3.13/site-packages/telegram/_bot.py", line 741, in _do_post
    result = await request.post(
             ^^^^^^^^^^^^^^^^^^^
    ...<6 lines>...
    )
    ^
  File "/home/sirojiddin/code/Munacollection/venv/lib/python3.13/site-packages/telegram/request/_baserequest.py", line 198, in post
    result = await self._request_wrapper(
             ^^^^^^^^^^^^^^^^^^^^^^^^^^^^
    ...<7 lines>...
    )
    ^
  File "/home/sirojiddin/code/Munacollection/venv/lib/python3.13/site-packages/telegram/request/_baserequest.py", line 375, in _request_wrapper
    raise exception
telegram.error.Conflict: Conflict: terminated by other getUpdates request; make sure that only one bot instance is running
2026-06-17 22:24:50,719 - httpx - INFO - HTTP Request: POST https://api.telegram.org/bot8657142758:AAGUQRm-T_ITFafMBJHzhBNQ2ZhjhuXQ4oE/getUpdates "HTTP/1.1 200 OK"
2026-06-17 22:24:50,721 - messages - INFO - RAW UPDATE: {'callback_query': {'chat_instance': '3000672466049168352', 'data': 'cat_idx_1', 'id': '7851380561866163588', 'message': {'caption': '🛍 Bozor mahsuloti (3/3)\n\n📍 Kelish joyi: xitoydan\n⏱ Kelish muddati: 18\n💵 Narxi: 19\n📝 Izoh: bu textbgnsfjdmka', 'caption_entities': [{'length': 21, 'offset': 3, 'type': <MessageEntityType.BOLD>}], 'channel_chat_created': False, 'delete_chat_photo': False, 'group_chat_created': False, 'photo': [{'height': 90, 'width': 90, 'file_id': 'AgACAgIAAxkDAAIBBGoy10mp3aIqYKwCTjOiF3ZqkiWIAAIvImsbE26BSSJ-SF5sacMAAQEAAwIAA3MAAzwE', 'file_size': 1348, 'file_unique_id': 'AQADLyJrGxNugUl4'}, {'height': 320, 'width': 320, 'file_id': 'AgACAgIAAxkDAAIBBGoy10mp3aIqYKwCTjOiF3ZqkiWIAAIvImsbE26BSSJ-SF5sacMAAQEAAwIAA20AAzwE', 'file_size': 13122, 'file_unique_id': 'AQADLyJrGxNugUly'}, {'height': 800, 'width': 800, 'file_id': 'AgACAgIAAxkDAAIBBGoy10mp3aIqYKwCTjOiF3ZqkiWIAAIvImsbE26BSSJ-SF5sacMAAQEAAwIAA3gAAzwE', 'file_size': 51800, 'file_unique_id': 'AQADLyJrGxNugUl9'}, {'height': 1280, 'width': 1280, 'file_id': 'AgACAgIAAxkDAAIBBGoy10mp3aIqYKwCTjOiF3ZqkiWIAAIvImsbE26BSSJ-SF5sacMAAQEAAwIAA3kAAzwE', 'file_size': 96924, 'file_unique_id': 'AQADLyJrGxNugUl-'}], 'reply_markup': {'inline_keyboard': [[{'callback_data': 'buy_prod_1', 'text': 'Sotib olish 💳'}], [{'callback_data': 'cat_idx_1', 'text': '⬅️ Oldingi Mahsulot'}, {'callback_data': 'noop', 'text': '3/3'}], [{'callback_data': 'admin_edit_1', 'text': 'Tahrirlash ✏️'}, {'callback_data': 'admin_del_1', 'text': "O'chirish ❌"}]]}, 'supergroup_chat_created': False, 'chat': {'first_name': 'Sirojiddin', 'id': 8270492933, 'type': <ChatType.PRIVATE>, 'username': 'Sirojiddin_Ibn_Baxtiyor'}, 'date': 1781717082, 'message_id': 270, 'from': {'first_name': 'Muna Collection test', 'id': 8657142758, 'is_bot': True, 'username': 'fevrallik_noiloj_bot'}}, 'from': {'first_name': 'Sirojiddin', 'id': 8270492933, 'is_bot': False, 'language_code': 'en', 'username': 'Sirojiddin_Ibn_Baxtiyor'}}, 'update_id': 63033026}
2026-06-17 22:24:50,725 - callbacks - INFO - Callback query received: user_id=8270492933, data=cat_idx_1
2026-06-17 22:24:51,879 - httpx - INFO - HTTP Request: POST https://api.telegram.org/bot8657142758:AAGUQRm-T_ITFafMBJHzhBNQ2ZhjhuXQ4oE/deleteMessage "HTTP/1.1 200 OK"
2026-06-17 22:24:52,125 - httpx - INFO - HTTP Request: POST https://api.telegram.org/bot8657142758:AAGUQRm-T_ITFafMBJHzhBNQ2ZhjhuXQ4oE/sendMediaGroup "HTTP/1.1 200 OK"
2026-06-17 22:24:52,306 - httpx - INFO - HTTP Request: POST https://api.telegram.org/bot8657142758:AAGUQRm-T_ITFafMBJHzhBNQ2ZhjhuXQ4oE/sendMessage "HTTP/1.1 200 OK"
2026-06-17 22:24:52,705 - httpx - INFO - HTTP Request: POST https://api.telegram.org/bot8657142758:AAGUQRm-T_ITFafMBJHzhBNQ2ZhjhuXQ4oE/getUpdates "HTTP/1.1 409 Conflict"
2026-06-17 22:24:52,707 - telegram.ext.Application - ERROR - No error handlers are registered, logging exception.
Traceback (most recent call last):
  File "/home/sirojiddin/code/Munacollection/venv/lib/python3.13/site-packages/telegram/ext/_utils/networkloop.py", line 161, in network_retry_loop
    await do_action()
  File "/home/sirojiddin/code/Munacollection/venv/lib/python3.13/site-packages/telegram/ext/_utils/networkloop.py", line 154, in do_action
    action_cb_task.result()
    ~~~~~~~~~~~~~~~~~~~~~^^
  File "/home/sirojiddin/code/Munacollection/venv/lib/python3.13/site-packages/telegram/ext/_updater.py", line 340, in polling_action_cb
    updates = await self.bot.get_updates(
              ^^^^^^^^^^^^^^^^^^^^^^^^^^^
    ...<3 lines>...
    )
    ^
  File "/home/sirojiddin/code/Munacollection/venv/lib/python3.13/site-packages/telegram/ext/_extbot.py", line 680, in get_updates
    updates = await super().get_updates(
              ^^^^^^^^^^^^^^^^^^^^^^^^^^
    ...<9 lines>...
    )
    ^
  File "/home/sirojiddin/code/Munacollection/venv/lib/python3.13/site-packages/telegram/_bot.py", line 4767, in get_updates
    await self._post(
    ^^^^^^^^^^^^^^^^^
    ...<7 lines>...
    ),
    ^
  File "/home/sirojiddin/code/Munacollection/venv/lib/python3.13/site-packages/telegram/_bot.py", line 712, in _post
    return await self._do_post(
           ^^^^^^^^^^^^^^^^^^^^
    ...<6 lines>...
    )
    ^
  File "/home/sirojiddin/code/Munacollection/venv/lib/python3.13/site-packages/telegram/ext/_extbot.py", line 378, in _do_post
    return await super()._do_post(
           ^^^^^^^^^^^^^^^^^^^^^^^
    ...<6 lines>...
    )
    ^
  File "/home/sirojiddin/code/Munacollection/venv/lib/python3.13/site-packages/telegram/_bot.py", line 741, in _do_post
    result = await request.post(
             ^^^^^^^^^^^^^^^^^^^
    ...<6 lines>...
    )
    ^
  File "/home/sirojiddin/code/Munacollection/venv/lib/python3.13/site-packages/telegram/request/_baserequest.py", line 198, in post
    result = await self._request_wrapper(
             ^^^^^^^^^^^^^^^^^^^^^^^^^^^^
    ...<7 lines>...
    )
    ^
  File "/home/sirojiddin/code/Munacollection/venv/lib/python3.13/site-packages/telegram/request/_baserequest.py", line 375, in _request_wrapper
    raise exception
telegram.error.Conflict: Conflict: terminated by other getUpdates request; make sure that only one bot instance is running
2026-06-17 22:24:58,647 - httpx - INFO - HTTP Request: POST https://api.telegram.org/bot8657142758:AAGUQRm-T_ITFafMBJHzhBNQ2ZhjhuXQ4oE/getUpdates "HTTP/1.1 409 Conflict"
2026-06-17 22:24:58,649 - telegram.ext.Application - ERROR - No error handlers are registered, logging exception.
Traceback (most recent call last):
  File "/home/sirojiddin/code/Munacollection/venv/lib/python3.13/site-packages/telegram/ext/_utils/networkloop.py", line 161, in network_retry_loop
    await do_action()
  File "/home/sirojiddin/code/Munacollection/venv/lib/python3.13/site-packages/telegram/ext/_utils/networkloop.py", line 154, in do_action
    action_cb_task.result()
    ~~~~~~~~~~~~~~~~~~~~~^^
  File "/home/sirojiddin/code/Munacollection/venv/lib/python3.13/site-packages/telegram/ext/_updater.py", line 340, in polling_action_cb
    updates = await self.bot.get_updates(
              ^^^^^^^^^^^^^^^^^^^^^^^^^^^
    ...<3 lines>...
    )
    ^
  File "/home/sirojiddin/code/Munacollection/venv/lib/python3.13/site-packages/telegram/ext/_extbot.py", line 680, in get_updates
    updates = await super().get_updates(
              ^^^^^^^^^^^^^^^^^^^^^^^^^^
    ...<9 lines>...
    )
    ^
  File "/home/sirojiddin/code/Munacollection/venv/lib/python3.13/site-packages/telegram/_bot.py", line 4767, in get_updates
    await self._post(
    ^^^^^^^^^^^^^^^^^
    ...<7 lines>...
    ),
    ^
  File "/home/sirojiddin/code/Munacollection/venv/lib/python3.13/site-packages/telegram/_bot.py", line 712, in _post
    return await self._do_post(
           ^^^^^^^^^^^^^^^^^^^^
    ...<6 lines>...
    )
    ^
  File "/home/sirojiddin/code/Munacollection/venv/lib/python3.13/site-packages/telegram/ext/_extbot.py", line 378, in _do_post
    return await super()._do_post(
           ^^^^^^^^^^^^^^^^^^^^^^^
    ...<6 lines>...
    )
    ^
  File "/home/sirojiddin/code/Munacollection/venv/lib/python3.13/site-packages/telegram/_bot.py", line 741, in _do_post
    result = await request.post(
             ^^^^^^^^^^^^^^^^^^^
    ...<6 lines>...
    )
    ^
  File "/home/sirojiddin/code/Munacollection/venv/lib/python3.13/site-packages/telegram/request/_baserequest.py", line 198, in post
    result = await self._request_wrapper(
             ^^^^^^^^^^^^^^^^^^^^^^^^^^^^
    ...<7 lines>...
    )
    ^
  File "/home/sirojiddin/code/Munacollection/venv/lib/python3.13/site-packages/telegram/request/_baserequest.py", line 375, in _request_wrapper
    raise exception
telegram.error.Conflict: Conflict: terminated by other getUpdates request; make sure that only one bot instance is running
2026-06-17 22:24:59,998 - httpx - INFO - HTTP Request: POST https://api.telegram.org/bot8657142758:AAGUQRm-T_ITFafMBJHzhBNQ2ZhjhuXQ4oE/getUpdates "HTTP/1.1 200 OK"
2026-06-17 22:25:00,000 - messages - INFO - RAW UPDATE: {'callback_query': {'chat_instance': '3000672466049168352', 'data': 'cat_idx_2', 'id': '7851380559981053017', 'message': {'channel_chat_created': False, 'delete_chat_photo': False, 'entities': [{'length': 21, 'offset': 3, 'type': <MessageEntityType.BOLD>}], 'group_chat_created': False, 'reply_markup': {'inline_keyboard': [[{'callback_data': 'buy_prod_2', 'text': 'Sotib olish 💳'}], [{'callback_data': 'cat_idx_0', 'text': '⬅️ Oldingi Mahsulot'}, {'callback_data': 'noop', 'text': '2/3'}, {'callback_data': 'cat_idx_2', 'text': 'Keyingi Mahsulot ➡️'}], [{'callback_data': 'admin_edit_2', 'text': 'Tahrirlash ✏️'}, {'callback_data': 'admin_del_2', 'text': "O'chirish ❌"}]]}, 'supergroup_chat_created': False, 'text': '🛍 Bozor mahsuloti (2/3)\n\n📍 Kelish joyi: xxxxxxxxxxxx\n⏱ Kelish muddati: 888888888888\n💵 Narxi: 000000000000\n📝 Izoh: bvirbvruibvruisv', 'chat': {'first_name': 'Sirojiddin', 'id': 8270492933, 'type': <ChatType.PRIVATE>, 'username': 'Sirojiddin_Ibn_Baxtiyor'}, 'date': 1781717092, 'message_id': 274, 'from': {'first_name': 'Muna Collection test', 'id': 8657142758, 'is_bot': True, 'username': 'fevrallik_noiloj_bot'}}, 'from': {'first_name': 'Sirojiddin', 'id': 8270492933, 'is_bot': False, 'language_code': 'en', 'username': 'Sirojiddin_Ibn_Baxtiyor'}}, 'update_id': 63033027}
2026-06-17 22:25:00,001 - callbacks - INFO - Callback query received: user_id=8270492933, data=cat_idx_2
2026-06-17 22:25:00,440 - httpx - INFO - HTTP Request: POST https://api.telegram.org/bot8657142758:AAGUQRm-T_ITFafMBJHzhBNQ2ZhjhuXQ4oE/deleteMessage "HTTP/1.1 200 OK"
2026-06-17 22:25:00,563 - httpx - INFO - HTTP Request: POST https://api.telegram.org/bot8657142758:AAGUQRm-T_ITFafMBJHzhBNQ2ZhjhuXQ4oE/deleteMessage "HTTP/1.1 200 OK"
2026-06-17 22:25:00,704 - httpx - INFO - HTTP Request: POST https://api.telegram.org/bot8657142758:AAGUQRm-T_ITFafMBJHzhBNQ2ZhjhuXQ4oE/deleteMessage "HTTP/1.1 200 OK"
2026-06-17 22:25:00,866 - httpx - INFO - HTTP Request: POST https://api.telegram.org/bot8657142758:AAGUQRm-T_ITFafMBJHzhBNQ2ZhjhuXQ4oE/deleteMessage "HTTP/1.1 200 OK"
2026-06-17 22:25:01,120 - httpx - INFO - HTTP Request: POST https://api.telegram.org/bot8657142758:AAGUQRm-T_ITFafMBJHzhBNQ2ZhjhuXQ4oE/sendPhoto "HTTP/1.1 200 OK"
2026-06-17 22:25:02,796 - httpx - INFO - HTTP Request: POST https://api.telegram.org/bot8657142758:AAGUQRm-T_ITFafMBJHzhBNQ2ZhjhuXQ4oE/getUpdates "HTTP/1.1 409 Conflict"
2026-06-17 22:25:02,798 - telegram.ext.Application - ERROR - No error handlers are registered, logging exception.
Traceback (most recent call last):
  File "/home/sirojiddin/code/Munacollection/venv/lib/python3.13/site-packages/telegram/ext/_utils/networkloop.py", line 161, in network_retry_loop
    await do_action()
  File "/home/sirojiddin/code/Munacollection/venv/lib/python3.13/site-packages/telegram/ext/_utils/networkloop.py", line 154, in do_action
    action_cb_task.result()
    ~~~~~~~~~~~~~~~~~~~~~^^
  File "/home/sirojiddin/code/Munacollection/venv/lib/python3.13/site-packages/telegram/ext/_updater.py", line 340, in polling_action_cb
    updates = await self.bot.get_updates(
              ^^^^^^^^^^^^^^^^^^^^^^^^^^^
    ...<3 lines>...
    )
    ^
  File "/home/sirojiddin/code/Munacollection/venv/lib/python3.13/site-packages/telegram/ext/_extbot.py", line 680, in get_updates
    updates = await super().get_updates(
              ^^^^^^^^^^^^^^^^^^^^^^^^^^
    ...<9 lines>...
    )
    ^
  File "/home/sirojiddin/code/Munacollection/venv/lib/python3.13/site-packages/telegram/_bot.py", line 4767, in get_updates
    await self._post(
    ^^^^^^^^^^^^^^^^^
    ...<7 lines>...
    ),
    ^
  File "/home/sirojiddin/code/Munacollection/venv/lib/python3.13/site-packages/telegram/_bot.py", line 712, in _post
    return await self._do_post(
           ^^^^^^^^^^^^^^^^^^^^
    ...<6 lines>...
    )
    ^
  File "/home/sirojiddin/code/Munacollection/venv/lib/python3.13/site-packages/telegram/ext/_extbot.py", line 378, in _do_post
    return await super()._do_post(
           ^^^^^^^^^^^^^^^^^^^^^^^
    ...<6 lines>...
    )
    ^
  File "/home/sirojiddin/code/Munacollection/venv/lib/python3.13/site-packages/telegram/_bot.py", line 741, in _do_post
    result = await request.post(
             ^^^^^^^^^^^^^^^^^^^
    ...<6 lines>...
    )
    ^
  File "/home/sirojiddin/code/Munacollection/venv/lib/python3.13/site-packages/telegram/request/_baserequest.py", line 198, in post
    result = await self._request_wrapper(
             ^^^^^^^^^^^^^^^^^^^^^^^^^^^^
    ...<7 lines>...
    )
    ^
  File "/home/sirojiddin/code/Munacollection/venv/lib/python3.13/site-packages/telegram/request/_baserequest.py", line 375, in _request_wrapper
    raise exception
telegram.error.Conflict: Conflict: terminated by other getUpdates request; make sure that only one bot instance is running
2026-06-17 22:25:03,163 - httpx - INFO - HTTP Request: POST https://api.telegram.org/bot8657142758:AAGUQRm-T_ITFafMBJHzhBNQ2ZhjhuXQ4oE/getUpdates "HTTP/1.1 200 OK"
2026-06-17 22:25:03,166 - messages - INFO - RAW UPDATE: {'callback_query': {'chat_instance': '3000672466049168352', 'data': 'admin_del_1', 'id': '7851380561435764456', 'message': {'caption': '🛍 Bozor mahsuloti (3/3)\n\n📍 Kelish joyi: xitoydan\n⏱ Kelish muddati: 18\n💵 Narxi: 19\n📝 Izoh: bu textbgnsfjdmka', 'caption_entities': [{'length': 21, 'offset': 3, 'type': <MessageEntityType.BOLD>}], 'channel_chat_created': False, 'delete_chat_photo': False, 'group_chat_created': False, 'photo': [{'height': 90, 'width': 90, 'file_id': 'AgACAgIAAxkDAAIBBGoy10mp3aIqYKwCTjOiF3ZqkiWIAAIvImsbE26BSSJ-SF5sacMAAQEAAwIAA3MAAzwE', 'file_size': 1348, 'file_unique_id': 'AQADLyJrGxNugUl4'}, {'height': 320, 'width': 320, 'file_id': 'AgACAgIAAxkDAAIBBGoy10mp3aIqYKwCTjOiF3ZqkiWIAAIvImsbE26BSSJ-SF5sacMAAQEAAwIAA20AAzwE', 'file_size': 13122, 'file_unique_id': 'AQADLyJrGxNugUly'}, {'height': 800, 'width': 800, 'file_id': 'AgACAgIAAxkDAAIBBGoy10mp3aIqYKwCTjOiF3ZqkiWIAAIvImsbE26BSSJ-SF5sacMAAQEAAwIAA3gAAzwE', 'file_size': 51800, 'file_unique_id': 'AQADLyJrGxNugUl9'}, {'height': 1280, 'width': 1280, 'file_id': 'AgACAgIAAxkDAAIBBGoy10mp3aIqYKwCTjOiF3ZqkiWIAAIvImsbE26BSSJ-SF5sacMAAQEAAwIAA3kAAzwE', 'file_size': 96924, 'file_unique_id': 'AQADLyJrGxNugUl-'}], 'reply_markup': {'inline_keyboard': [[{'callback_data': 'buy_prod_1', 'text': 'Sotib olish 💳'}], [{'callback_data': 'cat_idx_1', 'text': '⬅️ Oldingi Mahsulot'}, {'callback_data': 'noop', 'text': '3/3'}], [{'callback_data': 'admin_edit_1', 'text': 'Tahrirlash ✏️'}, {'callback_data': 'admin_del_1', 'text': "O'chirish ❌"}]]}, 'supergroup_chat_created': False, 'chat': {'first_name': 'Sirojiddin', 'id': 8270492933, 'type': <ChatType.PRIVATE>, 'username': 'Sirojiddin_Ibn_Baxtiyor'}, 'date': 1781717101, 'message_id': 275, 'from': {'first_name': 'Muna Collection test', 'id': 8657142758, 'is_bot': True, 'username': 'fevrallik_noiloj_bot'}}, 'from': {'first_name': 'Sirojiddin', 'id': 8270492933, 'is_bot': False, 'language_code': 'en', 'username': 'Sirojiddin_Ibn_Baxtiyor'}}, 'update_id': 63033028}
2026-06-17 22:25:03,166 - callbacks - INFO - Callback query received: user_id=8270492933, data=admin_del_1
2026-06-17 22:25:03,312 - httpx - INFO - HTTP Request: POST https://api.telegram.org/bot8657142758:AAGUQRm-T_ITFafMBJHzhBNQ2ZhjhuXQ4oE/answerCallbackQuery "HTTP/1.1 200 OK"
2026-06-17 22:25:03,472 - httpx - INFO - HTTP Request: POST https://api.telegram.org/bot8657142758:AAGUQRm-T_ITFafMBJHzhBNQ2ZhjhuXQ4oE/sendMessage "HTTP/1.1 200 OK"
2026-06-17 22:25:10,711 - httpx - INFO - HTTP Request: POST https://api.telegram.org/bot8657142758:AAGUQRm-T_ITFafMBJHzhBNQ2ZhjhuXQ4oE/getUpdates "HTTP/1.1 200 OK"
2026-06-17 22:25:10,712 - messages - INFO - RAW UPDATE: {'callback_query': {'chat_instance': '3000672466049168352', 'data': 'confirm_del_1', 'id': '7851380561482062710', 'message': {'channel_chat_created': False, 'delete_chat_photo': False, 'group_chat_created': False, 'reply_markup': {'inline_keyboard': [[{'callback_data': 'confirm_del_1', 'text': "Ha, o'chirish ✅"}], [{'callback_data': 'cat_idx_0', 'text': "Yo'q, bekor qilish ❌"}]]}, 'supergroup_chat_created': False, 'text': "Haqiqatan ham ushbu e'lonni o'chirmoqchimisiz?", 'chat': {'first_name': 'Sirojiddin', 'id': 8270492933, 'type': <ChatType.PRIVATE>, 'username': 'Sirojiddin_Ibn_Baxtiyor'}, 'date': 1781717103, 'message_id': 276, 'from': {'first_name': 'Muna Collection test', 'id': 8657142758, 'is_bot': True, 'username': 'fevrallik_noiloj_bot'}}, 'from': {'first_name': 'Sirojiddin', 'id': 8270492933, 'is_bot': False, 'language_code': 'en', 'username': 'Sirojiddin_Ibn_Baxtiyor'}}, 'update_id': 63033029}
2026-06-17 22:25:10,712 - callbacks - INFO - Callback query received: user_id=8270492933, data=confirm_del_1
2026-06-17 22:25:10,897 - httpx - INFO - HTTP Request: POST https://api.telegram.org/bot8657142758:AAGUQRm-T_ITFafMBJHzhBNQ2ZhjhuXQ4oE/getUpdates "HTTP/1.1 409 Conflict"
2026-06-17 22:25:10,898 - telegram.ext.Application - ERROR - No error handlers are registered, logging exception.
Traceback (most recent call last):
  File "/home/sirojiddin/code/Munacollection/venv/lib/python3.13/site-packages/telegram/ext/_utils/networkloop.py", line 161, in network_retry_loop
    await do_action()
  File "/home/sirojiddin/code/Munacollection/venv/lib/python3.13/site-packages/telegram/ext/_utils/networkloop.py", line 154, in do_action
    action_cb_task.result()
    ~~~~~~~~~~~~~~~~~~~~~^^
  File "/home/sirojiddin/code/Munacollection/venv/lib/python3.13/site-packages/telegram/ext/_updater.py", line 340, in polling_action_cb
    updates = await self.bot.get_updates(
              ^^^^^^^^^^^^^^^^^^^^^^^^^^^
    ...<3 lines>...
    )
    ^
  File "/home/sirojiddin/code/Munacollection/venv/lib/python3.13/site-packages/telegram/ext/_extbot.py", line 680, in get_updates
    updates = await super().get_updates(
              ^^^^^^^^^^^^^^^^^^^^^^^^^^
    ...<9 lines>...
    )
    ^
  File "/home/sirojiddin/code/Munacollection/venv/lib/python3.13/site-packages/telegram/_bot.py", line 4767, in get_updates
    await self._post(
    ^^^^^^^^^^^^^^^^^
    ...<7 lines>...
    ),
    ^
  File "/home/sirojiddin/code/Munacollection/venv/lib/python3.13/site-packages/telegram/_bot.py", line 712, in _post
    return await self._do_post(
           ^^^^^^^^^^^^^^^^^^^^
    ...<6 lines>...
    )
    ^
  File "/home/sirojiddin/code/Munacollection/venv/lib/python3.13/site-packages/telegram/ext/_extbot.py", line 378, in _do_post
    return await super()._do_post(
           ^^^^^^^^^^^^^^^^^^^^^^^
    ...<6 lines>...
    )
    ^
  File "/home/sirojiddin/code/Munacollection/venv/lib/python3.13/site-packages/telegram/_bot.py", line 741, in _do_post
    result = await request.post(
             ^^^^^^^^^^^^^^^^^^^
    ...<6 lines>...
    )
    ^
  File "/home/sirojiddin/code/Munacollection/venv/lib/python3.13/site-packages/telegram/request/_baserequest.py", line 198, in post
    result = await self._request_wrapper(
             ^^^^^^^^^^^^^^^^^^^^^^^^^^^^
    ...<7 lines>...
    )
    ^
  File "/home/sirojiddin/code/Munacollection/venv/lib/python3.13/site-packages/telegram/request/_baserequest.py", line 375, in _request_wrapper
    raise exception
telegram.error.Conflict: Conflict: terminated by other getUpdates request; make sure that only one bot instance is running
2026-06-17 22:25:11,188 - httpx - INFO - HTTP Request: POST https://api.telegram.org/bot8657142758:AAGUQRm-T_ITFafMBJHzhBNQ2ZhjhuXQ4oE/deleteMessage "HTTP/1.1 200 OK"
2026-06-17 22:25:11,339 - httpx - INFO - HTTP Request: POST https://api.telegram.org/bot8657142758:AAGUQRm-T_ITFafMBJHzhBNQ2ZhjhuXQ4oE/answerCallbackQuery "HTTP/1.1 200 OK"
2026-06-17 22:25:11,471 - httpx - INFO - HTTP Request: POST https://api.telegram.org/bot8657142758:AAGUQRm-T_ITFafMBJHzhBNQ2ZhjhuXQ4oE/deleteMessage "HTTP/1.1 200 OK"
2026-06-17 22:25:11,621 - httpx - INFO - HTTP Request: POST https://api.telegram.org/bot8657142758:AAGUQRm-T_ITFafMBJHzhBNQ2ZhjhuXQ4oE/deleteMessage "HTTP/1.1 200 OK"
2026-06-17 22:25:11,803 - httpx - INFO - HTTP Request: POST https://api.telegram.org/bot8657142758:AAGUQRm-T_ITFafMBJHzhBNQ2ZhjhuXQ4oE/sendMediaGroup "HTTP/1.1 200 OK"
2026-06-17 22:25:11,981 - httpx - INFO - HTTP Request: POST https://api.telegram.org/bot8657142758:AAGUQRm-T_ITFafMBJHzhBNQ2ZhjhuXQ4oE/sendMessage "HTTP/1.1 200 OK"
2026-06-17 22:25:15,042 - httpx - INFO - HTTP Request: POST https://api.telegram.org/bot8657142758:AAGUQRm-T_ITFafMBJHzhBNQ2ZhjhuXQ4oE/getUpdates "HTTP/1.1 409 Conflict"
2026-06-17 22:25:15,044 - telegram.ext.Application - ERROR - No error handlers are registered, logging exception.
Traceback (most recent call last):
  File "/home/sirojiddin/code/Munacollection/venv/lib/python3.13/site-packages/telegram/ext/_utils/networkloop.py", line 161, in network_retry_loop
    await do_action()
  File "/home/sirojiddin/code/Munacollection/venv/lib/python3.13/site-packages/telegram/ext/_utils/networkloop.py", line 154, in do_action
    action_cb_task.result()
    ~~~~~~~~~~~~~~~~~~~~~^^
  File "/home/sirojiddin/code/Munacollection/venv/lib/python3.13/site-packages/telegram/ext/_updater.py", line 340, in polling_action_cb
    updates = await self.bot.get_updates(
              ^^^^^^^^^^^^^^^^^^^^^^^^^^^
    ...<3 lines>...
    )
    ^
  File "/home/sirojiddin/code/Munacollection/venv/lib/python3.13/site-packages/telegram/ext/_extbot.py", line 680, in get_updates
    updates = await super().get_updates(
              ^^^^^^^^^^^^^^^^^^^^^^^^^^
    ...<9 lines>...
    )
    ^
  File "/home/sirojiddin/code/Munacollection/venv/lib/python3.13/site-packages/telegram/_bot.py", line 4767, in get_updates
    await self._post(
    ^^^^^^^^^^^^^^^^^
    ...<7 lines>...
    ),
    ^
  File "/home/sirojiddin/code/Munacollection/venv/lib/python3.13/site-packages/telegram/_bot.py", line 712, in _post
    return await self._do_post(
           ^^^^^^^^^^^^^^^^^^^^
    ...<6 lines>...
    )
    ^
  File "/home/sirojiddin/code/Munacollection/venv/lib/python3.13/site-packages/telegram/ext/_extbot.py", line 378, in _do_post
    return await super()._do_post(
           ^^^^^^^^^^^^^^^^^^^^^^^
    ...<6 lines>...
    )
    ^
  File "/home/sirojiddin/code/Munacollection/venv/lib/python3.13/site-packages/telegram/_bot.py", line 741, in _do_post
    result = await request.post(
             ^^^^^^^^^^^^^^^^^^^
    ...<6 lines>...
    )
    ^
  File "/home/sirojiddin/code/Munacollection/venv/lib/python3.13/site-packages/telegram/request/_baserequest.py", line 198, in post
    result = await self._request_wrapper(
             ^^^^^^^^^^^^^^^^^^^^^^^^^^^^
    ...<7 lines>...
    )
    ^
  File "/home/sirojiddin/code/Munacollection/venv/lib/python3.13/site-packages/telegram/request/_baserequest.py", line 375, in _request_wrapper
    raise exception
telegram.error.Conflict: Conflict: terminated by other getUpdates request; make sure that only one bot instance is running
2026-06-17 22:25:21,755 - httpx - INFO - HTTP Request: POST https://api.telegram.org/bot8657142758:AAGUQRm-T_ITFafMBJHzhBNQ2ZhjhuXQ4oE/getUpdates "HTTP/1.1 200 OK"
2026-06-17 22:25:21,757 - messages - INFO - RAW UPDATE: {'message': {'channel_chat_created': False, 'delete_chat_photo': False, 'group_chat_created': False, 'supergroup_chat_created': False, 'text': 'Karta Raqami 💳', 'chat': {'first_name': 'Sirojiddin', 'id': 8270492933, 'type': <ChatType.PRIVATE>, 'username': 'Sirojiddin_Ibn_Baxtiyor'}, 'date': 1781717121, 'message_id': 281, 'from': {'first_name': 'Sirojiddin', 'id': 8270492933, 'is_bot': False, 'language_code': 'en', 'username': 'Sirojiddin_Ibn_Baxtiyor'}}, 'update_id': 63033030}
2026-06-17 22:25:21,758 - messages - INFO - Message received from user_id=8270492933: state=None, text=Karta Raqami 💳
2026-06-17 22:25:22,169 - httpx - INFO - HTTP Request: POST https://api.telegram.org/bot8657142758:AAGUQRm-T_ITFafMBJHzhBNQ2ZhjhuXQ4oE/sendMessage "HTTP/1.1 200 OK"
2026-06-17 22:25:25,214 - httpx - INFO - HTTP Request: POST https://api.telegram.org/bot8657142758:AAGUQRm-T_ITFafMBJHzhBNQ2ZhjhuXQ4oE/getUpdates "HTTP/1.1 200 OK"
2026-06-17 22:25:25,217 - messages - INFO - RAW UPDATE: {'message': {'channel_chat_created': False, 'delete_chat_photo': False, 'group_chat_created': False, 'supergroup_chat_created': False, 'text': 'Statistika 📊', 'chat': {'first_name': 'Sirojiddin', 'id': 8270492933, 'type': <ChatType.PRIVATE>, 'username': 'Sirojiddin_Ibn_Baxtiyor'}, 'date': 1781717125, 'message_id': 283, 'from': {'first_name': 'Sirojiddin', 'id': 8270492933, 'is_bot': False, 'language_code': 'en', 'username': 'Sirojiddin_Ibn_Baxtiyor'}}, 'update_id': 63033031}
2026-06-17 22:25:25,218 - messages - INFO - Message received from user_id=8270492933: state=None, text=Statistika 📊
2026-06-17 22:25:25,382 - httpx - INFO - HTTP Request: POST https://api.telegram.org/bot8657142758:AAGUQRm-T_ITFafMBJHzhBNQ2ZhjhuXQ4oE/sendMessage "HTTP/1.1 200 OK"
2026-06-17 22:25:26,892 - httpx - INFO - HTTP Request: POST https://api.telegram.org/bot8657142758:AAGUQRm-T_ITFafMBJHzhBNQ2ZhjhuXQ4oE/getUpdates "HTTP/1.1 409 Conflict"
2026-06-17 22:25:26,893 - telegram.ext.Application - ERROR - No error handlers are registered, logging exception.
Traceback (most recent call last):
  File "/home/sirojiddin/code/Munacollection/venv/lib/python3.13/site-packages/telegram/ext/_utils/networkloop.py", line 161, in network_retry_loop
    await do_action()
  File "/home/sirojiddin/code/Munacollection/venv/lib/python3.13/site-packages/telegram/ext/_utils/networkloop.py", line 154, in do_action
    action_cb_task.result()
    ~~~~~~~~~~~~~~~~~~~~~^^
  File "/home/sirojiddin/code/Munacollection/venv/lib/python3.13/site-packages/telegram/ext/_updater.py", line 340, in polling_action_cb
    updates = await self.bot.get_updates(
              ^^^^^^^^^^^^^^^^^^^^^^^^^^^
    ...<3 lines>...
    )
    ^
  File "/home/sirojiddin/code/Munacollection/venv/lib/python3.13/site-packages/telegram/ext/_extbot.py", line 680, in get_updates
    updates = await super().get_updates(
              ^^^^^^^^^^^^^^^^^^^^^^^^^^
    ...<9 lines>...
    )
    ^
  File "/home/sirojiddin/code/Munacollection/venv/lib/python3.13/site-packages/telegram/_bot.py", line 4767, in get_updates
    await self._post(
    ^^^^^^^^^^^^^^^^^
    ...<7 lines>...
    ),
    ^
  File "/home/sirojiddin/code/Munacollection/venv/lib/python3.13/site-packages/telegram/_bot.py", line 712, in _post
    return await self._do_post(
           ^^^^^^^^^^^^^^^^^^^^
    ...<6 lines>...
    )
    ^
  File "/home/sirojiddin/code/Munacollection/venv/lib/python3.13/site-packages/telegram/ext/_extbot.py", line 378, in _do_post
    return await super()._do_post(
           ^^^^^^^^^^^^^^^^^^^^^^^
    ...<6 lines>...
    )
    ^
  File "/home/sirojiddin/code/Munacollection/venv/lib/python3.13/site-packages/telegram/_bot.py", line 741, in _do_post
    result = await request.post(
             ^^^^^^^^^^^^^^^^^^^
    ...<6 lines>...
    )
    ^
  File "/home/sirojiddin/code/Munacollection/venv/lib/python3.13/site-packages/telegram/request/_baserequest.py", line 198, in post
    result = await self._request_wrapper(
             ^^^^^^^^^^^^^^^^^^^^^^^^^^^^
    ...<7 lines>...
    )
    ^
  File "/home/sirojiddin/code/Munacollection/venv/lib/python3.13/site-packages/telegram/request/_baserequest.py", line 375, in _request_wrapper
    raise exception
telegram.error.Conflict: Conflict: terminated by other getUpdates request; make sure that only one bot instance is running
2026-06-17 22:25:31,121 - httpx - INFO - HTTP Request: POST https://api.telegram.org/bot8657142758:AAGUQRm-T_ITFafMBJHzhBNQ2ZhjhuXQ4oE/getUpdates "HTTP/1.1 409 Conflict"
2026-06-17 22:25:31,122 - telegram.ext.Application - ERROR - No error handlers are registered, logging exception.
Traceback (most recent call last):
  File "/home/sirojiddin/code/Munacollection/venv/lib/python3.13/site-packages/telegram/ext/_utils/networkloop.py", line 161, in network_retry_loop
    await do_action()
  File "/home/sirojiddin/code/Munacollection/venv/lib/python3.13/site-packages/telegram/ext/_utils/networkloop.py", line 154, in do_action
    action_cb_task.result()
    ~~~~~~~~~~~~~~~~~~~~~^^
  File "/home/sirojiddin/code/Munacollection/venv/lib/python3.13/site-packages/telegram/ext/_updater.py", line 340, in polling_action_cb
    updates = await self.bot.get_updates(
              ^^^^^^^^^^^^^^^^^^^^^^^^^^^
    ...<3 lines>...
    )
    ^
  File "/home/sirojiddin/code/Munacollection/venv/lib/python3.13/site-packages/telegram/ext/_extbot.py", line 680, in get_updates
    updates = await super().get_updates(
              ^^^^^^^^^^^^^^^^^^^^^^^^^^
    ...<9 lines>...
    )
    ^
  File "/home/sirojiddin/code/Munacollection/venv/lib/python3.13/site-packages/telegram/_bot.py", line 4767, in get_updates
    await self._post(
    ^^^^^^^^^^^^^^^^^
    ...<7 lines>...
    ),
    ^
  File "/home/sirojiddin/code/Munacollection/venv/lib/python3.13/site-packages/telegram/_bot.py", line 712, in _post
    return await self._do_post(
           ^^^^^^^^^^^^^^^^^^^^
    ...<6 lines>...
    )
    ^
  File "/home/sirojiddin/code/Munacollection/venv/lib/python3.13/site-packages/telegram/ext/_extbot.py", line 378, in _do_post
    return await super()._do_post(
           ^^^^^^^^^^^^^^^^^^^^^^^
    ...<6 lines>...
    )
    ^
  File "/home/sirojiddin/code/Munacollection/venv/lib/python3.13/site-packages/telegram/_bot.py", line 741, in _do_post
    result = await request.post(
             ^^^^^^^^^^^^^^^^^^^
    ...<6 lines>...
    )
    ^
  File "/home/sirojiddin/code/Munacollection/venv/lib/python3.13/site-packages/telegram/request/_baserequest.py", line 198, in post
    result = await self._request_wrapper(
             ^^^^^^^^^^^^^^^^^^^^^^^^^^^^
    ...<7 lines>...
    )
    ^
  File "/home/sirojiddin/code/Munacollection/venv/lib/python3.13/site-packages/telegram/request/_baserequest.py", line 375, in _request_wrapper
    raise exception
telegram.error.Conflict: Conflict: terminated by other getUpdates request; make sure that only one bot instance is running
2026-06-17 22:25:38,087 - httpx - INFO - HTTP Request: POST https://api.telegram.org/bot8657142758:AAGUQRm-T_ITFafMBJHzhBNQ2ZhjhuXQ4oE/getUpdates "HTTP/1.1 200 OK"
2026-06-17 22:25:48,265 - httpx - INFO - HTTP Request: POST https://api.telegram.org/bot8657142758:AAGUQRm-T_ITFafMBJHzhBNQ2ZhjhuXQ4oE/getUpdates "HTTP/1.1 200 OK"
2026-06-17 22:25:49,424 - httpx - INFO - HTTP Request: POST https://api.telegram.org/bot8657142758:AAGUQRm-T_ITFafMBJHzhBNQ2ZhjhuXQ4oE/getUpdates "HTTP/1.1 200 OK"
2026-06-17 22:25:49,425 - telegram.ext.Application - INFO - Application is stopping. This might take a moment.
2026-06-17 22:25:49,426 - telegram.ext.Application - INFO - Application.stop() complete
2026-06-17 22:25:58,466 - httpx - INFO - HTTP Request: POST https://api.telegram.org/bot8657142758:AAGUQRm-T_ITFafMBJHzhBNQ2ZhjhuXQ4oE/getUpdates "HTTP/1.1 200 OK"
2026-06-17 22:26:08,612 - httpx - INFO - HTTP Request: POST https://api.telegram.org/bot8657142758:AAGUQRm-T_ITFafMBJHzhBNQ2ZhjhuXQ4oE/getUpdates "HTTP/1.1 200 OK"
2026-06-17 22:26:18,759 - httpx - INFO - HTTP Request: POST https://api.telegram.org/bot8657142758:AAGUQRm-T_ITFafMBJHzhBNQ2ZhjhuXQ4oE/getUpdates "HTTP/1.1 200 OK"
2026-06-17 22:27:18,285 - httpx - INFO - HTTP Request: POST https://api.telegram.org/bot8657142758:AAGUQRm-T_ITFafMBJHzhBNQ2ZhjhuXQ4oE/getMe "HTTP/1.1 200 OK"
2026-06-17 22:27:18,419 - httpx - INFO - HTTP Request: POST https://api.telegram.org/bot8657142758:AAGUQRm-T_ITFafMBJHzhBNQ2ZhjhuXQ4oE/deleteWebhook "HTTP/1.1 200 OK"
2026-06-17 22:27:18,421 - telegram.ext.Application - INFO - Application started
2026-06-17 22:27:21,768 - httpx - INFO - HTTP Request: POST https://api.telegram.org/bot8657142758:AAGUQRm-T_ITFafMBJHzhBNQ2ZhjhuXQ4oE/getUpdates "HTTP/1.1 200 OK"
2026-06-17 22:27:21,771 - messages - INFO - RAW UPDATE: {'message': {'channel_chat_created': False, 'delete_chat_photo': False, 'group_chat_created': False, 'supergroup_chat_created': False, 'text': 'Bozor 🛍', 'chat': {'first_name': 'Sirojiddin', 'id': 8270492933, 'type': <ChatType.PRIVATE>, 'username': 'Sirojiddin_Ibn_Baxtiyor'}, 'date': 1781717241, 'message_id': 285, 'from': {'first_name': 'Sirojiddin', 'id': 8270492933, 'is_bot': False, 'language_code': 'en', 'username': 'Sirojiddin_Ibn_Baxtiyor'}}, 'update_id': 63033032}
2026-06-17 22:27:21,772 - messages - INFO - Message received from user_id=8270492933: state=None, text=Bozor 🛍
2026-06-17 22:27:21,959 - httpx - INFO - HTTP Request: POST https://api.telegram.org/bot8657142758:AAGUQRm-T_ITFafMBJHzhBNQ2ZhjhuXQ4oE/sendMediaGroup "HTTP/1.1 200 OK"
2026-06-17 22:27:22,116 - httpx - INFO - HTTP Request: POST https://api.telegram.org/bot8657142758:AAGUQRm-T_ITFafMBJHzhBNQ2ZhjhuXQ4oE/sendMessage "HTTP/1.1 200 OK"
2026-06-17 22:27:24,103 - httpx - INFO - HTTP Request: POST https://api.telegram.org/bot8657142758:AAGUQRm-T_ITFafMBJHzhBNQ2ZhjhuXQ4oE/getUpdates "HTTP/1.1 200 OK"
2026-06-17 22:27:24,105 - messages - INFO - RAW UPDATE: {'callback_query': {'chat_instance': '3000672466049168352', 'data': 'cat_idx_1', 'id': '7851380558555178689', 'message': {'channel_chat_created': False, 'delete_chat_photo': False, 'entities': [{'length': 21, 'offset': 3, 'type': <MessageEntityType.BOLD>}], 'group_chat_created': False, 'reply_markup': {'inline_keyboard': [[{'callback_data': 'buy_prod_3', 'text': 'Sotib olish 💳'}], [{'callback_data': 'noop', 'text': '1/2'}, {'callback_data': 'cat_idx_1', 'text': 'Keyingi Mahsulot ➡️'}], [{'callback_data': 'admin_edit_3', 'text': 'Tahrirlash ✏️'}, {'callback_data': 'admin_del_3', 'text': "O'chirish ❌"}]]}, 'supergroup_chat_created': False, 'text': '🛍 Bozor mahsuloti (1/2)\n\n📍 Kelish joyi: xitoy\n⏱ Kelish muddati: 90kun\n💵 Narxi: 1mlrd\n📝 Izoh: balo', 'chat': {'first_name': 'Sirojiddin', 'id': 8270492933, 'type': <ChatType.PRIVATE>, 'username': 'Sirojiddin_Ibn_Baxtiyor'}, 'date': 1781717242, 'message_id': 289, 'from': {'first_name': 'Muna Collection test', 'id': 8657142758, 'is_bot': True, 'username': 'fevrallik_noiloj_bot'}}, 'from': {'first_name': 'Sirojiddin', 'id': 8270492933, 'is_bot': False, 'language_code': 'en', 'username': 'Sirojiddin_Ibn_Baxtiyor'}}, 'update_id': 63033033}
2026-06-17 22:27:24,106 - callbacks - INFO - Callback query received: user_id=8270492933, data=cat_idx_1
2026-06-17 22:27:24,283 - httpx - INFO - HTTP Request: POST https://api.telegram.org/bot8657142758:AAGUQRm-T_ITFafMBJHzhBNQ2ZhjhuXQ4oE/deleteMessage "HTTP/1.1 200 OK"
2026-06-17 22:27:24,456 - httpx - INFO - HTTP Request: POST https://api.telegram.org/bot8657142758:AAGUQRm-T_ITFafMBJHzhBNQ2ZhjhuXQ4oE/deleteMessage "HTTP/1.1 200 OK"
2026-06-17 22:27:24,597 - httpx - INFO - HTTP Request: POST https://api.telegram.org/bot8657142758:AAGUQRm-T_ITFafMBJHzhBNQ2ZhjhuXQ4oE/deleteMessage "HTTP/1.1 200 OK"
2026-06-17 22:27:24,734 - httpx - INFO - HTTP Request: POST https://api.telegram.org/bot8657142758:AAGUQRm-T_ITFafMBJHzhBNQ2ZhjhuXQ4oE/deleteMessage "HTTP/1.1 200 OK"
2026-06-17 22:27:24,943 - httpx - INFO - HTTP Request: POST https://api.telegram.org/bot8657142758:AAGUQRm-T_ITFafMBJHzhBNQ2ZhjhuXQ4oE/sendMediaGroup "HTTP/1.1 200 OK"
2026-06-17 22:27:25,106 - httpx - INFO - HTTP Request: POST https://api.telegram.org/bot8657142758:AAGUQRm-T_ITFafMBJHzhBNQ2ZhjhuXQ4oE/sendMessage "HTTP/1.1 200 OK"
2026-06-17 22:27:29,524 - httpx - INFO - HTTP Request: POST https://api.telegram.org/bot8657142758:AAGUQRm-T_ITFafMBJHzhBNQ2ZhjhuXQ4oE/getUpdates "HTTP/1.1 200 OK"
2026-06-17 22:27:29,526 - messages - INFO - RAW UPDATE: {'message': {'channel_chat_created': False, 'delete_chat_photo': False, 'group_chat_created': False, 'supergroup_chat_created': False, 'text': 'Buyurtmalar 📝', 'chat': {'first_name': 'Sirojiddin', 'id': 8270492933, 'type': <ChatType.PRIVATE>, 'username': 'Sirojiddin_Ibn_Baxtiyor'}, 'date': 1781717249, 'message_id': 294, 'from': {'first_name': 'Sirojiddin', 'id': 8270492933, 'is_bot': False, 'language_code': 'en', 'username': 'Sirojiddin_Ibn_Baxtiyor'}}, 'update_id': 63033034}
2026-06-17 22:27:29,527 - messages - INFO - Message received from user_id=8270492933: state=None, text=Buyurtmalar 📝
2026-06-17 22:27:29,801 - httpx - INFO - HTTP Request: POST https://api.telegram.org/bot8657142758:AAGUQRm-T_ITFafMBJHzhBNQ2ZhjhuXQ4oE/sendMessage "HTTP/1.1 200 OK"
2026-06-17 22:27:39,672 - httpx - INFO - HTTP Request: POST https://api.telegram.org/bot8657142758:AAGUQRm-T_ITFafMBJHzhBNQ2ZhjhuXQ4oE/getUpdates "HTTP/1.1 200 OK"
2026-06-17 22:27:49,849 - httpx - INFO - HTTP Request: POST https://api.telegram.org/bot8657142758:AAGUQRm-T_ITFafMBJHzhBNQ2ZhjhuXQ4oE/getUpdates "HTTP/1.1 200 OK"
2026-06-17 22:27:59,997 - httpx - INFO - HTTP Request: POST https://api.telegram.org/bot8657142758:AAGUQRm-T_ITFafMBJHzhBNQ2ZhjhuXQ4oE/getUpdates "HTTP/1.1 200 OK"
2026-06-17 22:28:10,173 - httpx - INFO - HTTP Request: POST https://api.telegram.org/bot8657142758:AAGUQRm-T_ITFafMBJHzhBNQ2ZhjhuXQ4oE/getUpdates "HTTP/1.1 200 OK"
2026-06-17 22:28:20,346 - httpx - INFO - HTTP Request: POST https://api.telegram.org/bot8657142758:AAGUQRm-T_ITFafMBJHzhBNQ2ZhjhuXQ4oE/getUpdates "HTTP/1.1 200 OK"
2026-06-17 22:28:30,521 - httpx - INFO - HTTP Request: POST https://api.telegram.org/bot8657142758:AAGUQRm-T_ITFafMBJHzhBNQ2ZhjhuXQ4oE/getUpdates "HTTP/1.1 200 OK"
2026-06-17 22:28:40,666 - httpx - INFO - HTTP Request: POST https://api.telegram.org/bot8657142758:AAGUQRm-T_ITFafMBJHzhBNQ2ZhjhuXQ4oE/getUpdates "HTTP/1.1 200 OK"
2026-06-17 22:28:50,802 - httpx - INFO - HTTP Request: POST https://api.telegram.org/bot8657142758:AAGUQRm-T_ITFafMBJHzhBNQ2ZhjhuXQ4oE/getUpdates "HTTP/1.1 200 OK"
2026-06-17 22:29:00,936 - httpx - INFO - HTTP Request: POST https://api.telegram.org/bot8657142758:AAGUQRm-T_ITFafMBJHzhBNQ2ZhjhuXQ4oE/getUpdates "HTTP/1.1 200 OK"
2026-06-17 22:29:11,077 - httpx - INFO - HTTP Request: POST https://api.telegram.org/bot8657142758:AAGUQRm-T_ITFafMBJHzhBNQ2ZhjhuXQ4oE/getUpdates "HTTP/1.1 200 OK"
2026-06-17 22:29:21,203 - httpx - INFO - HTTP Request: POST https://api.telegram.org/bot8657142758:AAGUQRm-T_ITFafMBJHzhBNQ2ZhjhuXQ4oE/getUpdates "HTTP/1.1 200 OK"
2026-06-17 22:29:31,321 - httpx - INFO - HTTP Request: POST https://api.telegram.org/bot8657142758:AAGUQRm-T_ITFafMBJHzhBNQ2ZhjhuXQ4oE/getUpdates "HTTP/1.1 200 OK"
2026-06-17 22:29:41,442 - httpx - INFO - HTTP Request: POST https://api.telegram.org/bot8657142758:AAGUQRm-T_ITFafMBJHzhBNQ2ZhjhuXQ4oE/getUpdates "HTTP/1.1 200 OK"
2026-06-17 22:29:51,565 - httpx - INFO - HTTP Request: POST https://api.telegram.org/bot8657142758:AAGUQRm-T_ITFafMBJHzhBNQ2ZhjhuXQ4oE/getUpdates "HTTP/1.1 200 OK"
2026-06-17 22:30:01,747 - httpx - INFO - HTTP Request: POST https://api.telegram.org/bot8657142758:AAGUQRm-T_ITFafMBJHzhBNQ2ZhjhuXQ4oE/getUpdates "HTTP/1.1 200 OK"
2026-06-17 22:30:11,883 - httpx - INFO - HTTP Request: POST https://api.telegram.org/bot8657142758:AAGUQRm-T_ITFafMBJHzhBNQ2ZhjhuXQ4oE/getUpdates "HTTP/1.1 200 OK"
2026-06-17 22:30:22,048 - httpx - INFO - HTTP Request: POST https://api.telegram.org/bot8657142758:AAGUQRm-T_ITFafMBJHzhBNQ2ZhjhuXQ4oE/getUpdates "HTTP/1.1 200 OK"
2026-06-17 22:30:32,184 - httpx - INFO - HTTP Request: POST https://api.telegram.org/bot8657142758:AAGUQRm-T_ITFafMBJHzhBNQ2ZhjhuXQ4oE/getUpdates "HTTP/1.1 200 OK"
2026-06-17 22:30:42,346 - httpx - INFO - HTTP Request: POST https://api.telegram.org/bot8657142758:AAGUQRm-T_ITFafMBJHzhBNQ2ZhjhuXQ4oE/getUpdates "HTTP/1.1 200 OK"
2026-06-17 22:30:52,533 - httpx - INFO - HTTP Request: POST https://api.telegram.org/bot8657142758:AAGUQRm-T_ITFafMBJHzhBNQ2ZhjhuXQ4oE/getUpdates "HTTP/1.1 200 OK"
2026-06-17 22:31:02,705 - httpx - INFO - HTTP Request: POST https://api.telegram.org/bot8657142758:AAGUQRm-T_ITFafMBJHzhBNQ2ZhjhuXQ4oE/getUpdates "HTTP/1.1 200 OK"
2026-06-17 22:31:12,897 - httpx - INFO - HTTP Request: POST https://api.telegram.org/bot8657142758:AAGUQRm-T_ITFafMBJHzhBNQ2ZhjhuXQ4oE/getUpdates "HTTP/1.1 200 OK"
2026-06-17 22:31:23,066 - httpx - INFO - HTTP Request: POST https://api.telegram.org/bot8657142758:AAGUQRm-T_ITFafMBJHzhBNQ2ZhjhuXQ4oE/getUpdates "HTTP/1.1 200 OK"
2026-06-17 22:31:33,246 - httpx - INFO - HTTP Request: POST https://api.telegram.org/bot8657142758:AAGUQRm-T_ITFafMBJHzhBNQ2ZhjhuXQ4oE/getUpdates "HTTP/1.1 200 OK"
2026-06-17 22:31:43,401 - httpx - INFO - HTTP Request: POST https://api.telegram.org/bot8657142758:AAGUQRm-T_ITFafMBJHzhBNQ2ZhjhuXQ4oE/getUpdates "HTTP/1.1 200 OK"
2026-06-17 22:31:53,577 - httpx - INFO - HTTP Request: POST https://api.telegram.org/bot8657142758:AAGUQRm-T_ITFafMBJHzhBNQ2ZhjhuXQ4oE/getUpdates "HTTP/1.1 200 OK"
2026-06-17 22:32:03,746 - httpx - INFO - HTTP Request: POST https://api.telegram.org/bot8657142758:AAGUQRm-T_ITFafMBJHzhBNQ2ZhjhuXQ4oE/getUpdates "HTTP/1.1 200 OK"
2026-06-17 22:32:13,937 - httpx - INFO - HTTP Request: POST https://api.telegram.org/bot8657142758:AAGUQRm-T_ITFafMBJHzhBNQ2ZhjhuXQ4oE/getUpdates "HTTP/1.1 200 OK"
2026-06-17 22:32:24,084 - httpx - INFO - HTTP Request: POST https://api.telegram.org/bot8657142758:AAGUQRm-T_ITFafMBJHzhBNQ2ZhjhuXQ4oE/getUpdates "HTTP/1.1 200 OK"
2026-06-17 22:32:34,249 - httpx - INFO - HTTP Request: POST https://api.telegram.org/bot8657142758:AAGUQRm-T_ITFafMBJHzhBNQ2ZhjhuXQ4oE/getUpdates "HTTP/1.1 200 OK"
2026-06-17 22:32:44,429 - httpx - INFO - HTTP Request: POST https://api.telegram.org/bot8657142758:AAGUQRm-T_ITFafMBJHzhBNQ2ZhjhuXQ4oE/getUpdates "HTTP/1.1 200 OK"
2026-06-17 22:32:54,611 - httpx - INFO - HTTP Request: POST https://api.telegram.org/bot8657142758:AAGUQRm-T_ITFafMBJHzhBNQ2ZhjhuXQ4oE/getUpdates "HTTP/1.1 200 OK"
2026-06-17 22:33:04,769 - httpx - INFO - HTTP Request: POST https://api.telegram.org/bot8657142758:AAGUQRm-T_ITFafMBJHzhBNQ2ZhjhuXQ4oE/getUpdates "HTTP/1.1 200 OK"
2026-06-17 22:33:14,912 - httpx - INFO - HTTP Request: POST https://api.telegram.org/bot8657142758:AAGUQRm-T_ITFafMBJHzhBNQ2ZhjhuXQ4oE/getUpdates "HTTP/1.1 200 OK"
2026-06-17 22:33:25,076 - httpx - INFO - HTTP Request: POST https://api.telegram.org/bot8657142758:AAGUQRm-T_ITFafMBJHzhBNQ2ZhjhuXQ4oE/getUpdates "HTTP/1.1 200 OK"
2026-06-17 22:33:35,250 - httpx - INFO - HTTP Request: POST https://api.telegram.org/bot8657142758:AAGUQRm-T_ITFafMBJHzhBNQ2ZhjhuXQ4oE/getUpdates "HTTP/1.1 200 OK"
2026-06-17 22:33:45,395 - httpx - INFO - HTTP Request: POST https://api.telegram.org/bot8657142758:AAGUQRm-T_ITFafMBJHzhBNQ2ZhjhuXQ4oE/getUpdates "HTTP/1.1 200 OK"
2026-06-17 22:33:55,525 - httpx - INFO - HTTP Request: POST https://api.telegram.org/bot8657142758:AAGUQRm-T_ITFafMBJHzhBNQ2ZhjhuXQ4oE/getUpdates "HTTP/1.1 200 OK"
2026-06-17 22:34:05,702 - httpx - INFO - HTTP Request: POST https://api.telegram.org/bot8657142758:AAGUQRm-T_ITFafMBJHzhBNQ2ZhjhuXQ4oE/getUpdates "HTTP/1.1 200 OK"
2026-06-17 22:34:15,880 - httpx - INFO - HTTP Request: POST https://api.telegram.org/bot8657142758:AAGUQRm-T_ITFafMBJHzhBNQ2ZhjhuXQ4oE/getUpdates "HTTP/1.1 200 OK"
2026-06-17 22:34:26,026 - httpx - INFO - HTTP Request: POST https://api.telegram.org/bot8657142758:AAGUQRm-T_ITFafMBJHzhBNQ2ZhjhuXQ4oE/getUpdates "HTTP/1.1 200 OK"
2026-06-17 22:34:36,145 - httpx - INFO - HTTP Request: POST https://api.telegram.org/bot8657142758:AAGUQRm-T_ITFafMBJHzhBNQ2ZhjhuXQ4oE/getUpdates "HTTP/1.1 200 OK"
2026-06-17 22:34:46,275 - httpx - INFO - HTTP Request: POST https://api.telegram.org/bot8657142758:AAGUQRm-T_ITFafMBJHzhBNQ2ZhjhuXQ4oE/getUpdates "HTTP/1.1 200 OK"
2026-06-17 22:34:56,436 - httpx - INFO - HTTP Request: POST https://api.telegram.org/bot8657142758:AAGUQRm-T_ITFafMBJHzhBNQ2ZhjhuXQ4oE/getUpdates "HTTP/1.1 200 OK"
2026-06-17 22:35:06,582 - httpx - INFO - HTTP Request: POST https://api.telegram.org/bot8657142758:AAGUQRm-T_ITFafMBJHzhBNQ2ZhjhuXQ4oE/getUpdates "HTTP/1.1 200 OK"
2026-06-17 22:35:16,741 - httpx - INFO - HTTP Request: POST https://api.telegram.org/bot8657142758:AAGUQRm-T_ITFafMBJHzhBNQ2ZhjhuXQ4oE/getUpdates "HTTP/1.1 200 OK"
2026-06-17 22:35:26,921 - httpx - INFO - HTTP Request: POST https://api.telegram.org/bot8657142758:AAGUQRm-T_ITFafMBJHzhBNQ2ZhjhuXQ4oE/getUpdates "HTTP/1.1 200 OK"
2026-06-17 22:35:37,096 - httpx - INFO - HTTP Request: POST https://api.telegram.org/bot8657142758:AAGUQRm-T_ITFafMBJHzhBNQ2ZhjhuXQ4oE/getUpdates "HTTP/1.1 200 OK"
2026-06-17 22:35:47,284 - httpx - INFO - HTTP Request: POST https://api.telegram.org/bot8657142758:AAGUQRm-T_ITFafMBJHzhBNQ2ZhjhuXQ4oE/getUpdates "HTTP/1.1 200 OK"
2026-06-17 22:35:58,208 - httpx - INFO - HTTP Request: POST https://api.telegram.org/bot8657142758:AAGUQRm-T_ITFafMBJHzhBNQ2ZhjhuXQ4oE/getUpdates "HTTP/1.1 200 OK"
2026-06-17 22:36:08,348 - httpx - INFO - HTTP Request: POST https://api.telegram.org/bot8657142758:AAGUQRm-T_ITFafMBJHzhBNQ2ZhjhuXQ4oE/getUpdates "HTTP/1.1 200 OK"
2026-06-17 22:36:18,521 - httpx - INFO - HTTP Request: POST https://api.telegram.org/bot8657142758:AAGUQRm-T_ITFafMBJHzhBNQ2ZhjhuXQ4oE/getUpdates "HTTP/1.1 200 OK"
2026-06-17 22:36:28,683 - httpx - INFO - HTTP Request: POST https://api.telegram.org/bot8657142758:AAGUQRm-T_ITFafMBJHzhBNQ2ZhjhuXQ4oE/getUpdates "HTTP/1.1 200 OK"
2026-06-17 22:36:38,873 - httpx - INFO - HTTP Request: POST https://api.telegram.org/bot8657142758:AAGUQRm-T_ITFafMBJHzhBNQ2ZhjhuXQ4oE/getUpdates "HTTP/1.1 200 OK"
2026-06-17 22:36:49,005 - httpx - INFO - HTTP Request: POST https://api.telegram.org/bot8657142758:AAGUQRm-T_ITFafMBJHzhBNQ2ZhjhuXQ4oE/getUpdates "HTTP/1.1 200 OK"
2026-06-17 22:36:59,135 - httpx - INFO - HTTP Request: POST https://api.telegram.org/bot8657142758:AAGUQRm-T_ITFafMBJHzhBNQ2ZhjhuXQ4oE/getUpdates "HTTP/1.1 200 OK"
2026-06-17 22:37:09,262 - httpx - INFO - HTTP Request: POST https://api.telegram.org/bot8657142758:AAGUQRm-T_ITFafMBJHzhBNQ2ZhjhuXQ4oE/getUpdates "HTTP/1.1 200 OK"
2026-06-17 22:37:19,391 - httpx - INFO - HTTP Request: POST https://api.telegram.org/bot8657142758:AAGUQRm-T_ITFafMBJHzhBNQ2ZhjhuXQ4oE/getUpdates "HTTP/1.1 200 OK"
2026-06-17 22:37:29,567 - httpx - INFO - HTTP Request: POST https://api.telegram.org/bot8657142758:AAGUQRm-T_ITFafMBJHzhBNQ2ZhjhuXQ4oE/getUpdates "HTTP/1.1 200 OK"
2026-06-17 22:37:39,752 - httpx - INFO - HTTP Request: POST https://api.telegram.org/bot8657142758:AAGUQRm-T_ITFafMBJHzhBNQ2ZhjhuXQ4oE/getUpdates "HTTP/1.1 200 OK"
2026-06-17 22:37:49,885 - httpx - INFO - HTTP Request: POST https://api.telegram.org/bot8657142758:AAGUQRm-T_ITFafMBJHzhBNQ2ZhjhuXQ4oE/getUpdates "HTTP/1.1 200 OK"
2026-06-17 22:38:00,022 - httpx - INFO - HTTP Request: POST https://api.telegram.org/bot8657142758:AAGUQRm-T_ITFafMBJHzhBNQ2ZhjhuXQ4oE/getUpdates "HTTP/1.1 200 OK"
2026-06-17 22:38:10,216 - httpx - INFO - HTTP Request: POST https://api.telegram.org/bot8657142758:AAGUQRm-T_ITFafMBJHzhBNQ2ZhjhuXQ4oE/getUpdates "HTTP/1.1 200 OK"
2026-06-17 22:38:20,358 - httpx - INFO - HTTP Request: POST https://api.telegram.org/bot8657142758:AAGUQRm-T_ITFafMBJHzhBNQ2ZhjhuXQ4oE/getUpdates "HTTP/1.1 200 OK"
2026-06-17 22:38:30,482 - httpx - INFO - HTTP Request: POST https://api.telegram.org/bot8657142758:AAGUQRm-T_ITFafMBJHzhBNQ2ZhjhuXQ4oE/getUpdates "HTTP/1.1 200 OK"
2026-06-17 22:38:40,608 - httpx - INFO - HTTP Request: POST https://api.telegram.org/bot8657142758:AAGUQRm-T_ITFafMBJHzhBNQ2ZhjhuXQ4oE/getUpdates "HTTP/1.1 200 OK"
2026-06-17 22:38:50,745 - httpx - INFO - HTTP Request: POST https://api.telegram.org/bot8657142758:AAGUQRm-T_ITFafMBJHzhBNQ2ZhjhuXQ4oE/getUpdates "HTTP/1.1 200 OK"
2026-06-17 22:39:00,871 - httpx - INFO - HTTP Request: POST https://api.telegram.org/bot8657142758:AAGUQRm-T_ITFafMBJHzhBNQ2ZhjhuXQ4oE/getUpdates "HTTP/1.1 200 OK"
2026-06-17 22:39:11,000 - httpx - INFO - HTTP Request: POST https://api.telegram.org/bot8657142758:AAGUQRm-T_ITFafMBJHzhBNQ2ZhjhuXQ4oE/getUpdates "HTTP/1.1 200 OK"
2026-06-17 22:39:21,137 - httpx - INFO - HTTP Request: POST https://api.telegram.org/bot8657142758:AAGUQRm-T_ITFafMBJHzhBNQ2ZhjhuXQ4oE/getUpdates "HTTP/1.1 200 OK"
2026-06-17 22:39:31,262 - httpx - INFO - HTTP Request: POST https://api.telegram.org/bot8657142758:AAGUQRm-T_ITFafMBJHzhBNQ2ZhjhuXQ4oE/getUpdates "HTTP/1.1 200 OK"
2026-06-17 22:39:41,384 - httpx - INFO - HTTP Request: POST https://api.telegram.org/bot8657142758:AAGUQRm-T_ITFafMBJHzhBNQ2ZhjhuXQ4oE/getUpdates "HTTP/1.1 200 OK"
2026-06-17 22:39:51,546 - httpx - INFO - HTTP Request: POST https://api.telegram.org/bot8657142758:AAGUQRm-T_ITFafMBJHzhBNQ2ZhjhuXQ4oE/getUpdates "HTTP/1.1 200 OK"
2026-06-17 22:40:01,669 - httpx - INFO - HTTP Request: POST https://api.telegram.org/bot8657142758:AAGUQRm-T_ITFafMBJHzhBNQ2ZhjhuXQ4oE/getUpdates "HTTP/1.1 200 OK"
2026-06-17 22:40:11,793 - httpx - INFO - HTTP Request: POST https://api.telegram.org/bot8657142758:AAGUQRm-T_ITFafMBJHzhBNQ2ZhjhuXQ4oE/getUpdates "HTTP/1.1 200 OK"
2026-06-17 22:40:21,920 - httpx - INFO - HTTP Request: POST https://api.telegram.org/bot8657142758:AAGUQRm-T_ITFafMBJHzhBNQ2ZhjhuXQ4oE/getUpdates "HTTP/1.1 200 OK"
2026-06-17 22:40:32,085 - httpx - INFO - HTTP Request: POST https://api.telegram.org/bot8657142758:AAGUQRm-T_ITFafMBJHzhBNQ2ZhjhuXQ4oE/getUpdates "HTTP/1.1 200 OK"
2026-06-17 22:40:42,258 - httpx - INFO - HTTP Request: POST https://api.telegram.org/bot8657142758:AAGUQRm-T_ITFafMBJHzhBNQ2ZhjhuXQ4oE/getUpdates "HTTP/1.1 200 OK"
2026-06-17 22:40:52,439 - httpx - INFO - HTTP Request: POST https://api.telegram.org/bot8657142758:AAGUQRm-T_ITFafMBJHzhBNQ2ZhjhuXQ4oE/getUpdates "HTTP/1.1 200 OK"
2026-06-17 22:41:02,566 - httpx - INFO - HTTP Request: POST https://api.telegram.org/bot8657142758:AAGUQRm-T_ITFafMBJHzhBNQ2ZhjhuXQ4oE/getUpdates "HTTP/1.1 200 OK"
2026-06-17 22:41:12,689 - httpx - INFO - HTTP Request: POST https://api.telegram.org/bot8657142758:AAGUQRm-T_ITFafMBJHzhBNQ2ZhjhuXQ4oE/getUpdates "HTTP/1.1 200 OK"
2026-06-17 22:41:22,822 - httpx - INFO - HTTP Request: POST https://api.telegram.org/bot8657142758:AAGUQRm-T_ITFafMBJHzhBNQ2ZhjhuXQ4oE/getUpdates "HTTP/1.1 200 OK"
2026-06-17 22:41:32,958 - httpx - INFO - HTTP Request: POST https://api.telegram.org/bot8657142758:AAGUQRm-T_ITFafMBJHzhBNQ2ZhjhuXQ4oE/getUpdates "HTTP/1.1 200 OK"
2026-06-17 22:41:43,126 - httpx - INFO - HTTP Request: POST https://api.telegram.org/bot8657142758:AAGUQRm-T_ITFafMBJHzhBNQ2ZhjhuXQ4oE/getUpdates "HTTP/1.1 200 OK"
2026-06-17 22:41:53,252 - httpx - INFO - HTTP Request: POST https://api.telegram.org/bot8657142758:AAGUQRm-T_ITFafMBJHzhBNQ2ZhjhuXQ4oE/getUpdates "HTTP/1.1 200 OK"
2026-06-17 22:42:03,376 - httpx - INFO - HTTP Request: POST https://api.telegram.org/bot8657142758:AAGUQRm-T_ITFafMBJHzhBNQ2ZhjhuXQ4oE/getUpdates "HTTP/1.1 200 OK"
2026-06-17 22:42:13,541 - httpx - INFO - HTTP Request: POST https://api.telegram.org/bot8657142758:AAGUQRm-T_ITFafMBJHzhBNQ2ZhjhuXQ4oE/getUpdates "HTTP/1.1 200 OK"
2026-06-17 22:42:23,715 - httpx - INFO - HTTP Request: POST https://api.telegram.org/bot8657142758:AAGUQRm-T_ITFafMBJHzhBNQ2ZhjhuXQ4oE/getUpdates "HTTP/1.1 200 OK"
2026-06-17 22:42:33,894 - httpx - INFO - HTTP Request: POST https://api.telegram.org/bot8657142758:AAGUQRm-T_ITFafMBJHzhBNQ2ZhjhuXQ4oE/getUpdates "HTTP/1.1 200 OK"
2026-06-17 22:42:44,604 - httpx - INFO - HTTP Request: POST https://api.telegram.org/bot8657142758:AAGUQRm-T_ITFafMBJHzhBNQ2ZhjhuXQ4oE/getUpdates "HTTP/1.1 200 OK"
2026-06-17 22:42:54,750 - httpx - INFO - HTTP Request: POST https://api.telegram.org/bot8657142758:AAGUQRm-T_ITFafMBJHzhBNQ2ZhjhuXQ4oE/getUpdates "HTTP/1.1 200 OK"
2026-06-17 22:43:04,913 - httpx - INFO - HTTP Request: POST https://api.telegram.org/bot8657142758:AAGUQRm-T_ITFafMBJHzhBNQ2ZhjhuXQ4oE/getUpdates "HTTP/1.1 200 OK"
2026-06-17 22:43:15,082 - httpx - INFO - HTTP Request: POST https://api.telegram.org/bot8657142758:AAGUQRm-T_ITFafMBJHzhBNQ2ZhjhuXQ4oE/getUpdates "HTTP/1.1 200 OK"
2026-06-17 22:43:25,255 - httpx - INFO - HTTP Request: POST https://api.telegram.org/bot8657142758:AAGUQRm-T_ITFafMBJHzhBNQ2ZhjhuXQ4oE/getUpdates "HTTP/1.1 200 OK"
2026-06-17 22:43:35,425 - httpx - INFO - HTTP Request: POST https://api.telegram.org/bot8657142758:AAGUQRm-T_ITFafMBJHzhBNQ2ZhjhuXQ4oE/getUpdates "HTTP/1.1 200 OK"
2026-06-17 22:43:46,047 - httpx - INFO - HTTP Request: POST https://api.telegram.org/bot8657142758:AAGUQRm-T_ITFafMBJHzhBNQ2ZhjhuXQ4oE/getUpdates "HTTP/1.1 200 OK"
2026-06-17 22:43:56,206 - httpx - INFO - HTTP Request: POST https://api.telegram.org/bot8657142758:AAGUQRm-T_ITFafMBJHzhBNQ2ZhjhuXQ4oE/getUpdates "HTTP/1.1 200 OK"
2026-06-17 22:44:06,333 - httpx - INFO - HTTP Request: POST https://api.telegram.org/bot8657142758:AAGUQRm-T_ITFafMBJHzhBNQ2ZhjhuXQ4oE/getUpdates "HTTP/1.1 200 OK"
2026-06-17 22:44:16,499 - httpx - INFO - HTTP Request: POST https://api.telegram.org/bot8657142758:AAGUQRm-T_ITFafMBJHzhBNQ2ZhjhuXQ4oE/getUpdates "HTTP/1.1 200 OK"
2026-06-17 22:44:26,616 - httpx - INFO - HTTP Request: POST https://api.telegram.org/bot8657142758:AAGUQRm-T_ITFafMBJHzhBNQ2ZhjhuXQ4oE/getUpdates "HTTP/1.1 200 OK"
2026-06-17 22:44:36,747 - httpx - INFO - HTTP Request: POST https://api.telegram.org/bot8657142758:AAGUQRm-T_ITFafMBJHzhBNQ2ZhjhuXQ4oE/getUpdates "HTTP/1.1 200 OK"
2026-06-17 22:44:46,917 - httpx - INFO - HTTP Request: POST https://api.telegram.org/bot8657142758:AAGUQRm-T_ITFafMBJHzhBNQ2ZhjhuXQ4oE/getUpdates "HTTP/1.1 200 OK"
2026-06-17 22:44:57,098 - httpx - INFO - HTTP Request: POST https://api.telegram.org/bot8657142758:AAGUQRm-T_ITFafMBJHzhBNQ2ZhjhuXQ4oE/getUpdates "HTTP/1.1 200 OK"
2026-06-17 22:45:07,231 - httpx - INFO - HTTP Request: POST https://api.telegram.org/bot8657142758:AAGUQRm-T_ITFafMBJHzhBNQ2ZhjhuXQ4oE/getUpdates "HTTP/1.1 200 OK"
2026-06-17 22:45:17,394 - httpx - INFO - HTTP Request: POST https://api.telegram.org/bot8657142758:AAGUQRm-T_ITFafMBJHzhBNQ2ZhjhuXQ4oE/getUpdates "HTTP/1.1 200 OK"
2026-06-17 22:45:27,567 - httpx - INFO - HTTP Request: POST https://api.telegram.org/bot8657142758:AAGUQRm-T_ITFafMBJHzhBNQ2ZhjhuXQ4oE/getUpdates "HTTP/1.1 200 OK"
2026-06-17 22:45:37,753 - httpx - INFO - HTTP Request: POST https://api.telegram.org/bot8657142758:AAGUQRm-T_ITFafMBJHzhBNQ2ZhjhuXQ4oE/getUpdates "HTTP/1.1 200 OK"
2026-06-17 22:45:47,932 - httpx - INFO - HTTP Request: POST https://api.telegram.org/bot8657142758:AAGUQRm-T_ITFafMBJHzhBNQ2ZhjhuXQ4oE/getUpdates "HTTP/1.1 200 OK"
2026-06-17 22:45:58,094 - httpx - INFO - HTTP Request: POST https://api.telegram.org/bot8657142758:AAGUQRm-T_ITFafMBJHzhBNQ2ZhjhuXQ4oE/getUpdates "HTTP/1.1 200 OK"
2026-06-17 22:46:08,228 - httpx - INFO - HTTP Request: POST https://api.telegram.org/bot8657142758:AAGUQRm-T_ITFafMBJHzhBNQ2ZhjhuXQ4oE/getUpdates "HTTP/1.1 200 OK"
2026-06-17 22:46:18,395 - httpx - INFO - HTTP Request: POST https://api.telegram.org/bot8657142758:AAGUQRm-T_ITFafMBJHzhBNQ2ZhjhuXQ4oE/getUpdates "HTTP/1.1 200 OK"
2026-06-17 22:46:28,580 - httpx - INFO - HTTP Request: POST https://api.telegram.org/bot8657142758:AAGUQRm-T_ITFafMBJHzhBNQ2ZhjhuXQ4oE/getUpdates "HTTP/1.1 200 OK"
2026-06-17 22:46:38,740 - httpx - INFO - HTTP Request: POST https://api.telegram.org/bot8657142758:AAGUQRm-T_ITFafMBJHzhBNQ2ZhjhuXQ4oE/getUpdates "HTTP/1.1 200 OK"
2026-06-17 22:46:48,916 - httpx - INFO - HTTP Request: POST https://api.telegram.org/bot8657142758:AAGUQRm-T_ITFafMBJHzhBNQ2ZhjhuXQ4oE/getUpdates "HTTP/1.1 200 OK"
2026-06-17 22:46:59,047 - httpx - INFO - HTTP Request: POST https://api.telegram.org/bot8657142758:AAGUQRm-T_ITFafMBJHzhBNQ2ZhjhuXQ4oE/getUpdates "HTTP/1.1 200 OK"
2026-06-17 22:47:09,167 - httpx - INFO - HTTP Request: POST https://api.telegram.org/bot8657142758:AAGUQRm-T_ITFafMBJHzhBNQ2ZhjhuXQ4oE/getUpdates "HTTP/1.1 200 OK"
2026-06-17 22:47:19,287 - httpx - INFO - HTTP Request: POST https://api.telegram.org/bot8657142758:AAGUQRm-T_ITFafMBJHzhBNQ2ZhjhuXQ4oE/getUpdates "HTTP/1.1 200 OK"
2026-06-17 22:47:29,433 - httpx - INFO - HTTP Request: POST https://api.telegram.org/bot8657142758:AAGUQRm-T_ITFafMBJHzhBNQ2ZhjhuXQ4oE/getUpdates "HTTP/1.1 200 OK"
2026-06-17 22:47:39,606 - httpx - INFO - HTTP Request: POST https://api.telegram.org/bot8657142758:AAGUQRm-T_ITFafMBJHzhBNQ2ZhjhuXQ4oE/getUpdates "HTTP/1.1 200 OK"
2026-06-17 22:47:49,784 - httpx - INFO - HTTP Request: POST https://api.telegram.org/bot8657142758:AAGUQRm-T_ITFafMBJHzhBNQ2ZhjhuXQ4oE/getUpdates "HTTP/1.1 200 OK"
2026-06-17 22:47:59,929 - httpx - INFO - HTTP Request: POST https://api.telegram.org/bot8657142758:AAGUQRm-T_ITFafMBJHzhBNQ2ZhjhuXQ4oE/getUpdates "HTTP/1.1 200 OK"
2026-06-17 22:48:10,352 - httpx - INFO - HTTP Request: POST https://api.telegram.org/bot8657142758:AAGUQRm-T_ITFafMBJHzhBNQ2ZhjhuXQ4oE/getUpdates "HTTP/1.1 200 OK"
2026-06-17 22:48:20,472 - httpx - INFO - HTTP Request: POST https://api.telegram.org/bot8657142758:AAGUQRm-T_ITFafMBJHzhBNQ2ZhjhuXQ4oE/getUpdates "HTTP/1.1 200 OK"
2026-06-17 22:48:30,591 - httpx - INFO - HTTP Request: POST https://api.telegram.org/bot8657142758:AAGUQRm-T_ITFafMBJHzhBNQ2ZhjhuXQ4oE/getUpdates "HTTP/1.1 200 OK"
2026-06-17 22:48:40,749 - httpx - INFO - HTTP Request: POST https://api.telegram.org/bot8657142758:AAGUQRm-T_ITFafMBJHzhBNQ2ZhjhuXQ4oE/getUpdates "HTTP/1.1 200 OK"
2026-06-17 22:48:50,881 - httpx - INFO - HTTP Request: POST https://api.telegram.org/bot8657142758:AAGUQRm-T_ITFafMBJHzhBNQ2ZhjhuXQ4oE/getUpdates "HTTP/1.1 200 OK"
2026-06-17 22:49:01,092 - httpx - INFO - HTTP Request: POST https://api.telegram.org/bot8657142758:AAGUQRm-T_ITFafMBJHzhBNQ2ZhjhuXQ4oE/getUpdates "HTTP/1.1 200 OK"
2026-06-17 22:49:11,263 - httpx - INFO - HTTP Request: POST https://api.telegram.org/bot8657142758:AAGUQRm-T_ITFafMBJHzhBNQ2ZhjhuXQ4oE/getUpdates "HTTP/1.1 200 OK"
2026-06-17 22:49:21,395 - httpx - INFO - HTTP Request: POST https://api.telegram.org/bot8657142758:AAGUQRm-T_ITFafMBJHzhBNQ2ZhjhuXQ4oE/getUpdates "HTTP/1.1 200 OK"
2026-06-17 22:49:31,559 - httpx - INFO - HTTP Request: POST https://api.telegram.org/bot8657142758:AAGUQRm-T_ITFafMBJHzhBNQ2ZhjhuXQ4oE/getUpdates "HTTP/1.1 200 OK"
2026-06-17 22:49:41,752 - httpx - INFO - HTTP Request: POST https://api.telegram.org/bot8657142758:AAGUQRm-T_ITFafMBJHzhBNQ2ZhjhuXQ4oE/getUpdates "HTTP/1.1 200 OK"
2026-06-17 22:49:51,883 - httpx - INFO - HTTP Request: POST https://api.telegram.org/bot8657142758:AAGUQRm-T_ITFafMBJHzhBNQ2ZhjhuXQ4oE/getUpdates "HTTP/1.1 200 OK"
2026-06-17 22:50:02,050 - httpx - INFO - HTTP Request: POST https://api.telegram.org/bot8657142758:AAGUQRm-T_ITFafMBJHzhBNQ2ZhjhuXQ4oE/getUpdates "HTTP/1.1 200 OK"
2026-06-17 22:50:12,208 - httpx - INFO - HTTP Request: POST https://api.telegram.org/bot8657142758:AAGUQRm-T_ITFafMBJHzhBNQ2ZhjhuXQ4oE/getUpdates "HTTP/1.1 200 OK"
2026-06-17 22:50:22,337 - httpx - INFO - HTTP Request: POST https://api.telegram.org/bot8657142758:AAGUQRm-T_ITFafMBJHzhBNQ2ZhjhuXQ4oE/getUpdates "HTTP/1.1 200 OK"
2026-06-17 22:50:32,468 - httpx - INFO - HTTP Request: POST https://api.telegram.org/bot8657142758:AAGUQRm-T_ITFafMBJHzhBNQ2ZhjhuXQ4oE/getUpdates "HTTP/1.1 200 OK"
2026-06-17 22:50:42,632 - httpx - INFO - HTTP Request: POST https://api.telegram.org/bot8657142758:AAGUQRm-T_ITFafMBJHzhBNQ2ZhjhuXQ4oE/getUpdates "HTTP/1.1 200 OK"
2026-06-17 22:50:52,796 - httpx - INFO - HTTP Request: POST https://api.telegram.org/bot8657142758:AAGUQRm-T_ITFafMBJHzhBNQ2ZhjhuXQ4oE/getUpdates "HTTP/1.1 200 OK"
2026-06-17 22:51:02,928 - httpx - INFO - HTTP Request: POST https://api.telegram.org/bot8657142758:AAGUQRm-T_ITFafMBJHzhBNQ2ZhjhuXQ4oE/getUpdates "HTTP/1.1 200 OK"
2026-06-17 22:51:13,092 - httpx - INFO - HTTP Request: POST https://api.telegram.org/bot8657142758:AAGUQRm-T_ITFafMBJHzhBNQ2ZhjhuXQ4oE/getUpdates "HTTP/1.1 200 OK"
2026-06-17 22:51:23,264 - httpx - INFO - HTTP Request: POST https://api.telegram.org/bot8657142758:AAGUQRm-T_ITFafMBJHzhBNQ2ZhjhuXQ4oE/getUpdates "HTTP/1.1 200 OK"
2026-06-17 22:51:33,419 - httpx - INFO - HTTP Request: POST https://api.telegram.org/bot8657142758:AAGUQRm-T_ITFafMBJHzhBNQ2ZhjhuXQ4oE/getUpdates "HTTP/1.1 200 OK"
2026-06-17 22:51:43,555 - httpx - INFO - HTTP Request: POST https://api.telegram.org/bot8657142758:AAGUQRm-T_ITFafMBJHzhBNQ2ZhjhuXQ4oE/getUpdates "HTTP/1.1 200 OK"
2026-06-17 22:51:53,700 - httpx - INFO - HTTP Request: POST https://api.telegram.org/bot8657142758:AAGUQRm-T_ITFafMBJHzhBNQ2ZhjhuXQ4oE/getUpdates "HTTP/1.1 200 OK"
2026-06-17 22:52:03,881 - httpx - INFO - HTTP Request: POST https://api.telegram.org/bot8657142758:AAGUQRm-T_ITFafMBJHzhBNQ2ZhjhuXQ4oE/getUpdates "HTTP/1.1 200 OK"
2026-06-17 22:52:14,053 - httpx - INFO - HTTP Request: POST https://api.telegram.org/bot8657142758:AAGUQRm-T_ITFafMBJHzhBNQ2ZhjhuXQ4oE/getUpdates "HTTP/1.1 200 OK"
2026-06-17 22:52:24,225 - httpx - INFO - HTTP Request: POST https://api.telegram.org/bot8657142758:AAGUQRm-T_ITFafMBJHzhBNQ2ZhjhuXQ4oE/getUpdates "HTTP/1.1 200 OK"
2026-06-17 22:52:30,218 - httpx - INFO - HTTP Request: POST https://api.telegram.org/bot8657142758:AAGUQRm-T_ITFafMBJHzhBNQ2ZhjhuXQ4oE/getUpdates "HTTP/1.1 200 OK"
2026-06-17 22:52:30,219 - telegram.ext.Application - INFO - Application is stopping. This might take a moment.
2026-06-17 22:52:30,219 - telegram.ext.Application - INFO - Application.stop() complete
2026-06-17 22:54:57,696 - httpx - INFO - HTTP Request: POST https://api.telegram.org/bot8657142758:AAGUQRm-T_ITFafMBJHzhBNQ2ZhjhuXQ4oE/getMe "HTTP/1.1 200 OK"
2026-06-17 22:54:57,698 - __main__ - INFO - Deadline checker background task started.
2026-06-17 22:54:57,816 - httpx - INFO - HTTP Request: POST https://api.telegram.org/bot8657142758:AAGUQRm-T_ITFafMBJHzhBNQ2ZhjhuXQ4oE/deleteWebhook "HTTP/1.1 200 OK"
2026-06-17 22:54:57,818 - telegram.ext.Application - INFO - Application started
2026-06-17 22:55:08,215 - httpx - INFO - HTTP Request: POST https://api.telegram.org/bot8657142758:AAGUQRm-T_ITFafMBJHzhBNQ2ZhjhuXQ4oE/getUpdates "HTTP/1.1 200 OK"
2026-06-17 22:55:18,374 - httpx - INFO - HTTP Request: POST https://api.telegram.org/bot8657142758:AAGUQRm-T_ITFafMBJHzhBNQ2ZhjhuXQ4oE/getUpdates "HTTP/1.1 200 OK"
2026-06-17 22:55:28,503 - httpx - INFO - HTTP Request: POST https://api.telegram.org/bot8657142758:AAGUQRm-T_ITFafMBJHzhBNQ2ZhjhuXQ4oE/getUpdates "HTTP/1.1 200 OK"
2026-06-17 22:55:38,626 - httpx - INFO - HTTP Request: POST https://api.telegram.org/bot8657142758:AAGUQRm-T_ITFafMBJHzhBNQ2ZhjhuXQ4oE/getUpdates "HTTP/1.1 200 OK"
2026-06-17 22:58:45,881 - httpx - INFO - HTTP Request: POST https://api.telegram.org/bot8657142758:AAGUQRm-T_ITFafMBJHzhBNQ2ZhjhuXQ4oE/getMe "HTTP/1.1 200 OK"
2026-06-17 22:58:46,007 - httpx - INFO - HTTP Request: POST https://api.telegram.org/bot8657142758:AAGUQRm-T_ITFafMBJHzhBNQ2ZhjhuXQ4oE/setMyCommands "HTTP/1.1 200 OK"
2026-06-17 22:58:46,008 - __main__ - INFO - Bot commands successfully set.
2026-06-17 22:58:46,008 - __main__ - INFO - Deadline checker background task started.
2026-06-17 22:58:46,139 - httpx - INFO - HTTP Request: POST https://api.telegram.org/bot8657142758:AAGUQRm-T_ITFafMBJHzhBNQ2ZhjhuXQ4oE/deleteWebhook "HTTP/1.1 200 OK"
2026-06-17 22:58:46,142 - telegram.ext.Application - INFO - Application started
2026-06-17 22:58:56,542 - httpx - INFO - HTTP Request: POST https://api.telegram.org/bot8657142758:AAGUQRm-T_ITFafMBJHzhBNQ2ZhjhuXQ4oE/getUpdates "HTTP/1.1 200 OK"
2026-06-17 22:59:06,680 - httpx - INFO - HTTP Request: POST https://api.telegram.org/bot8657142758:AAGUQRm-T_ITFafMBJHzhBNQ2ZhjhuXQ4oE/getUpdates "HTTP/1.1 200 OK"
2026-06-17 22:59:16,872 - httpx - INFO - HTTP Request: POST https://api.telegram.org/bot8657142758:AAGUQRm-T_ITFafMBJHzhBNQ2ZhjhuXQ4oE/getUpdates "HTTP/1.1 200 OK"
2026-06-17 22:59:28,101 - httpx - INFO - HTTP Request: POST https://api.telegram.org/bot8657142758:AAGUQRm-T_ITFafMBJHzhBNQ2ZhjhuXQ4oE/getMe "HTTP/1.1 200 OK"
2026-06-17 22:59:28,258 - httpx - INFO - HTTP Request: POST https://api.telegram.org/bot8657142758:AAGUQRm-T_ITFafMBJHzhBNQ2ZhjhuXQ4oE/setMyCommands "HTTP/1.1 200 OK"
2026-06-17 22:59:28,259 - __main__ - INFO - Bot commands successfully set.
2026-06-17 22:59:28,259 - __main__ - INFO - Deadline checker background task started.
2026-06-17 22:59:28,389 - httpx - INFO - HTTP Request: POST https://api.telegram.org/bot8657142758:AAGUQRm-T_ITFafMBJHzhBNQ2ZhjhuXQ4oE/deleteWebhook "HTTP/1.1 200 OK"
2026-06-17 22:59:28,392 - telegram.ext.Application - INFO - Application started
2026-06-17 22:59:36,123 - httpx - INFO - HTTP Request: POST https://api.telegram.org/bot8657142758:AAGUQRm-T_ITFafMBJHzhBNQ2ZhjhuXQ4oE/getUpdates "HTTP/1.1 200 OK"
2026-06-17 22:59:36,125 - messages - INFO - RAW UPDATE: {'message': {'channel_chat_created': False, 'delete_chat_photo': False, 'entities': [{'length': 6, 'offset': 0, 'type': <MessageEntityType.BOT_COMMAND>}], 'group_chat_created': False, 'supergroup_chat_created': False, 'text': '/start', 'chat': {'first_name': 'Sirojiddin', 'id': 8270492933, 'type': <ChatType.PRIVATE>, 'username': 'Sirojiddin_Ibn_Baxtiyor'}, 'date': 1781719176, 'message_id': 296, 'from': {'first_name': 'Sirojiddin', 'id': 8270492933, 'is_bot': False, 'language_code': 'en', 'username': 'Sirojiddin_Ibn_Baxtiyor'}}, 'update_id': 63033035}
2026-06-17 22:59:36,578 - httpx - INFO - HTTP Request: POST https://api.telegram.org/bot8657142758:AAGUQRm-T_ITFafMBJHzhBNQ2ZhjhuXQ4oE/sendMessage "HTTP/1.1 200 OK"
2026-06-17 22:59:46,264 - httpx - INFO - HTTP Request: POST https://api.telegram.org/bot8657142758:AAGUQRm-T_ITFafMBJHzhBNQ2ZhjhuXQ4oE/getUpdates "HTTP/1.1 200 OK"
2026-06-17 22:59:53,469 - httpx - INFO - HTTP Request: POST https://api.telegram.org/bot8657142758:AAGUQRm-T_ITFafMBJHzhBNQ2ZhjhuXQ4oE/getUpdates "HTTP/1.1 200 OK"
2026-06-17 22:59:53,471 - messages - INFO - RAW UPDATE: {'message': {'channel_chat_created': False, 'delete_chat_photo': False, 'group_chat_created': False, 'supergroup_chat_created': False, 'text': 'Yetkazilgan buyurtmalar ✅', 'chat': {'first_name': 'Sirojiddin', 'id': 8270492933, 'type': <ChatType.PRIVATE>, 'username': 'Sirojiddin_Ibn_Baxtiyor'}, 'date': 1781719193, 'message_id': 298, 'from': {'first_name': 'Sirojiddin', 'id': 8270492933, 'is_bot': False, 'language_code': 'en', 'username': 'Sirojiddin_Ibn_Baxtiyor'}}, 'update_id': 63033036}
2026-06-17 22:59:53,471 - messages - INFO - Message received from user_id=8270492933: state=None, text=Yetkazilgan buyurtmalar ✅
2026-06-17 22:59:53,890 - httpx - INFO - HTTP Request: POST https://api.telegram.org/bot8657142758:AAGUQRm-T_ITFafMBJHzhBNQ2ZhjhuXQ4oE/sendMessage "HTTP/1.1 200 OK"
2026-06-17 22:59:56,345 - httpx - INFO - HTTP Request: POST https://api.telegram.org/bot8657142758:AAGUQRm-T_ITFafMBJHzhBNQ2ZhjhuXQ4oE/getUpdates "HTTP/1.1 200 OK"
2026-06-17 22:59:56,347 - messages - INFO - RAW UPDATE: {'message': {'channel_chat_created': False, 'delete_chat_photo': False, 'group_chat_created': False, 'supergroup_chat_created': False, 'text': 'Yetkazilmagan buyurtmalar ⏳', 'chat': {'first_name': 'Sirojiddin', 'id': 8270492933, 'type': <ChatType.PRIVATE>, 'username': 'Sirojiddin_Ibn_Baxtiyor'}, 'date': 1781719196, 'message_id': 300, 'from': {'first_name': 'Sirojiddin', 'id': 8270492933, 'is_bot': False, 'language_code': 'en', 'username': 'Sirojiddin_Ibn_Baxtiyor'}}, 'update_id': 63033037}
2026-06-17 22:59:56,348 - messages - INFO - Message received from user_id=8270492933: state=None, text=Yetkazilmagan buyurtmalar ⏳
2026-06-17 22:59:56,505 - httpx - INFO - HTTP Request: POST https://api.telegram.org/bot8657142758:AAGUQRm-T_ITFafMBJHzhBNQ2ZhjhuXQ4oE/sendMessage "HTTP/1.1 200 OK"
2026-06-17 22:59:56,665 - httpx - INFO - HTTP Request: POST https://api.telegram.org/bot8657142758:AAGUQRm-T_ITFafMBJHzhBNQ2ZhjhuXQ4oE/sendPhoto "HTTP/1.1 200 OK"
2026-06-17 23:00:06,530 - httpx - INFO - HTTP Request: POST https://api.telegram.org/bot8657142758:AAGUQRm-T_ITFafMBJHzhBNQ2ZhjhuXQ4oE/getUpdates "HTTP/1.1 200 OK"
2026-06-17 23:00:16,670 - httpx - INFO - HTTP Request: POST https://api.telegram.org/bot8657142758:AAGUQRm-T_ITFafMBJHzhBNQ2ZhjhuXQ4oE/getUpdates "HTTP/1.1 200 OK"
2026-06-17 23:00:26,807 - httpx - INFO - HTTP Request: POST https://api.telegram.org/bot8657142758:AAGUQRm-T_ITFafMBJHzhBNQ2ZhjhuXQ4oE/getUpdates "HTTP/1.1 200 OK"
2026-06-17 23:00:36,814 - httpx - INFO - HTTP Request: POST https://api.telegram.org/bot8657142758:AAGUQRm-T_ITFafMBJHzhBNQ2ZhjhuXQ4oE/getUpdates "HTTP/1.1 200 OK"
2026-06-17 23:00:36,815 - messages - INFO - RAW UPDATE: {'message': {'channel_chat_created': False, 'delete_chat_photo': False, 'entities': [{'length': 6, 'offset': 0, 'type': <MessageEntityType.BOT_COMMAND>}], 'group_chat_created': False, 'supergroup_chat_created': False, 'text': '/start', 'chat': {'first_name': 'Ghost', 'id': 7844532860, 'type': <ChatType.PRIVATE>}, 'date': 1781719236, 'message_id': 303, 'from': {'first_name': 'Ghost', 'id': 7844532860, 'is_bot': False, 'language_code': 'uz'}}, 'update_id': 63033038}
2026-06-17 23:00:37,302 - httpx - INFO - HTTP Request: POST https://api.telegram.org/bot8657142758:AAGUQRm-T_ITFafMBJHzhBNQ2ZhjhuXQ4oE/sendMessage "HTTP/1.1 200 OK"
2026-06-17 23:00:46,952 - httpx - INFO - HTTP Request: POST https://api.telegram.org/bot8657142758:AAGUQRm-T_ITFafMBJHzhBNQ2ZhjhuXQ4oE/getUpdates "HTTP/1.1 200 OK"
2026-06-17 23:00:57,085 - httpx - INFO - HTTP Request: POST https://api.telegram.org/bot8657142758:AAGUQRm-T_ITFafMBJHzhBNQ2ZhjhuXQ4oE/getUpdates "HTTP/1.1 200 OK"
2026-06-17 23:01:07,212 - httpx - INFO - HTTP Request: POST https://api.telegram.org/bot8657142758:AAGUQRm-T_ITFafMBJHzhBNQ2ZhjhuXQ4oE/getUpdates "HTTP/1.1 200 OK"
2026-06-17 23:01:17,357 - httpx - INFO - HTTP Request: POST https://api.telegram.org/bot8657142758:AAGUQRm-T_ITFafMBJHzhBNQ2ZhjhuXQ4oE/getUpdates "HTTP/1.1 200 OK"
2026-06-17 23:01:22,154 - httpx - INFO - HTTP Request: POST https://api.telegram.org/bot8657142758:AAGUQRm-T_ITFafMBJHzhBNQ2ZhjhuXQ4oE/getUpdates "HTTP/1.1 200 OK"
2026-06-17 23:01:22,155 - telegram.ext.Application - INFO - Application is stopping. This might take a moment.
2026-06-17 23:01:22,156 - telegram.ext.Application - INFO - Application.stop() complete
2026-06-17 23:01:22,182 - asyncio - ERROR - Task was destroyed but it is pending!
task: <Task pending name='Task-5' coro=<deadline_checker_loop() running at /home/sirojiddin/code/Munacollection/main.py:126> wait_for=<Future pending cb=[Task.task_wakeup()]>>
2026-06-17 23:02:05,409 - httpx - INFO - HTTP Request: POST https://api.telegram.org/bot8657142758:AAGUQRm-T_ITFafMBJHzhBNQ2ZhjhuXQ4oE/getMe "HTTP/1.1 200 OK"
2026-06-17 23:02:05,569 - httpx - INFO - HTTP Request: POST https://api.telegram.org/bot8657142758:AAGUQRm-T_ITFafMBJHzhBNQ2ZhjhuXQ4oE/setMyCommands "HTTP/1.1 200 OK"
2026-06-17 23:02:05,570 - __main__ - INFO - Bot commands successfully set.
2026-06-17 23:02:05,571 - __main__ - INFO - Deadline checker background task started.
2026-06-17 23:02:05,696 - httpx - INFO - HTTP Request: POST https://api.telegram.org/bot8657142758:AAGUQRm-T_ITFafMBJHzhBNQ2ZhjhuXQ4oE/deleteWebhook "HTTP/1.1 200 OK"
2026-06-17 23:02:05,699 - telegram.ext.Application - INFO - Application started
2026-06-17 23:02:14,596 - httpx - INFO - HTTP Request: POST https://api.telegram.org/bot8657142758:AAGUQRm-T_ITFafMBJHzhBNQ2ZhjhuXQ4oE/getUpdates "HTTP/1.1 200 OK"
2026-06-17 23:02:14,599 - messages - INFO - RAW UPDATE: {'message': {'channel_chat_created': False, 'delete_chat_photo': False, 'entities': [{'length': 6, 'offset': 0, 'type': <MessageEntityType.BOT_COMMAND>}], 'group_chat_created': False, 'supergroup_chat_created': False, 'text': '/start', 'chat': {'first_name': 'Ghost', 'id': 7844532860, 'type': <ChatType.PRIVATE>}, 'date': 1781719334, 'message_id': 305, 'from': {'first_name': 'Ghost', 'id': 7844532860, 'is_bot': False, 'language_code': 'uz'}}, 'update_id': 63033039}
2026-06-17 23:02:15,025 - httpx - INFO - HTTP Request: POST https://api.telegram.org/bot8657142758:AAGUQRm-T_ITFafMBJHzhBNQ2ZhjhuXQ4oE/sendMessage "HTTP/1.1 200 OK"
2026-06-17 23:02:24,738 - httpx - INFO - HTTP Request: POST https://api.telegram.org/bot8657142758:AAGUQRm-T_ITFafMBJHzhBNQ2ZhjhuXQ4oE/getUpdates "HTTP/1.1 200 OK"
2026-06-17 23:02:34,882 - httpx - INFO - HTTP Request: POST https://api.telegram.org/bot8657142758:AAGUQRm-T_ITFafMBJHzhBNQ2ZhjhuXQ4oE/getUpdates "HTTP/1.1 200 OK"
2026-06-17 23:02:35,248 - httpx - INFO - HTTP Request: POST https://api.telegram.org/bot8657142758:AAGUQRm-T_ITFafMBJHzhBNQ2ZhjhuXQ4oE/getUpdates "HTTP/1.1 200 OK"
2026-06-17 23:02:35,250 - messages - INFO - RAW UPDATE: {'message': {'channel_chat_created': False, 'delete_chat_photo': False, 'group_chat_created': False, 'supergroup_chat_created': False, 'text': 'Bozor 🛍', 'chat': {'first_name': 'Ghost', 'id': 7844532860, 'type': <ChatType.PRIVATE>}, 'date': 1781719355, 'message_id': 307, 'from': {'first_name': 'Ghost', 'id': 7844532860, 'is_bot': False, 'language_code': 'uz'}}, 'update_id': 63033040}
2026-06-17 23:02:35,250 - messages - INFO - Message received from user_id=7844532860: state=None, text=Bozor 🛍
2026-06-17 23:02:35,722 - httpx - INFO - HTTP Request: POST https://api.telegram.org/bot8657142758:AAGUQRm-T_ITFafMBJHzhBNQ2ZhjhuXQ4oE/sendMediaGroup "HTTP/1.1 200 OK"
2026-06-17 23:02:35,877 - httpx - INFO - HTTP Request: POST https://api.telegram.org/bot8657142758:AAGUQRm-T_ITFafMBJHzhBNQ2ZhjhuXQ4oE/sendMessage "HTTP/1.1 200 OK"
2026-06-17 23:02:39,185 - httpx - INFO - HTTP Request: POST https://api.telegram.org/bot8657142758:AAGUQRm-T_ITFafMBJHzhBNQ2ZhjhuXQ4oE/getUpdates "HTTP/1.1 200 OK"
2026-06-17 23:02:39,188 - messages - INFO - RAW UPDATE: {'callback_query': {'chat_instance': '-3220911182468524995', 'data': 'cat_idx_1', 'id': '6021895977332160895', 'message': {'channel_chat_created': False, 'delete_chat_photo': False, 'entities': [{'length': 21, 'offset': 3, 'type': <MessageEntityType.BOLD>}], 'group_chat_created': False, 'reply_markup': {'inline_keyboard': [[{'callback_data': 'buy_prod_3', 'text': 'Sotib olish 💳'}], [{'callback_data': 'noop', 'text': '1/2'}, {'callback_data': 'cat_idx_1', 'text': 'Keyingi Mahsulot ➡️'}], [{'callback_data': 'admin_edit_3', 'text': 'Tahrirlash ✏️'}, {'callback_data': 'admin_del_3', 'text': "O'chirish ❌"}]]}, 'supergroup_chat_created': False, 'text': '🛍 Bozor mahsuloti (1/2)\n\n📍 Kelish joyi: xitoy\n⏱ Kelish muddati: 90kun\n💵 Narxi: 1mlrd\n📝 Izoh: balo', 'chat': {'first_name': 'Ghost', 'id': 7844532860, 'type': <ChatType.PRIVATE>}, 'date': 1781719355, 'message_id': 311, 'from': {'first_name': 'Muna Collection test', 'id': 8657142758, 'is_bot': True, 'username': 'fevrallik_noiloj_bot'}}, 'from': {'first_name': 'Ghost', 'id': 7844532860, 'is_bot': False, 'language_code': 'uz'}}, 'update_id': 63033041}
2026-06-17 23:02:39,189 - callbacks - INFO - Callback query received: user_id=7844532860, data=cat_idx_1
2026-06-17 23:02:39,322 - httpx - INFO - HTTP Request: POST https://api.telegram.org/bot8657142758:AAGUQRm-T_ITFafMBJHzhBNQ2ZhjhuXQ4oE/deleteMessage "HTTP/1.1 200 OK"
2026-06-17 23:02:39,458 - httpx - INFO - HTTP Request: POST https://api.telegram.org/bot8657142758:AAGUQRm-T_ITFafMBJHzhBNQ2ZhjhuXQ4oE/deleteMessage "HTTP/1.1 200 OK"
2026-06-17 23:02:39,601 - httpx - INFO - HTTP Request: POST https://api.telegram.org/bot8657142758:AAGUQRm-T_ITFafMBJHzhBNQ2ZhjhuXQ4oE/deleteMessage "HTTP/1.1 200 OK"
2026-06-17 23:02:40,128 - httpx - INFO - HTTP Request: POST https://api.telegram.org/bot8657142758:AAGUQRm-T_ITFafMBJHzhBNQ2ZhjhuXQ4oE/deleteMessage "HTTP/1.1 200 OK"
2026-06-17 23:02:40,317 - httpx - INFO - HTTP Request: POST https://api.telegram.org/bot8657142758:AAGUQRm-T_ITFafMBJHzhBNQ2ZhjhuXQ4oE/sendMediaGroup "HTTP/1.1 200 OK"
2026-06-17 23:02:40,521 - httpx - INFO - HTTP Request: POST https://api.telegram.org/bot8657142758:AAGUQRm-T_ITFafMBJHzhBNQ2ZhjhuXQ4oE/sendMessage "HTTP/1.1 200 OK"
2026-06-17 23:02:45,285 - httpx - INFO - HTTP Request: POST https://api.telegram.org/bot8657142758:AAGUQRm-T_ITFafMBJHzhBNQ2ZhjhuXQ4oE/getUpdates "HTTP/1.1 200 OK"
2026-06-17 23:02:45,288 - messages - INFO - RAW UPDATE: {'message': {'channel_chat_created': False, 'delete_chat_photo': False, 'group_chat_created': False, 'supergroup_chat_created': False, 'text': 'Karta Raqami 💳', 'chat': {'first_name': 'Ghost', 'id': 7844532860, 'type': <ChatType.PRIVATE>}, 'date': 1781719365, 'message_id': 316, 'from': {'first_name': 'Ghost', 'id': 7844532860, 'is_bot': False, 'language_code': 'uz'}}, 'update_id': 63033042}
2026-06-17 23:02:45,288 - messages - INFO - Message received from user_id=7844532860: state=None, text=Karta Raqami 💳
2026-06-17 23:02:45,435 - httpx - INFO - HTTP Request: POST https://api.telegram.org/bot8657142758:AAGUQRm-T_ITFafMBJHzhBNQ2ZhjhuXQ4oE/sendMessage "HTTP/1.1 200 OK"
2026-06-17 23:02:48,241 - httpx - INFO - HTTP Request: POST https://api.telegram.org/bot8657142758:AAGUQRm-T_ITFafMBJHzhBNQ2ZhjhuXQ4oE/getUpdates "HTTP/1.1 200 OK"
2026-06-17 23:02:48,243 - messages - INFO - RAW UPDATE: {'message': {'channel_chat_created': False, 'delete_chat_photo': False, 'group_chat_created': False, 'supergroup_chat_created': False, 'text': 'Elon Joylashtirish ➕', 'chat': {'first_name': 'Ghost', 'id': 7844532860, 'type': <ChatType.PRIVATE>}, 'date': 1781719368, 'message_id': 318, 'from': {'first_name': 'Ghost', 'id': 7844532860, 'is_bot': False, 'language_code': 'uz'}}, 'update_id': 63033043}
2026-06-17 23:02:48,244 - messages - INFO - Message received from user_id=7844532860: state=None, text=Elon Joylashtirish ➕
2026-06-17 23:02:48,395 - httpx - INFO - HTTP Request: POST https://api.telegram.org/bot8657142758:AAGUQRm-T_ITFafMBJHzhBNQ2ZhjhuXQ4oE/sendMessage "HTTP/1.1 200 OK"
2026-06-17 23:02:50,181 - httpx - INFO - HTTP Request: POST https://api.telegram.org/bot8657142758:AAGUQRm-T_ITFafMBJHzhBNQ2ZhjhuXQ4oE/getUpdates "HTTP/1.1 200 OK"
2026-06-17 23:02:50,182 - messages - INFO - RAW UPDATE: {'message': {'channel_chat_created': False, 'delete_chat_photo': False, 'group_chat_created': False, 'supergroup_chat_created': False, 'text': 'Bekor qilish ❌', 'chat': {'first_name': 'Ghost', 'id': 7844532860, 'type': <ChatType.PRIVATE>}, 'date': 1781719370, 'message_id': 320, 'from': {'first_name': 'Ghost', 'id': 7844532860, 'is_bot': False, 'language_code': 'uz'}}, 'update_id': 63033044}
2026-06-17 23:02:50,183 - messages - INFO - Message received from user_id=7844532860: state=AD_PHOTO, text=Bekor qilish ❌
2026-06-17 23:02:50,703 - httpx - INFO - HTTP Request: POST https://api.telegram.org/bot8657142758:AAGUQRm-T_ITFafMBJHzhBNQ2ZhjhuXQ4oE/deleteMessage "HTTP/1.1 200 OK"
2026-06-17 23:02:50,841 - httpx - INFO - HTTP Request: POST https://api.telegram.org/bot8657142758:AAGUQRm-T_ITFafMBJHzhBNQ2ZhjhuXQ4oE/deleteMessage "HTTP/1.1 200 OK"
2026-06-17 23:02:51,003 - httpx - INFO - HTTP Request: POST https://api.telegram.org/bot8657142758:AAGUQRm-T_ITFafMBJHzhBNQ2ZhjhuXQ4oE/deleteMessage "HTTP/1.1 200 OK"
2026-06-17 23:02:51,170 - httpx - INFO - HTTP Request: POST https://api.telegram.org/bot8657142758:AAGUQRm-T_ITFafMBJHzhBNQ2ZhjhuXQ4oE/deleteMessage "HTTP/1.1 200 OK"
2026-06-17 23:02:51,433 - httpx - INFO - HTTP Request: POST https://api.telegram.org/bot8657142758:AAGUQRm-T_ITFafMBJHzhBNQ2ZhjhuXQ4oE/sendMessage "HTTP/1.1 200 OK"
2026-06-17 23:02:54,142 - httpx - INFO - HTTP Request: POST https://api.telegram.org/bot8657142758:AAGUQRm-T_ITFafMBJHzhBNQ2ZhjhuXQ4oE/getUpdates "HTTP/1.1 200 OK"
2026-06-17 23:02:54,143 - messages - INFO - RAW UPDATE: {'message': {'channel_chat_created': False, 'delete_chat_photo': False, 'group_chat_created': False, 'supergroup_chat_created': False, 'text': 'Buyurtmalar 📝', 'chat': {'first_name': 'Ghost', 'id': 7844532860, 'type': <ChatType.PRIVATE>}, 'date': 1781719374, 'message_id': 322, 'from': {'first_name': 'Ghost', 'id': 7844532860, 'is_bot': False, 'language_code': 'uz'}}, 'update_id': 63033045}
2026-06-17 23:02:54,144 - messages - INFO - Message received from user_id=7844532860: state=None, text=Buyurtmalar 📝
2026-06-17 23:02:54,479 - httpx - INFO - HTTP Request: POST https://api.telegram.org/bot8657142758:AAGUQRm-T_ITFafMBJHzhBNQ2ZhjhuXQ4oE/sendMessage "HTTP/1.1 200 OK"
2026-06-17 23:02:59,353 - httpx - INFO - HTTP Request: POST https://api.telegram.org/bot8657142758:AAGUQRm-T_ITFafMBJHzhBNQ2ZhjhuXQ4oE/getUpdates "HTTP/1.1 200 OK"
2026-06-17 23:02:59,354 - messages - INFO - RAW UPDATE: {'message': {'channel_chat_created': False, 'delete_chat_photo': False, 'group_chat_created': False, 'supergroup_chat_created': False, 'text': 'Yetkazilmagan buyurtmalar ⏳', 'chat': {'first_name': 'Ghost', 'id': 7844532860, 'type': <ChatType.PRIVATE>}, 'date': 1781719379, 'message_id': 324, 'from': {'first_name': 'Ghost', 'id': 7844532860, 'is_bot': False, 'language_code': 'uz'}}, 'update_id': 63033046}
2026-06-17 23:02:59,354 - messages - INFO - Message received from user_id=7844532860: state=None, text=Yetkazilmagan buyurtmalar ⏳
2026-06-17 23:02:59,502 - httpx - INFO - HTTP Request: POST https://api.telegram.org/bot8657142758:AAGUQRm-T_ITFafMBJHzhBNQ2ZhjhuXQ4oE/sendMessage "HTTP/1.1 200 OK"
2026-06-17 23:02:59,655 - httpx - INFO - HTTP Request: POST https://api.telegram.org/bot8657142758:AAGUQRm-T_ITFafMBJHzhBNQ2ZhjhuXQ4oE/sendPhoto "HTTP/1.1 200 OK"
2026-06-17 23:03:09,505 - httpx - INFO - HTTP Request: POST https://api.telegram.org/bot8657142758:AAGUQRm-T_ITFafMBJHzhBNQ2ZhjhuXQ4oE/getUpdates "HTTP/1.1 200 OK"
2026-06-17 23:03:19,636 - httpx - INFO - HTTP Request: POST https://api.telegram.org/bot8657142758:AAGUQRm-T_ITFafMBJHzhBNQ2ZhjhuXQ4oE/getUpdates "HTTP/1.1 200 OK"
2026-06-17 23:03:20,416 - httpx - INFO - HTTP Request: POST https://api.telegram.org/bot8657142758:AAGUQRm-T_ITFafMBJHzhBNQ2ZhjhuXQ4oE/getUpdates "HTTP/1.1 200 OK"
2026-06-17 23:03:20,417 - messages - INFO - RAW UPDATE: {'message': {'channel_chat_created': False, 'delete_chat_photo': False, 'group_chat_created': False, 'supergroup_chat_created': False, 'text': 'Bozor 🛍', 'chat': {'first_name': 'Ghost', 'id': 7844532860, 'type': <ChatType.PRIVATE>}, 'date': 1781719400, 'message_id': 327, 'from': {'first_name': 'Ghost', 'id': 7844532860, 'is_bot': False, 'language_code': 'uz'}}, 'update_id': 63033047}
2026-06-17 23:03:20,418 - messages - INFO - Message received from user_id=7844532860: state=None, text=Bozor 🛍
2026-06-17 23:03:20,901 - httpx - INFO - HTTP Request: POST https://api.telegram.org/bot8657142758:AAGUQRm-T_ITFafMBJHzhBNQ2ZhjhuXQ4oE/sendMediaGroup "HTTP/1.1 200 OK"
2026-06-17 23:03:21,074 - httpx - INFO - HTTP Request: POST https://api.telegram.org/bot8657142758:AAGUQRm-T_ITFafMBJHzhBNQ2ZhjhuXQ4oE/sendMessage "HTTP/1.1 200 OK"
2026-06-17 23:03:30,549 - httpx - INFO - HTTP Request: POST https://api.telegram.org/bot8657142758:AAGUQRm-T_ITFafMBJHzhBNQ2ZhjhuXQ4oE/getUpdates "HTTP/1.1 200 OK"
2026-06-17 23:03:35,359 - httpx - INFO - HTTP Request: POST https://api.telegram.org/bot8657142758:AAGUQRm-T_ITFafMBJHzhBNQ2ZhjhuXQ4oE/getUpdates "HTTP/1.1 200 OK"
2026-06-17 23:03:35,360 - telegram.ext.Application - INFO - Application is stopping. This might take a moment.
2026-06-17 23:03:35,361 - telegram.ext.Application - INFO - Application.stop() complete
2026-06-17 23:03:35,386 - asyncio - ERROR - Task was destroyed but it is pending!
task: <Task pending name='Task-5' coro=<deadline_checker_loop() running at /home/sirojiddin/code/Munacollection/main.py:126> wait_for=<Future pending cb=[Task.task_wakeup()]>>
2026-06-19 23:15:59,756 - httpx - INFO - HTTP Request: POST https://api.telegram.org/bot8657142758:AAGUQRm-T_ITFafMBJHzhBNQ2ZhjhuXQ4oE/getMe "HTTP/1.1 200 OK"
2026-06-19 23:15:59,889 - httpx - INFO - HTTP Request: POST https://api.telegram.org/bot8657142758:AAGUQRm-T_ITFafMBJHzhBNQ2ZhjhuXQ4oE/setMyCommands "HTTP/1.1 200 OK"
2026-06-19 23:15:59,890 - __main__ - INFO - Bot commands successfully set.
2026-06-19 23:15:59,890 - __main__ - INFO - Deadline checker background task started.
2026-06-19 23:16:00,012 - httpx - INFO - HTTP Request: POST https://api.telegram.org/bot8657142758:AAGUQRm-T_ITFafMBJHzhBNQ2ZhjhuXQ4oE/deleteWebhook "HTTP/1.1 200 OK"
2026-06-19 23:16:00,015 - telegram.ext.Application - INFO - Application started
2026-06-19 23:16:10,382 - httpx - INFO - HTTP Request: POST https://api.telegram.org/bot8657142758:AAGUQRm-T_ITFafMBJHzhBNQ2ZhjhuXQ4oE/getUpdates "HTTP/1.1 200 OK"
2026-06-19 23:16:15,309 - httpx - INFO - HTTP Request: POST https://api.telegram.org/bot8657142758:AAGUQRm-T_ITFafMBJHzhBNQ2ZhjhuXQ4oE/getUpdates "HTTP/1.1 200 OK"
2026-06-19 23:16:15,311 - messages - INFO - RAW UPDATE: {'message': {'channel_chat_created': False, 'delete_chat_photo': False, 'entities': [{'length': 6, 'offset': 0, 'type': <MessageEntityType.BOT_COMMAND>}], 'group_chat_created': False, 'supergroup_chat_created': False, 'text': '/start', 'chat': {'first_name': 'Sirojiddin', 'id': 8270492933, 'type': <ChatType.PRIVATE>, 'username': 'Sirojiddin_Ibn_Baxtiyor'}, 'date': 1781892975, 'message_id': 332, 'from': {'first_name': 'Sirojiddin', 'id': 8270492933, 'is_bot': False, 'language_code': 'en', 'username': 'Sirojiddin_Ibn_Baxtiyor'}}, 'update_id': 63033049}
2026-06-19 23:16:15,828 - httpx - INFO - HTTP Request: POST https://api.telegram.org/bot8657142758:AAGUQRm-T_ITFafMBJHzhBNQ2ZhjhuXQ4oE/sendMessage "HTTP/1.1 200 OK"
2026-06-19 23:16:20,976 - httpx - INFO - HTTP Request: POST https://api.telegram.org/bot8657142758:AAGUQRm-T_ITFafMBJHzhBNQ2ZhjhuXQ4oE/getUpdates "HTTP/1.1 200 OK"
2026-06-19 23:16:20,977 - messages - INFO - RAW UPDATE: {'message': {'channel_chat_created': False, 'delete_chat_photo': False, 'entities': [{'length': 6, 'offset': 0, 'type': <MessageEntityType.BOT_COMMAND>}], 'group_chat_created': False, 'supergroup_chat_created': False, 'text': '/admin', 'chat': {'first_name': 'Sirojiddin', 'id': 8270492933, 'type': <ChatType.PRIVATE>, 'username': 'Sirojiddin_Ibn_Baxtiyor'}, 'date': 1781892980, 'message_id': 334, 'from': {'first_name': 'Sirojiddin', 'id': 8270492933, 'is_bot': False, 'language_code': 'en', 'username': 'Sirojiddin_Ibn_Baxtiyor'}}, 'update_id': 63033050}
2026-06-19 23:16:21,409 - httpx - INFO - HTTP Request: POST https://api.telegram.org/bot8657142758:AAGUQRm-T_ITFafMBJHzhBNQ2ZhjhuXQ4oE/sendMessage "HTTP/1.1 200 OK"
2026-06-19 23:16:31,105 - httpx - INFO - HTTP Request: POST https://api.telegram.org/bot8657142758:AAGUQRm-T_ITFafMBJHzhBNQ2ZhjhuXQ4oE/getUpdates "HTTP/1.1 200 OK"
2026-06-19 23:16:41,224 - httpx - INFO - HTTP Request: POST https://api.telegram.org/bot8657142758:AAGUQRm-T_ITFafMBJHzhBNQ2ZhjhuXQ4oE/getUpdates "HTTP/1.1 200 OK"
2026-06-19 23:16:51,396 - httpx - INFO - HTTP Request: POST https://api.telegram.org/bot8657142758:AAGUQRm-T_ITFafMBJHzhBNQ2ZhjhuXQ4oE/getUpdates "HTTP/1.1 200 OK"
2026-06-19 23:17:01,561 - httpx - INFO - HTTP Request: POST https://api.telegram.org/bot8657142758:AAGUQRm-T_ITFafMBJHzhBNQ2ZhjhuXQ4oE/getUpdates "HTTP/1.1 200 OK"
2026-06-19 23:17:11,736 - httpx - INFO - HTTP Request: POST https://api.telegram.org/bot8657142758:AAGUQRm-T_ITFafMBJHzhBNQ2ZhjhuXQ4oE/getUpdates "HTTP/1.1 200 OK"
2026-06-19 23:17:21,907 - httpx - INFO - HTTP Request: POST https://api.telegram.org/bot8657142758:AAGUQRm-T_ITFafMBJHzhBNQ2ZhjhuXQ4oE/getUpdates "HTTP/1.1 200 OK"
2026-06-19 23:17:32,079 - httpx - INFO - HTTP Request: POST https://api.telegram.org/bot8657142758:AAGUQRm-T_ITFafMBJHzhBNQ2ZhjhuXQ4oE/getUpdates "HTTP/1.1 200 OK"
2026-06-19 23:17:42,236 - httpx - INFO - HTTP Request: POST https://api.telegram.org/bot8657142758:AAGUQRm-T_ITFafMBJHzhBNQ2ZhjhuXQ4oE/getUpdates "HTTP/1.1 200 OK"
2026-06-19 23:17:52,407 - httpx - INFO - HTTP Request: POST https://api.telegram.org/bot8657142758:AAGUQRm-T_ITFafMBJHzhBNQ2ZhjhuXQ4oE/getUpdates "HTTP/1.1 200 OK"
2026-06-19 23:18:02,576 - httpx - INFO - HTTP Request: POST https://api.telegram.org/bot8657142758:AAGUQRm-T_ITFafMBJHzhBNQ2ZhjhuXQ4oE/getUpdates "HTTP/1.1 200 OK"
2026-06-19 23:18:12,744 - httpx - INFO - HTTP Request: POST https://api.telegram.org/bot8657142758:AAGUQRm-T_ITFafMBJHzhBNQ2ZhjhuXQ4oE/getUpdates "HTTP/1.1 200 OK"
2026-06-19 23:18:22,918 - httpx - INFO - HTTP Request: POST https://api.telegram.org/bot8657142758:AAGUQRm-T_ITFafMBJHzhBNQ2ZhjhuXQ4oE/getUpdates "HTTP/1.1 200 OK"
2026-06-19 23:18:30,140 - httpx - INFO - HTTP Request: POST https://api.telegram.org/bot8657142758:AAGUQRm-T_ITFafMBJHzhBNQ2ZhjhuXQ4oE/getUpdates "HTTP/1.1 200 OK"
2026-06-19 23:18:30,142 - telegram.ext.Application - INFO - Application is stopping. This might take a moment.
2026-06-19 23:18:30,142 - telegram.ext.Application - INFO - Application.stop() complete
2026-06-19 23:18:30,168 - asyncio - ERROR - Task was destroyed but it is pending!
task: <Task pending name='Task-5' coro=<deadline_checker_loop() running at /home/sirojiddin/code/Munacollection/main.py:126> wait_for=<Future pending cb=[Task.task_wakeup()]>>
2026-06-19 23:18:54,377 - httpx - INFO - HTTP Request: POST https://api.telegram.org/bot8657142758:AAGUQRm-T_ITFafMBJHzhBNQ2ZhjhuXQ4oE/getMe "HTTP/1.1 200 OK"
2026-06-19 23:18:54,645 - httpx - INFO - HTTP Request: POST https://api.telegram.org/bot8657142758:AAGUQRm-T_ITFafMBJHzhBNQ2ZhjhuXQ4oE/setMyCommands "HTTP/1.1 200 OK"
2026-06-19 23:18:54,646 - __main__ - INFO - Bot commands successfully set.
2026-06-19 23:18:54,646 - __main__ - INFO - Deadline checker background task started.
2026-06-19 23:18:54,782 - httpx - INFO - HTTP Request: POST https://api.telegram.org/bot8657142758:AAGUQRm-T_ITFafMBJHzhBNQ2ZhjhuXQ4oE/deleteWebhook "HTTP/1.1 200 OK"
2026-06-19 23:18:54,786 - telegram.ext.Application - INFO - Application started
2026-06-19 23:19:05,149 - httpx - INFO - HTTP Request: POST https://api.telegram.org/bot8657142758:AAGUQRm-T_ITFafMBJHzhBNQ2ZhjhuXQ4oE/getUpdates "HTTP/1.1 200 OK"
2026-06-19 23:19:15,286 - httpx - INFO - HTTP Request: POST https://api.telegram.org/bot8657142758:AAGUQRm-T_ITFafMBJHzhBNQ2ZhjhuXQ4oE/getUpdates "HTTP/1.1 200 OK"
2026-06-19 23:19:25,411 - httpx - INFO - HTTP Request: POST https://api.telegram.org/bot8657142758:AAGUQRm-T_ITFafMBJHzhBNQ2ZhjhuXQ4oE/getUpdates "HTTP/1.1 200 OK"
2026-06-19 23:19:35,534 - httpx - INFO - HTTP Request: POST https://api.telegram.org/bot8657142758:AAGUQRm-T_ITFafMBJHzhBNQ2ZhjhuXQ4oE/getUpdates "HTTP/1.1 200 OK"
2026-06-19 23:19:45,667 - httpx - INFO - HTTP Request: POST https://api.telegram.org/bot8657142758:AAGUQRm-T_ITFafMBJHzhBNQ2ZhjhuXQ4oE/getUpdates "HTTP/1.1 200 OK"
2026-06-19 23:19:51,098 - httpx - INFO - HTTP Request: POST https://api.telegram.org/bot8657142758:AAGUQRm-T_ITFafMBJHzhBNQ2ZhjhuXQ4oE/getMe "HTTP/1.1 200 OK"
2026-06-19 23:19:51,235 - httpx - INFO - HTTP Request: POST https://api.telegram.org/bot8657142758:AAGUQRm-T_ITFafMBJHzhBNQ2ZhjhuXQ4oE/setMyCommands "HTTP/1.1 200 OK"
2026-06-19 23:19:51,237 - __main__ - INFO - Bot commands successfully set.
2026-06-19 23:19:51,237 - __main__ - INFO - Deadline checker background task started.
2026-06-19 23:19:51,360 - httpx - INFO - HTTP Request: POST https://api.telegram.org/bot8657142758:AAGUQRm-T_ITFafMBJHzhBNQ2ZhjhuXQ4oE/deleteWebhook "HTTP/1.1 200 OK"
2026-06-19 23:19:51,364 - telegram.ext.Application - INFO - Application started
2026-06-19 23:19:52,130 - httpx - INFO - HTTP Request: POST https://api.telegram.org/bot8657142758:AAGUQRm-T_ITFafMBJHzhBNQ2ZhjhuXQ4oE/getUpdates "HTTP/1.1 409 Conflict"
2026-06-19 23:19:52,132 - telegram.ext.Application - ERROR - No error handlers are registered, logging exception.
Traceback (most recent call last):
  File "/home/sirojiddin/code/Munacollection/venv/lib/python3.13/site-packages/telegram/ext/_utils/networkloop.py", line 161, in network_retry_loop
    await do_action()
  File "/home/sirojiddin/code/Munacollection/venv/lib/python3.13/site-packages/telegram/ext/_utils/networkloop.py", line 154, in do_action
    action_cb_task.result()
    ~~~~~~~~~~~~~~~~~~~~~^^
  File "/home/sirojiddin/code/Munacollection/venv/lib/python3.13/site-packages/telegram/ext/_updater.py", line 340, in polling_action_cb
    updates = await self.bot.get_updates(
              ^^^^^^^^^^^^^^^^^^^^^^^^^^^
    ...<3 lines>...
    )
    ^
  File "/home/sirojiddin/code/Munacollection/venv/lib/python3.13/site-packages/telegram/ext/_extbot.py", line 680, in get_updates
    updates = await super().get_updates(
              ^^^^^^^^^^^^^^^^^^^^^^^^^^
    ...<9 lines>...
    )
    ^
  File "/home/sirojiddin/code/Munacollection/venv/lib/python3.13/site-packages/telegram/_bot.py", line 4767, in get_updates
    await self._post(
    ^^^^^^^^^^^^^^^^^
    ...<7 lines>...
    ),
    ^
  File "/home/sirojiddin/code/Munacollection/venv/lib/python3.13/site-packages/telegram/_bot.py", line 712, in _post
    return await self._do_post(
           ^^^^^^^^^^^^^^^^^^^^
    ...<6 lines>...
    )
    ^
  File "/home/sirojiddin/code/Munacollection/venv/lib/python3.13/site-packages/telegram/ext/_extbot.py", line 378, in _do_post
    return await super()._do_post(
           ^^^^^^^^^^^^^^^^^^^^^^^
    ...<6 lines>...
    )
    ^
  File "/home/sirojiddin/code/Munacollection/venv/lib/python3.13/site-packages/telegram/_bot.py", line 741, in _do_post
    result = await request.post(
             ^^^^^^^^^^^^^^^^^^^
    ...<6 lines>...
    )
    ^
  File "/home/sirojiddin/code/Munacollection/venv/lib/python3.13/site-packages/telegram/request/_baserequest.py", line 198, in post
    result = await self._request_wrapper(
             ^^^^^^^^^^^^^^^^^^^^^^^^^^^^
    ...<7 lines>...
    )
    ^
  File "/home/sirojiddin/code/Munacollection/venv/lib/python3.13/site-packages/telegram/request/_baserequest.py", line 375, in _request_wrapper
    raise exception
telegram.error.Conflict: Conflict: terminated by other getUpdates request; make sure that only one bot instance is running
2026-06-19 23:19:56,262 - httpx - INFO - HTTP Request: POST https://api.telegram.org/bot8657142758:AAGUQRm-T_ITFafMBJHzhBNQ2ZhjhuXQ4oE/getUpdates "HTTP/1.1 409 Conflict"
2026-06-19 23:19:56,264 - telegram.ext.Application - ERROR - No error handlers are registered, logging exception.
Traceback (most recent call last):
  File "/home/sirojiddin/code/Munacollection/venv/lib/python3.13/site-packages/telegram/ext/_utils/networkloop.py", line 161, in network_retry_loop
    await do_action()
  File "/home/sirojiddin/code/Munacollection/venv/lib/python3.13/site-packages/telegram/ext/_utils/networkloop.py", line 154, in do_action
    action_cb_task.result()
    ~~~~~~~~~~~~~~~~~~~~~^^
  File "/home/sirojiddin/code/Munacollection/venv/lib/python3.13/site-packages/telegram/ext/_updater.py", line 340, in polling_action_cb
    updates = await self.bot.get_updates(
              ^^^^^^^^^^^^^^^^^^^^^^^^^^^
    ...<3 lines>...
    )
    ^
  File "/home/sirojiddin/code/Munacollection/venv/lib/python3.13/site-packages/telegram/ext/_extbot.py", line 680, in get_updates
    updates = await super().get_updates(
              ^^^^^^^^^^^^^^^^^^^^^^^^^^
    ...<9 lines>...
    )
    ^
  File "/home/sirojiddin/code/Munacollection/venv/lib/python3.13/site-packages/telegram/_bot.py", line 4767, in get_updates
    await self._post(
    ^^^^^^^^^^^^^^^^^
    ...<7 lines>...
    ),
    ^
  File "/home/sirojiddin/code/Munacollection/venv/lib/python3.13/site-packages/telegram/_bot.py", line 712, in _post
    return await self._do_post(
           ^^^^^^^^^^^^^^^^^^^^
    ...<6 lines>...
    )
    ^
  File "/home/sirojiddin/code/Munacollection/venv/lib/python3.13/site-packages/telegram/ext/_extbot.py", line 378, in _do_post
    return await super()._do_post(
           ^^^^^^^^^^^^^^^^^^^^^^^
    ...<6 lines>...
    )
    ^
  File "/home/sirojiddin/code/Munacollection/venv/lib/python3.13/site-packages/telegram/_bot.py", line 741, in _do_post
    result = await request.post(
             ^^^^^^^^^^^^^^^^^^^
    ...<6 lines>...
    )
    ^
  File "/home/sirojiddin/code/Munacollection/venv/lib/python3.13/site-packages/telegram/request/_baserequest.py", line 198, in post
    result = await self._request_wrapper(
             ^^^^^^^^^^^^^^^^^^^^^^^^^^^^
    ...<7 lines>...
    )
    ^
  File "/home/sirojiddin/code/Munacollection/venv/lib/python3.13/site-packages/telegram/request/_baserequest.py", line 375, in _request_wrapper
    raise exception
telegram.error.Conflict: Conflict: terminated by other getUpdates request; make sure that only one bot instance is running
2026-06-19 23:19:57,401 - httpx - INFO - HTTP Request: POST https://api.telegram.org/bot8657142758:AAGUQRm-T_ITFafMBJHzhBNQ2ZhjhuXQ4oE/getUpdates "HTTP/1.1 409 Conflict"
2026-06-19 23:19:57,403 - telegram.ext.Application - ERROR - No error handlers are registered, logging exception.
Traceback (most recent call last):
  File "/home/sirojiddin/code/Munacollection/venv/lib/python3.13/site-packages/telegram/ext/_utils/networkloop.py", line 161, in network_retry_loop
    await do_action()
  File "/home/sirojiddin/code/Munacollection/venv/lib/python3.13/site-packages/telegram/ext/_utils/networkloop.py", line 154, in do_action
    action_cb_task.result()
    ~~~~~~~~~~~~~~~~~~~~~^^
  File "/home/sirojiddin/code/Munacollection/venv/lib/python3.13/site-packages/telegram/ext/_updater.py", line 340, in polling_action_cb
    updates = await self.bot.get_updates(
              ^^^^^^^^^^^^^^^^^^^^^^^^^^^
    ...<3 lines>...
    )
    ^
  File "/home/sirojiddin/code/Munacollection/venv/lib/python3.13/site-packages/telegram/ext/_extbot.py", line 680, in get_updates
    updates = await super().get_updates(
              ^^^^^^^^^^^^^^^^^^^^^^^^^^
    ...<9 lines>...
    )
    ^
  File "/home/sirojiddin/code/Munacollection/venv/lib/python3.13/site-packages/telegram/_bot.py", line 4767, in get_updates
    await self._post(
    ^^^^^^^^^^^^^^^^^
    ...<7 lines>...
    ),
    ^
  File "/home/sirojiddin/code/Munacollection/venv/lib/python3.13/site-packages/telegram/_bot.py", line 712, in _post
    return await self._do_post(
           ^^^^^^^^^^^^^^^^^^^^
    ...<6 lines>...
    )
    ^
  File "/home/sirojiddin/code/Munacollection/venv/lib/python3.13/site-packages/telegram/ext/_extbot.py", line 378, in _do_post
    return await super()._do_post(
           ^^^^^^^^^^^^^^^^^^^^^^^
    ...<6 lines>...
    )
    ^
  File "/home/sirojiddin/code/Munacollection/venv/lib/python3.13/site-packages/telegram/_bot.py", line 741, in _do_post
    result = await request.post(
             ^^^^^^^^^^^^^^^^^^^
    ...<6 lines>...
    )
    ^
  File "/home/sirojiddin/code/Munacollection/venv/lib/python3.13/site-packages/telegram/request/_baserequest.py", line 198, in post
    result = await self._request_wrapper(
             ^^^^^^^^^^^^^^^^^^^^^^^^^^^^
    ...<7 lines>...
    )
    ^
  File "/home/sirojiddin/code/Munacollection/venv/lib/python3.13/site-packages/telegram/request/_baserequest.py", line 375, in _request_wrapper
    raise exception
telegram.error.Conflict: Conflict: terminated by other getUpdates request; make sure that only one bot instance is running
2026-06-19 23:20:02,042 - httpx - INFO - HTTP Request: POST https://api.telegram.org/bot8657142758:AAGUQRm-T_ITFafMBJHzhBNQ2ZhjhuXQ4oE/getUpdates "HTTP/1.1 409 Conflict"
2026-06-19 23:20:02,044 - telegram.ext.Application - ERROR - No error handlers are registered, logging exception.
Traceback (most recent call last):
  File "/home/sirojiddin/code/Munacollection/venv/lib/python3.13/site-packages/telegram/ext/_utils/networkloop.py", line 161, in network_retry_loop
    await do_action()
  File "/home/sirojiddin/code/Munacollection/venv/lib/python3.13/site-packages/telegram/ext/_utils/networkloop.py", line 154, in do_action
    action_cb_task.result()
    ~~~~~~~~~~~~~~~~~~~~~^^
  File "/home/sirojiddin/code/Munacollection/venv/lib/python3.13/site-packages/telegram/ext/_updater.py", line 340, in polling_action_cb
    updates = await self.bot.get_updates(
              ^^^^^^^^^^^^^^^^^^^^^^^^^^^
    ...<3 lines>...
    )
    ^
  File "/home/sirojiddin/code/Munacollection/venv/lib/python3.13/site-packages/telegram/ext/_extbot.py", line 680, in get_updates
    updates = await super().get_updates(
              ^^^^^^^^^^^^^^^^^^^^^^^^^^
    ...<9 lines>...
    )
    ^
  File "/home/sirojiddin/code/Munacollection/venv/lib/python3.13/site-packages/telegram/_bot.py", line 4767, in get_updates
    await self._post(
    ^^^^^^^^^^^^^^^^^
    ...<7 lines>...
    ),
    ^
  File "/home/sirojiddin/code/Munacollection/venv/lib/python3.13/site-packages/telegram/_bot.py", line 712, in _post
    return await self._do_post(
           ^^^^^^^^^^^^^^^^^^^^
    ...<6 lines>...
    )
    ^
  File "/home/sirojiddin/code/Munacollection/venv/lib/python3.13/site-packages/telegram/ext/_extbot.py", line 378, in _do_post
    return await super()._do_post(
           ^^^^^^^^^^^^^^^^^^^^^^^
    ...<6 lines>...
    )
    ^
  File "/home/sirojiddin/code/Munacollection/venv/lib/python3.13/site-packages/telegram/_bot.py", line 741, in _do_post
    result = await request.post(
             ^^^^^^^^^^^^^^^^^^^
    ...<6 lines>...
    )
    ^
  File "/home/sirojiddin/code/Munacollection/venv/lib/python3.13/site-packages/telegram/request/_baserequest.py", line 198, in post
    result = await self._request_wrapper(
             ^^^^^^^^^^^^^^^^^^^^^^^^^^^^
    ...<7 lines>...
    )
    ^
  File "/home/sirojiddin/code/Munacollection/venv/lib/python3.13/site-packages/telegram/request/_baserequest.py", line 375, in _request_wrapper
    raise exception
telegram.error.Conflict: Conflict: terminated by other getUpdates request; make sure that only one bot instance is running
2026-06-19 23:20:03,676 - httpx - INFO - HTTP Request: POST https://api.telegram.org/bot8657142758:AAGUQRm-T_ITFafMBJHzhBNQ2ZhjhuXQ4oE/getUpdates "HTTP/1.1 409 Conflict"
2026-06-19 23:20:03,678 - telegram.ext.Application - ERROR - No error handlers are registered, logging exception.
Traceback (most recent call last):
  File "/home/sirojiddin/code/Munacollection/venv/lib/python3.13/site-packages/telegram/ext/_utils/networkloop.py", line 161, in network_retry_loop
    await do_action()
  File "/home/sirojiddin/code/Munacollection/venv/lib/python3.13/site-packages/telegram/ext/_utils/networkloop.py", line 154, in do_action
    action_cb_task.result()
    ~~~~~~~~~~~~~~~~~~~~~^^
  File "/home/sirojiddin/code/Munacollection/venv/lib/python3.13/site-packages/telegram/ext/_updater.py", line 340, in polling_action_cb
    updates = await self.bot.get_updates(
              ^^^^^^^^^^^^^^^^^^^^^^^^^^^
    ...<3 lines>...
    )
    ^
  File "/home/sirojiddin/code/Munacollection/venv/lib/python3.13/site-packages/telegram/ext/_extbot.py", line 680, in get_updates
    updates = await super().get_updates(
              ^^^^^^^^^^^^^^^^^^^^^^^^^^
    ...<9 lines>...
    )
    ^
  File "/home/sirojiddin/code/Munacollection/venv/lib/python3.13/site-packages/telegram/_bot.py", line 4767, in get_updates
    await self._post(
    ^^^^^^^^^^^^^^^^^
    ...<7 lines>...
    ),
    ^
  File "/home/sirojiddin/code/Munacollection/venv/lib/python3.13/site-packages/telegram/_bot.py", line 712, in _post
    return await self._do_post(
           ^^^^^^^^^^^^^^^^^^^^
    ...<6 lines>...
    )
    ^
  File "/home/sirojiddin/code/Munacollection/venv/lib/python3.13/site-packages/telegram/ext/_extbot.py", line 378, in _do_post
    return await super()._do_post(
           ^^^^^^^^^^^^^^^^^^^^^^^
    ...<6 lines>...
    )
    ^
  File "/home/sirojiddin/code/Munacollection/venv/lib/python3.13/site-packages/telegram/_bot.py", line 741, in _do_post
    result = await request.post(
             ^^^^^^^^^^^^^^^^^^^
    ...<6 lines>...
    )
    ^
  File "/home/sirojiddin/code/Munacollection/venv/lib/python3.13/site-packages/telegram/request/_baserequest.py", line 198, in post
    result = await self._request_wrapper(
             ^^^^^^^^^^^^^^^^^^^^^^^^^^^^
    ...<7 lines>...
    )
    ^
  File "/home/sirojiddin/code/Munacollection/venv/lib/python3.13/site-packages/telegram/request/_baserequest.py", line 375, in _request_wrapper
    raise exception
telegram.error.Conflict: Conflict: terminated by other getUpdates request; make sure that only one bot instance is running
2026-06-19 23:20:05,911 - httpx - INFO - HTTP Request: POST https://api.telegram.org/bot8657142758:AAGUQRm-T_ITFafMBJHzhBNQ2ZhjhuXQ4oE/getUpdates "HTTP/1.1 200 OK"
2026-06-19 23:20:05,914 - messages - INFO - RAW UPDATE: {'message': {'channel_chat_created': False, 'delete_chat_photo': False, 'entities': [{'length': 6, 'offset': 0, 'type': <MessageEntityType.BOT_COMMAND>}], 'group_chat_created': False, 'supergroup_chat_created': False, 'text': '/start', 'chat': {'first_name': 'Sirojiddin', 'id': 8270492933, 'type': <ChatType.PRIVATE>, 'username': 'Sirojiddin_Ibn_Baxtiyor'}, 'date': 1781893205, 'message_id': 336, 'from': {'first_name': 'Sirojiddin', 'id': 8270492933, 'is_bot': False, 'language_code': 'en', 'username': 'Sirojiddin_Ibn_Baxtiyor'}}, 'update_id': 63033051}
2026-06-19 23:20:06,392 - httpx - INFO - HTTP Request: POST https://api.telegram.org/bot8657142758:AAGUQRm-T_ITFafMBJHzhBNQ2ZhjhuXQ4oE/sendMessage "HTTP/1.1 200 OK"
2026-06-19 23:20:09,050 - httpx - INFO - HTTP Request: POST https://api.telegram.org/bot8657142758:AAGUQRm-T_ITFafMBJHzhBNQ2ZhjhuXQ4oE/getUpdates "HTTP/1.1 409 Conflict"
2026-06-19 23:20:09,052 - telegram.ext.Application - ERROR - No error handlers are registered, logging exception.
Traceback (most recent call last):
  File "/home/sirojiddin/code/Munacollection/venv/lib/python3.13/site-packages/telegram/ext/_utils/networkloop.py", line 161, in network_retry_loop
    await do_action()
  File "/home/sirojiddin/code/Munacollection/venv/lib/python3.13/site-packages/telegram/ext/_utils/networkloop.py", line 154, in do_action
    action_cb_task.result()
    ~~~~~~~~~~~~~~~~~~~~~^^
  File "/home/sirojiddin/code/Munacollection/venv/lib/python3.13/site-packages/telegram/ext/_updater.py", line 340, in polling_action_cb
    updates = await self.bot.get_updates(
              ^^^^^^^^^^^^^^^^^^^^^^^^^^^
    ...<3 lines>...
    )
    ^
  File "/home/sirojiddin/code/Munacollection/venv/lib/python3.13/site-packages/telegram/ext/_extbot.py", line 680, in get_updates
    updates = await super().get_updates(
              ^^^^^^^^^^^^^^^^^^^^^^^^^^
    ...<9 lines>...
    )
    ^
  File "/home/sirojiddin/code/Munacollection/venv/lib/python3.13/site-packages/telegram/_bot.py", line 4767, in get_updates
    await self._post(
    ^^^^^^^^^^^^^^^^^
    ...<7 lines>...
    ),
    ^
  File "/home/sirojiddin/code/Munacollection/venv/lib/python3.13/site-packages/telegram/_bot.py", line 712, in _post
    return await self._do_post(
           ^^^^^^^^^^^^^^^^^^^^
    ...<6 lines>...
    )
    ^
  File "/home/sirojiddin/code/Munacollection/venv/lib/python3.13/site-packages/telegram/ext/_extbot.py", line 378, in _do_post
    return await super()._do_post(
           ^^^^^^^^^^^^^^^^^^^^^^^
    ...<6 lines>...
    )
    ^
  File "/home/sirojiddin/code/Munacollection/venv/lib/python3.13/site-packages/telegram/_bot.py", line 741, in _do_post
    result = await request.post(
             ^^^^^^^^^^^^^^^^^^^
    ...<6 lines>...
    )
    ^
  File "/home/sirojiddin/code/Munacollection/venv/lib/python3.13/site-packages/telegram/request/_baserequest.py", line 198, in post
    result = await self._request_wrapper(
             ^^^^^^^^^^^^^^^^^^^^^^^^^^^^
    ...<7 lines>...
    )
    ^
  File "/home/sirojiddin/code/Munacollection/venv/lib/python3.13/site-packages/telegram/request/_baserequest.py", line 375, in _request_wrapper
    raise exception
telegram.error.Conflict: Conflict: terminated by other getUpdates request; make sure that only one bot instance is running
2026-06-19 23:20:09,170 - httpx - INFO - HTTP Request: POST https://api.telegram.org/bot8657142758:AAGUQRm-T_ITFafMBJHzhBNQ2ZhjhuXQ4oE/getUpdates "HTTP/1.1 200 OK"
2026-06-19 23:20:09,176 - messages - INFO - RAW UPDATE: {'message': {'channel_chat_created': False, 'delete_chat_photo': False, 'group_chat_created': False, 'supergroup_chat_created': False, 'text': 'Guruh havolasi 👥', 'chat': {'first_name': 'Sirojiddin', 'id': 8270492933, 'type': <ChatType.PRIVATE>, 'username': 'Sirojiddin_Ibn_Baxtiyor'}, 'date': 1781893209, 'message_id': 338, 'from': {'first_name': 'Sirojiddin', 'id': 8270492933, 'is_bot': False, 'language_code': 'en', 'username': 'Sirojiddin_Ibn_Baxtiyor'}}, 'update_id': 63033052}
2026-06-19 23:20:09,176 - messages - INFO - Message received from user_id=8270492933: state=None, text=Guruh havolasi 👥
2026-06-19 23:20:09,624 - httpx - INFO - HTTP Request: POST https://api.telegram.org/bot8657142758:AAGUQRm-T_ITFafMBJHzhBNQ2ZhjhuXQ4oE/sendMessage "HTTP/1.1 200 OK"
2026-06-19 23:20:10,193 - httpx - INFO - HTTP Request: POST https://api.telegram.org/bot8657142758:AAGUQRm-T_ITFafMBJHzhBNQ2ZhjhuXQ4oE/getUpdates "HTTP/1.1 409 Conflict"
2026-06-19 23:20:10,194 - telegram.ext.Application - ERROR - No error handlers are registered, logging exception.
Traceback (most recent call last):
  File "/home/sirojiddin/code/Munacollection/venv/lib/python3.13/site-packages/telegram/ext/_utils/networkloop.py", line 161, in network_retry_loop
    await do_action()
  File "/home/sirojiddin/code/Munacollection/venv/lib/python3.13/site-packages/telegram/ext/_utils/networkloop.py", line 154, in do_action
    action_cb_task.result()
    ~~~~~~~~~~~~~~~~~~~~~^^
  File "/home/sirojiddin/code/Munacollection/venv/lib/python3.13/site-packages/telegram/ext/_updater.py", line 340, in polling_action_cb
    updates = await self.bot.get_updates(
              ^^^^^^^^^^^^^^^^^^^^^^^^^^^
    ...<3 lines>...
    )
    ^
  File "/home/sirojiddin/code/Munacollection/venv/lib/python3.13/site-packages/telegram/ext/_extbot.py", line 680, in get_updates
    updates = await super().get_updates(
              ^^^^^^^^^^^^^^^^^^^^^^^^^^
    ...<9 lines>...
    )
    ^
  File "/home/sirojiddin/code/Munacollection/venv/lib/python3.13/site-packages/telegram/_bot.py", line 4767, in get_updates
    await self._post(
    ^^^^^^^^^^^^^^^^^
    ...<7 lines>...
    ),
    ^
  File "/home/sirojiddin/code/Munacollection/venv/lib/python3.13/site-packages/telegram/_bot.py", line 712, in _post
    return await self._do_post(
           ^^^^^^^^^^^^^^^^^^^^
    ...<6 lines>...
    )
    ^
  File "/home/sirojiddin/code/Munacollection/venv/lib/python3.13/site-packages/telegram/ext/_extbot.py", line 378, in _do_post
    return await super()._do_post(
           ^^^^^^^^^^^^^^^^^^^^^^^
    ...<6 lines>...
    )
    ^
  File "/home/sirojiddin/code/Munacollection/venv/lib/python3.13/site-packages/telegram/_bot.py", line 741, in _do_post
    result = await request.post(
             ^^^^^^^^^^^^^^^^^^^
    ...<6 lines>...
    )
    ^
  File "/home/sirojiddin/code/Munacollection/venv/lib/python3.13/site-packages/telegram/request/_baserequest.py", line 198, in post
    result = await self._request_wrapper(
             ^^^^^^^^^^^^^^^^^^^^^^^^^^^^
    ...<7 lines>...
    )
    ^
  File "/home/sirojiddin/code/Munacollection/venv/lib/python3.13/site-packages/telegram/request/_baserequest.py", line 375, in _request_wrapper
    raise exception
telegram.error.Conflict: Conflict: terminated by other getUpdates request; make sure that only one bot instance is running
2026-06-19 23:20:14,418 - httpx - INFO - HTTP Request: POST https://api.telegram.org/bot8657142758:AAGUQRm-T_ITFafMBJHzhBNQ2ZhjhuXQ4oE/getUpdates "HTTP/1.1 409 Conflict"
2026-06-19 23:20:14,419 - telegram.ext.Application - ERROR - No error handlers are registered, logging exception.
Traceback (most recent call last):
  File "/home/sirojiddin/code/Munacollection/venv/lib/python3.13/site-packages/telegram/ext/_utils/networkloop.py", line 161, in network_retry_loop
    await do_action()
  File "/home/sirojiddin/code/Munacollection/venv/lib/python3.13/site-packages/telegram/ext/_utils/networkloop.py", line 154, in do_action
    action_cb_task.result()
    ~~~~~~~~~~~~~~~~~~~~~^^
  File "/home/sirojiddin/code/Munacollection/venv/lib/python3.13/site-packages/telegram/ext/_updater.py", line 340, in polling_action_cb
    updates = await self.bot.get_updates(
              ^^^^^^^^^^^^^^^^^^^^^^^^^^^
    ...<3 lines>...
    )
    ^
  File "/home/sirojiddin/code/Munacollection/venv/lib/python3.13/site-packages/telegram/ext/_extbot.py", line 680, in get_updates
    updates = await super().get_updates(
              ^^^^^^^^^^^^^^^^^^^^^^^^^^
    ...<9 lines>...
    )
    ^
  File "/home/sirojiddin/code/Munacollection/venv/lib/python3.13/site-packages/telegram/_bot.py", line 4767, in get_updates
    await self._post(
    ^^^^^^^^^^^^^^^^^
    ...<7 lines>...
    ),
    ^
  File "/home/sirojiddin/code/Munacollection/venv/lib/python3.13/site-packages/telegram/_bot.py", line 712, in _post
    return await self._do_post(
           ^^^^^^^^^^^^^^^^^^^^
    ...<6 lines>...
    )
    ^
  File "/home/sirojiddin/code/Munacollection/venv/lib/python3.13/site-packages/telegram/ext/_extbot.py", line 378, in _do_post
    return await super()._do_post(
           ^^^^^^^^^^^^^^^^^^^^^^^
    ...<6 lines>...
    )
    ^
  File "/home/sirojiddin/code/Munacollection/venv/lib/python3.13/site-packages/telegram/_bot.py", line 741, in _do_post
    result = await request.post(
             ^^^^^^^^^^^^^^^^^^^
    ...<6 lines>...
    )
    ^
  File "/home/sirojiddin/code/Munacollection/venv/lib/python3.13/site-packages/telegram/request/_baserequest.py", line 198, in post
    result = await self._request_wrapper(
             ^^^^^^^^^^^^^^^^^^^^^^^^^^^^
    ...<7 lines>...
    )
    ^
  File "/home/sirojiddin/code/Munacollection/venv/lib/python3.13/site-packages/telegram/request/_baserequest.py", line 375, in _request_wrapper
    raise exception
telegram.error.Conflict: Conflict: terminated by other getUpdates request; make sure that only one bot instance is running
2026-06-19 23:20:16,427 - httpx - INFO - HTTP Request: POST https://api.telegram.org/bot8657142758:AAGUQRm-T_ITFafMBJHzhBNQ2ZhjhuXQ4oE/getUpdates "HTTP/1.1 409 Conflict"
2026-06-19 23:20:16,429 - telegram.ext.Application - ERROR - No error handlers are registered, logging exception.
Traceback (most recent call last):
  File "/home/sirojiddin/code/Munacollection/venv/lib/python3.13/site-packages/telegram/ext/_utils/networkloop.py", line 161, in network_retry_loop
    await do_action()
  File "/home/sirojiddin/code/Munacollection/venv/lib/python3.13/site-packages/telegram/ext/_utils/networkloop.py", line 154, in do_action
    action_cb_task.result()
    ~~~~~~~~~~~~~~~~~~~~~^^
  File "/home/sirojiddin/code/Munacollection/venv/lib/python3.13/site-packages/telegram/ext/_updater.py", line 340, in polling_action_cb
    updates = await self.bot.get_updates(
              ^^^^^^^^^^^^^^^^^^^^^^^^^^^
    ...<3 lines>...
    )
    ^
  File "/home/sirojiddin/code/Munacollection/venv/lib/python3.13/site-packages/telegram/ext/_extbot.py", line 680, in get_updates
    updates = await super().get_updates(
              ^^^^^^^^^^^^^^^^^^^^^^^^^^
    ...<9 lines>...
    )
    ^
  File "/home/sirojiddin/code/Munacollection/venv/lib/python3.13/site-packages/telegram/_bot.py", line 4767, in get_updates
    await self._post(
    ^^^^^^^^^^^^^^^^^
    ...<7 lines>...
    ),
    ^
  File "/home/sirojiddin/code/Munacollection/venv/lib/python3.13/site-packages/telegram/_bot.py", line 712, in _post
    return await self._do_post(
           ^^^^^^^^^^^^^^^^^^^^
    ...<6 lines>...
    )
    ^
  File "/home/sirojiddin/code/Munacollection/venv/lib/python3.13/site-packages/telegram/ext/_extbot.py", line 378, in _do_post
    return await super()._do_post(
           ^^^^^^^^^^^^^^^^^^^^^^^
    ...<6 lines>...
    )
    ^
  File "/home/sirojiddin/code/Munacollection/venv/lib/python3.13/site-packages/telegram/_bot.py", line 741, in _do_post
    result = await request.post(
             ^^^^^^^^^^^^^^^^^^^
    ...<6 lines>...
    )
    ^
  File "/home/sirojiddin/code/Munacollection/venv/lib/python3.13/site-packages/telegram/request/_baserequest.py", line 198, in post
    result = await self._request_wrapper(
             ^^^^^^^^^^^^^^^^^^^^^^^^^^^^
    ...<7 lines>...
    )
    ^
  File "/home/sirojiddin/code/Munacollection/venv/lib/python3.13/site-packages/telegram/request/_baserequest.py", line 375, in _request_wrapper
    raise exception
telegram.error.Conflict: Conflict: terminated by other getUpdates request; make sure that only one bot instance is running
2026-06-19 23:20:21,065 - httpx - INFO - HTTP Request: POST https://api.telegram.org/bot8657142758:AAGUQRm-T_ITFafMBJHzhBNQ2ZhjhuXQ4oE/getUpdates "HTTP/1.1 409 Conflict"
2026-06-19 23:20:21,067 - telegram.ext.Application - ERROR - No error handlers are registered, logging exception.
Traceback (most recent call last):
  File "/home/sirojiddin/code/Munacollection/venv/lib/python3.13/site-packages/telegram/ext/_utils/networkloop.py", line 161, in network_retry_loop
    await do_action()
  File "/home/sirojiddin/code/Munacollection/venv/lib/python3.13/site-packages/telegram/ext/_utils/networkloop.py", line 154, in do_action
    action_cb_task.result()
    ~~~~~~~~~~~~~~~~~~~~~^^
  File "/home/sirojiddin/code/Munacollection/venv/lib/python3.13/site-packages/telegram/ext/_updater.py", line 340, in polling_action_cb
    updates = await self.bot.get_updates(
              ^^^^^^^^^^^^^^^^^^^^^^^^^^^
    ...<3 lines>...
    )
    ^
  File "/home/sirojiddin/code/Munacollection/venv/lib/python3.13/site-packages/telegram/ext/_extbot.py", line 680, in get_updates
    updates = await super().get_updates(
              ^^^^^^^^^^^^^^^^^^^^^^^^^^
    ...<9 lines>...
    )
    ^
  File "/home/sirojiddin/code/Munacollection/venv/lib/python3.13/site-packages/telegram/_bot.py", line 4767, in get_updates
    await self._post(
    ^^^^^^^^^^^^^^^^^
    ...<7 lines>...
    ),
    ^
  File "/home/sirojiddin/code/Munacollection/venv/lib/python3.13/site-packages/telegram/_bot.py", line 712, in _post
    return await self._do_post(
           ^^^^^^^^^^^^^^^^^^^^
    ...<6 lines>...
    )
    ^
  File "/home/sirojiddin/code/Munacollection/venv/lib/python3.13/site-packages/telegram/ext/_extbot.py", line 378, in _do_post
    return await super()._do_post(
           ^^^^^^^^^^^^^^^^^^^^^^^
    ...<6 lines>...
    )
    ^
  File "/home/sirojiddin/code/Munacollection/venv/lib/python3.13/site-packages/telegram/_bot.py", line 741, in _do_post
    result = await request.post(
             ^^^^^^^^^^^^^^^^^^^
    ...<6 lines>...
    )
    ^
  File "/home/sirojiddin/code/Munacollection/venv/lib/python3.13/site-packages/telegram/request/_baserequest.py", line 198, in post
    result = await self._request_wrapper(
             ^^^^^^^^^^^^^^^^^^^^^^^^^^^^
    ...<7 lines>...
    )
    ^
  File "/home/sirojiddin/code/Munacollection/venv/lib/python3.13/site-packages/telegram/request/_baserequest.py", line 375, in _request_wrapper
    raise exception
telegram.error.Conflict: Conflict: terminated by other getUpdates request; make sure that only one bot instance is running
2026-06-19 23:20:23,461 - httpx - INFO - HTTP Request: POST https://api.telegram.org/bot8657142758:AAGUQRm-T_ITFafMBJHzhBNQ2ZhjhuXQ4oE/getUpdates "HTTP/1.1 409 Conflict"
2026-06-19 23:20:23,462 - telegram.ext.Application - ERROR - No error handlers are registered, logging exception.
Traceback (most recent call last):
  File "/home/sirojiddin/code/Munacollection/venv/lib/python3.13/site-packages/telegram/ext/_utils/networkloop.py", line 161, in network_retry_loop
    await do_action()
  File "/home/sirojiddin/code/Munacollection/venv/lib/python3.13/site-packages/telegram/ext/_utils/networkloop.py", line 154, in do_action
    action_cb_task.result()
    ~~~~~~~~~~~~~~~~~~~~~^^
  File "/home/sirojiddin/code/Munacollection/venv/lib/python3.13/site-packages/telegram/ext/_updater.py", line 340, in polling_action_cb
    updates = await self.bot.get_updates(
              ^^^^^^^^^^^^^^^^^^^^^^^^^^^
    ...<3 lines>...
    )
    ^
  File "/home/sirojiddin/code/Munacollection/venv/lib/python3.13/site-packages/telegram/ext/_extbot.py", line 680, in get_updates
    updates = await super().get_updates(
              ^^^^^^^^^^^^^^^^^^^^^^^^^^
    ...<9 lines>...
    )
    ^
  File "/home/sirojiddin/code/Munacollection/venv/lib/python3.13/site-packages/telegram/_bot.py", line 4767, in get_updates
    await self._post(
    ^^^^^^^^^^^^^^^^^
    ...<7 lines>...
    ),
    ^
  File "/home/sirojiddin/code/Munacollection/venv/lib/python3.13/site-packages/telegram/_bot.py", line 712, in _post
    return await self._do_post(
           ^^^^^^^^^^^^^^^^^^^^
    ...<6 lines>...
    )
    ^
  File "/home/sirojiddin/code/Munacollection/venv/lib/python3.13/site-packages/telegram/ext/_extbot.py", line 378, in _do_post
    return await super()._do_post(
           ^^^^^^^^^^^^^^^^^^^^^^^
    ...<6 lines>...
    )
    ^
  File "/home/sirojiddin/code/Munacollection/venv/lib/python3.13/site-packages/telegram/_bot.py", line 741, in _do_post
    result = await request.post(
             ^^^^^^^^^^^^^^^^^^^
    ...<6 lines>...
    )
    ^
  File "/home/sirojiddin/code/Munacollection/venv/lib/python3.13/site-packages/telegram/request/_baserequest.py", line 198, in post
    result = await self._request_wrapper(
             ^^^^^^^^^^^^^^^^^^^^^^^^^^^^
    ...<7 lines>...
    )
    ^
  File "/home/sirojiddin/code/Munacollection/venv/lib/python3.13/site-packages/telegram/request/_baserequest.py", line 375, in _request_wrapper
    raise exception
telegram.error.Conflict: Conflict: terminated by other getUpdates request; make sure that only one bot instance is running
2026-06-19 23:20:28,872 - httpx - INFO - HTTP Request: POST https://api.telegram.org/bot8657142758:AAGUQRm-T_ITFafMBJHzhBNQ2ZhjhuXQ4oE/getUpdates "HTTP/1.1 409 Conflict"
2026-06-19 23:20:28,874 - telegram.ext.Application - ERROR - No error handlers are registered, logging exception.
Traceback (most recent call last):
  File "/home/sirojiddin/code/Munacollection/venv/lib/python3.13/site-packages/telegram/ext/_utils/networkloop.py", line 161, in network_retry_loop
    await do_action()
  File "/home/sirojiddin/code/Munacollection/venv/lib/python3.13/site-packages/telegram/ext/_utils/networkloop.py", line 154, in do_action
    action_cb_task.result()
    ~~~~~~~~~~~~~~~~~~~~~^^
  File "/home/sirojiddin/code/Munacollection/venv/lib/python3.13/site-packages/telegram/ext/_updater.py", line 340, in polling_action_cb
    updates = await self.bot.get_updates(
              ^^^^^^^^^^^^^^^^^^^^^^^^^^^
    ...<3 lines>...
    )
    ^
  File "/home/sirojiddin/code/Munacollection/venv/lib/python3.13/site-packages/telegram/ext/_extbot.py", line 680, in get_updates
    updates = await super().get_updates(
              ^^^^^^^^^^^^^^^^^^^^^^^^^^
    ...<9 lines>...
    )
    ^
  File "/home/sirojiddin/code/Munacollection/venv/lib/python3.13/site-packages/telegram/_bot.py", line 4767, in get_updates
    await self._post(
    ^^^^^^^^^^^^^^^^^
    ...<7 lines>...
    ),
    ^
  File "/home/sirojiddin/code/Munacollection/venv/lib/python3.13/site-packages/telegram/_bot.py", line 712, in _post
    return await self._do_post(
           ^^^^^^^^^^^^^^^^^^^^
    ...<6 lines>...
    )
    ^
  File "/home/sirojiddin/code/Munacollection/venv/lib/python3.13/site-packages/telegram/ext/_extbot.py", line 378, in _do_post
    return await super()._do_post(
           ^^^^^^^^^^^^^^^^^^^^^^^
    ...<6 lines>...
    )
    ^
  File "/home/sirojiddin/code/Munacollection/venv/lib/python3.13/site-packages/telegram/_bot.py", line 741, in _do_post
    result = await request.post(
             ^^^^^^^^^^^^^^^^^^^
    ...<6 lines>...
    )
    ^
  File "/home/sirojiddin/code/Munacollection/venv/lib/python3.13/site-packages/telegram/request/_baserequest.py", line 198, in post
    result = await self._request_wrapper(
             ^^^^^^^^^^^^^^^^^^^^^^^^^^^^
    ...<7 lines>...
    )
    ^
  File "/home/sirojiddin/code/Munacollection/venv/lib/python3.13/site-packages/telegram/request/_baserequest.py", line 375, in _request_wrapper
    raise exception
telegram.error.Conflict: Conflict: terminated by other getUpdates request; make sure that only one bot instance is running
2026-06-19 23:20:32,415 - httpx - INFO - HTTP Request: POST https://api.telegram.org/bot8657142758:AAGUQRm-T_ITFafMBJHzhBNQ2ZhjhuXQ4oE/getUpdates "HTTP/1.1 409 Conflict"
2026-06-19 23:20:32,417 - telegram.ext.Application - ERROR - No error handlers are registered, logging exception.
Traceback (most recent call last):
  File "/home/sirojiddin/code/Munacollection/venv/lib/python3.13/site-packages/telegram/ext/_utils/networkloop.py", line 161, in network_retry_loop
    await do_action()
  File "/home/sirojiddin/code/Munacollection/venv/lib/python3.13/site-packages/telegram/ext/_utils/networkloop.py", line 154, in do_action
    action_cb_task.result()
    ~~~~~~~~~~~~~~~~~~~~~^^
  File "/home/sirojiddin/code/Munacollection/venv/lib/python3.13/site-packages/telegram/ext/_updater.py", line 340, in polling_action_cb
    updates = await self.bot.get_updates(
              ^^^^^^^^^^^^^^^^^^^^^^^^^^^
    ...<3 lines>...
    )
    ^
  File "/home/sirojiddin/code/Munacollection/venv/lib/python3.13/site-packages/telegram/ext/_extbot.py", line 680, in get_updates
    updates = await super().get_updates(
              ^^^^^^^^^^^^^^^^^^^^^^^^^^
    ...<9 lines>...
    )
    ^
  File "/home/sirojiddin/code/Munacollection/venv/lib/python3.13/site-packages/telegram/_bot.py", line 4767, in get_updates
    await self._post(
    ^^^^^^^^^^^^^^^^^
    ...<7 lines>...
    ),
    ^
  File "/home/sirojiddin/code/Munacollection/venv/lib/python3.13/site-packages/telegram/_bot.py", line 712, in _post
    return await self._do_post(
           ^^^^^^^^^^^^^^^^^^^^
    ...<6 lines>...
    )
    ^
  File "/home/sirojiddin/code/Munacollection/venv/lib/python3.13/site-packages/telegram/ext/_extbot.py", line 378, in _do_post
    return await super()._do_post(
           ^^^^^^^^^^^^^^^^^^^^^^^
    ...<6 lines>...
    )
    ^
  File "/home/sirojiddin/code/Munacollection/venv/lib/python3.13/site-packages/telegram/_bot.py", line 741, in _do_post
    result = await request.post(
             ^^^^^^^^^^^^^^^^^^^
    ...<6 lines>...
    )
    ^
  File "/home/sirojiddin/code/Munacollection/venv/lib/python3.13/site-packages/telegram/request/_baserequest.py", line 198, in post
    result = await self._request_wrapper(
             ^^^^^^^^^^^^^^^^^^^^^^^^^^^^
    ...<7 lines>...
    )
    ^
  File "/home/sirojiddin/code/Munacollection/venv/lib/python3.13/site-packages/telegram/request/_baserequest.py", line 375, in _request_wrapper
    raise exception
telegram.error.Conflict: Conflict: terminated by other getUpdates request; make sure that only one bot instance is running
2026-06-19 23:20:35,915 - httpx - INFO - HTTP Request: POST https://api.telegram.org/bot8657142758:AAGUQRm-T_ITFafMBJHzhBNQ2ZhjhuXQ4oE/getUpdates "HTTP/1.1 409 Conflict"
2026-06-19 23:20:35,917 - telegram.ext.Application - ERROR - No error handlers are registered, logging exception.
Traceback (most recent call last):
  File "/home/sirojiddin/code/Munacollection/venv/lib/python3.13/site-packages/telegram/ext/_utils/networkloop.py", line 161, in network_retry_loop
    await do_action()
  File "/home/sirojiddin/code/Munacollection/venv/lib/python3.13/site-packages/telegram/ext/_utils/networkloop.py", line 154, in do_action
    action_cb_task.result()
    ~~~~~~~~~~~~~~~~~~~~~^^
  File "/home/sirojiddin/code/Munacollection/venv/lib/python3.13/site-packages/telegram/ext/_updater.py", line 340, in polling_action_cb
    updates = await self.bot.get_updates(
              ^^^^^^^^^^^^^^^^^^^^^^^^^^^
    ...<3 lines>...
    )
    ^
  File "/home/sirojiddin/code/Munacollection/venv/lib/python3.13/site-packages/telegram/ext/_extbot.py", line 680, in get_updates
    updates = await super().get_updates(
              ^^^^^^^^^^^^^^^^^^^^^^^^^^
    ...<9 lines>...
    )
    ^
  File "/home/sirojiddin/code/Munacollection/venv/lib/python3.13/site-packages/telegram/_bot.py", line 4767, in get_updates
    await self._post(
    ^^^^^^^^^^^^^^^^^
    ...<7 lines>...
    ),
    ^
  File "/home/sirojiddin/code/Munacollection/venv/lib/python3.13/site-packages/telegram/_bot.py", line 712, in _post
    return await self._do_post(
           ^^^^^^^^^^^^^^^^^^^^
    ...<6 lines>...
    )
    ^
  File "/home/sirojiddin/code/Munacollection/venv/lib/python3.13/site-packages/telegram/ext/_extbot.py", line 378, in _do_post
    return await super()._do_post(
           ^^^^^^^^^^^^^^^^^^^^^^^
    ...<6 lines>...
    )
    ^
  File "/home/sirojiddin/code/Munacollection/venv/lib/python3.13/site-packages/telegram/_bot.py", line 741, in _do_post
    result = await request.post(
             ^^^^^^^^^^^^^^^^^^^
    ...<6 lines>...
    )
    ^
  File "/home/sirojiddin/code/Munacollection/venv/lib/python3.13/site-packages/telegram/request/_baserequest.py", line 198, in post
    result = await self._request_wrapper(
             ^^^^^^^^^^^^^^^^^^^^^^^^^^^^
    ...<7 lines>...
    )
    ^
  File "/home/sirojiddin/code/Munacollection/venv/lib/python3.13/site-packages/telegram/request/_baserequest.py", line 375, in _request_wrapper
    raise exception
telegram.error.Conflict: Conflict: terminated by other getUpdates request; make sure that only one bot instance is running
2026-06-19 23:20:42,934 - httpx - INFO - HTTP Request: POST https://api.telegram.org/bot8657142758:AAGUQRm-T_ITFafMBJHzhBNQ2ZhjhuXQ4oE/getUpdates "HTTP/1.1 409 Conflict"
2026-06-19 23:20:42,936 - telegram.ext.Application - ERROR - No error handlers are registered, logging exception.
Traceback (most recent call last):
  File "/home/sirojiddin/code/Munacollection/venv/lib/python3.13/site-packages/telegram/ext/_utils/networkloop.py", line 161, in network_retry_loop
    await do_action()
  File "/home/sirojiddin/code/Munacollection/venv/lib/python3.13/site-packages/telegram/ext/_utils/networkloop.py", line 154, in do_action
    action_cb_task.result()
    ~~~~~~~~~~~~~~~~~~~~~^^
  File "/home/sirojiddin/code/Munacollection/venv/lib/python3.13/site-packages/telegram/ext/_updater.py", line 340, in polling_action_cb
    updates = await self.bot.get_updates(
              ^^^^^^^^^^^^^^^^^^^^^^^^^^^
    ...<3 lines>...
    )
    ^
  File "/home/sirojiddin/code/Munacollection/venv/lib/python3.13/site-packages/telegram/ext/_extbot.py", line 680, in get_updates
    updates = await super().get_updates(
              ^^^^^^^^^^^^^^^^^^^^^^^^^^
    ...<9 lines>...
    )
    ^
  File "/home/sirojiddin/code/Munacollection/venv/lib/python3.13/site-packages/telegram/_bot.py", line 4767, in get_updates
    await self._post(
    ^^^^^^^^^^^^^^^^^
    ...<7 lines>...
    ),
    ^
  File "/home/sirojiddin/code/Munacollection/venv/lib/python3.13/site-packages/telegram/_bot.py", line 712, in _post
    return await self._do_post(
           ^^^^^^^^^^^^^^^^^^^^
    ...<6 lines>...
    )
    ^
  File "/home/sirojiddin/code/Munacollection/venv/lib/python3.13/site-packages/telegram/ext/_extbot.py", line 378, in _do_post
    return await super()._do_post(
           ^^^^^^^^^^^^^^^^^^^^^^^
    ...<6 lines>...
    )
    ^
  File "/home/sirojiddin/code/Munacollection/venv/lib/python3.13/site-packages/telegram/_bot.py", line 741, in _do_post
    result = await request.post(
             ^^^^^^^^^^^^^^^^^^^
    ...<6 lines>...
    )
    ^
  File "/home/sirojiddin/code/Munacollection/venv/lib/python3.13/site-packages/telegram/request/_baserequest.py", line 198, in post
    result = await self._request_wrapper(
             ^^^^^^^^^^^^^^^^^^^^^^^^^^^^
    ...<7 lines>...
    )
    ^
  File "/home/sirojiddin/code/Munacollection/venv/lib/python3.13/site-packages/telegram/request/_baserequest.py", line 375, in _request_wrapper
    raise exception
telegram.error.Conflict: Conflict: terminated by other getUpdates request; make sure that only one bot instance is running
2026-06-19 23:20:48,397 - httpx - INFO - HTTP Request: POST https://api.telegram.org/bot8657142758:AAGUQRm-T_ITFafMBJHzhBNQ2ZhjhuXQ4oE/getUpdates "HTTP/1.1 409 Conflict"
2026-06-19 23:20:48,398 - telegram.ext.Application - ERROR - No error handlers are registered, logging exception.
Traceback (most recent call last):
  File "/home/sirojiddin/code/Munacollection/venv/lib/python3.13/site-packages/telegram/ext/_utils/networkloop.py", line 161, in network_retry_loop
    await do_action()
  File "/home/sirojiddin/code/Munacollection/venv/lib/python3.13/site-packages/telegram/ext/_utils/networkloop.py", line 154, in do_action
    action_cb_task.result()
    ~~~~~~~~~~~~~~~~~~~~~^^
  File "/home/sirojiddin/code/Munacollection/venv/lib/python3.13/site-packages/telegram/ext/_updater.py", line 340, in polling_action_cb
    updates = await self.bot.get_updates(
              ^^^^^^^^^^^^^^^^^^^^^^^^^^^
    ...<3 lines>...
    )
    ^
  File "/home/sirojiddin/code/Munacollection/venv/lib/python3.13/site-packages/telegram/ext/_extbot.py", line 680, in get_updates
    updates = await super().get_updates(
              ^^^^^^^^^^^^^^^^^^^^^^^^^^
    ...<9 lines>...
    )
    ^
  File "/home/sirojiddin/code/Munacollection/venv/lib/python3.13/site-packages/telegram/_bot.py", line 4767, in get_updates
    await self._post(
    ^^^^^^^^^^^^^^^^^
    ...<7 lines>...
    ),
    ^
  File "/home/sirojiddin/code/Munacollection/venv/lib/python3.13/site-packages/telegram/_bot.py", line 712, in _post
    return await self._do_post(
           ^^^^^^^^^^^^^^^^^^^^
    ...<6 lines>...
    )
    ^
  File "/home/sirojiddin/code/Munacollection/venv/lib/python3.13/site-packages/telegram/ext/_extbot.py", line 378, in _do_post
    return await super()._do_post(
           ^^^^^^^^^^^^^^^^^^^^^^^
    ...<6 lines>...
    )
    ^
  File "/home/sirojiddin/code/Munacollection/venv/lib/python3.13/site-packages/telegram/_bot.py", line 741, in _do_post
    result = await request.post(
             ^^^^^^^^^^^^^^^^^^^
    ...<6 lines>...
    )
    ^
  File "/home/sirojiddin/code/Munacollection/venv/lib/python3.13/site-packages/telegram/request/_baserequest.py", line 198, in post
    result = await self._request_wrapper(
             ^^^^^^^^^^^^^^^^^^^^^^^^^^^^
    ...<7 lines>...
    )
    ^
  File "/home/sirojiddin/code/Munacollection/venv/lib/python3.13/site-packages/telegram/request/_baserequest.py", line 375, in _request_wrapper
    raise exception
telegram.error.Conflict: Conflict: terminated by other getUpdates request; make sure that only one bot instance is running
2026-06-19 23:20:56,393 - httpx - INFO - HTTP Request: POST https://api.telegram.org/bot8657142758:AAGUQRm-T_ITFafMBJHzhBNQ2ZhjhuXQ4oE/getUpdates "HTTP/1.1 409 Conflict"
2026-06-19 23:20:56,395 - telegram.ext.Application - ERROR - No error handlers are registered, logging exception.
Traceback (most recent call last):
  File "/home/sirojiddin/code/Munacollection/venv/lib/python3.13/site-packages/telegram/ext/_utils/networkloop.py", line 161, in network_retry_loop
    await do_action()
  File "/home/sirojiddin/code/Munacollection/venv/lib/python3.13/site-packages/telegram/ext/_utils/networkloop.py", line 154, in do_action
    action_cb_task.result()
    ~~~~~~~~~~~~~~~~~~~~~^^
  File "/home/sirojiddin/code/Munacollection/venv/lib/python3.13/site-packages/telegram/ext/_updater.py", line 340, in polling_action_cb
    updates = await self.bot.get_updates(
              ^^^^^^^^^^^^^^^^^^^^^^^^^^^
    ...<3 lines>...
    )
    ^
  File "/home/sirojiddin/code/Munacollection/venv/lib/python3.13/site-packages/telegram/ext/_extbot.py", line 680, in get_updates
    updates = await super().get_updates(
              ^^^^^^^^^^^^^^^^^^^^^^^^^^
    ...<9 lines>...
    )
    ^
  File "/home/sirojiddin/code/Munacollection/venv/lib/python3.13/site-packages/telegram/_bot.py", line 4767, in get_updates
    await self._post(
    ^^^^^^^^^^^^^^^^^
    ...<7 lines>...
    ),
    ^
  File "/home/sirojiddin/code/Munacollection/venv/lib/python3.13/site-packages/telegram/_bot.py", line 712, in _post
    return await self._do_post(
           ^^^^^^^^^^^^^^^^^^^^
    ...<6 lines>...
    )
    ^
  File "/home/sirojiddin/code/Munacollection/venv/lib/python3.13/site-packages/telegram/ext/_extbot.py", line 378, in _do_post
    return await super()._do_post(
           ^^^^^^^^^^^^^^^^^^^^^^^
    ...<6 lines>...
    )
    ^
  File "/home/sirojiddin/code/Munacollection/venv/lib/python3.13/site-packages/telegram/_bot.py", line 741, in _do_post
    result = await request.post(
             ^^^^^^^^^^^^^^^^^^^
    ...<6 lines>...
    )
    ^
  File "/home/sirojiddin/code/Munacollection/venv/lib/python3.13/site-packages/telegram/request/_baserequest.py", line 198, in post
    result = await self._request_wrapper(
             ^^^^^^^^^^^^^^^^^^^^^^^^^^^^
    ...<7 lines>...
    )
    ^
  File "/home/sirojiddin/code/Munacollection/venv/lib/python3.13/site-packages/telegram/request/_baserequest.py", line 375, in _request_wrapper
    raise exception
telegram.error.Conflict: Conflict: terminated by other getUpdates request; make sure that only one bot instance is running
2026-06-19 23:21:04,371 - httpx - INFO - HTTP Request: POST https://api.telegram.org/bot8657142758:AAGUQRm-T_ITFafMBJHzhBNQ2ZhjhuXQ4oE/getUpdates "HTTP/1.1 409 Conflict"
2026-06-19 23:21:04,372 - telegram.ext.Application - ERROR - No error handlers are registered, logging exception.
Traceback (most recent call last):
  File "/home/sirojiddin/code/Munacollection/venv/lib/python3.13/site-packages/telegram/ext/_utils/networkloop.py", line 161, in network_retry_loop
    await do_action()
  File "/home/sirojiddin/code/Munacollection/venv/lib/python3.13/site-packages/telegram/ext/_utils/networkloop.py", line 154, in do_action
    action_cb_task.result()
    ~~~~~~~~~~~~~~~~~~~~~^^
  File "/home/sirojiddin/code/Munacollection/venv/lib/python3.13/site-packages/telegram/ext/_updater.py", line 340, in polling_action_cb
    updates = await self.bot.get_updates(
              ^^^^^^^^^^^^^^^^^^^^^^^^^^^
    ...<3 lines>...
    )
    ^
  File "/home/sirojiddin/code/Munacollection/venv/lib/python3.13/site-packages/telegram/ext/_extbot.py", line 680, in get_updates
    updates = await super().get_updates(
              ^^^^^^^^^^^^^^^^^^^^^^^^^^
    ...<9 lines>...
    )
    ^
  File "/home/sirojiddin/code/Munacollection/venv/lib/python3.13/site-packages/telegram/_bot.py", line 4767, in get_updates
    await self._post(
    ^^^^^^^^^^^^^^^^^
    ...<7 lines>...
    ),
    ^
  File "/home/sirojiddin/code/Munacollection/venv/lib/python3.13/site-packages/telegram/_bot.py", line 712, in _post
    return await self._do_post(
           ^^^^^^^^^^^^^^^^^^^^
    ...<6 lines>...
    )
    ^
  File "/home/sirojiddin/code/Munacollection/venv/lib/python3.13/site-packages/telegram/ext/_extbot.py", line 378, in _do_post
    return await super()._do_post(
           ^^^^^^^^^^^^^^^^^^^^^^^
    ...<6 lines>...
    )
    ^
  File "/home/sirojiddin/code/Munacollection/venv/lib/python3.13/site-packages/telegram/_bot.py", line 741, in _do_post
    result = await request.post(
             ^^^^^^^^^^^^^^^^^^^
    ...<6 lines>...
    )
    ^
  File "/home/sirojiddin/code/Munacollection/venv/lib/python3.13/site-packages/telegram/request/_baserequest.py", line 198, in post
    result = await self._request_wrapper(
             ^^^^^^^^^^^^^^^^^^^^^^^^^^^^
    ...<7 lines>...
    )
    ^
  File "/home/sirojiddin/code/Munacollection/venv/lib/python3.13/site-packages/telegram/request/_baserequest.py", line 375, in _request_wrapper
    raise exception
telegram.error.Conflict: Conflict: terminated by other getUpdates request; make sure that only one bot instance is running
2026-06-19 23:21:14,388 - httpx - INFO - HTTP Request: POST https://api.telegram.org/bot8657142758:AAGUQRm-T_ITFafMBJHzhBNQ2ZhjhuXQ4oE/getUpdates "HTTP/1.1 200 OK"
2026-06-19 23:21:16,135 - httpx - INFO - HTTP Request: POST https://api.telegram.org/bot8657142758:AAGUQRm-T_ITFafMBJHzhBNQ2ZhjhuXQ4oE/getUpdates "HTTP/1.1 200 OK"
2026-06-19 23:21:16,137 - telegram.ext.Application - INFO - Application is stopping. This might take a moment.
2026-06-19 23:21:16,137 - telegram.ext.Application - INFO - Application.stop() complete
2026-06-19 23:21:16,162 - asyncio - ERROR - Task was destroyed but it is pending!
task: <Task pending name='Task-5' coro=<deadline_checker_loop() running at /home/sirojiddin/code/Munacollection/main.py:126> wait_for=<Future pending cb=[Task.task_wakeup()]>>
2026-06-19 23:21:24,533 - httpx - INFO - HTTP Request: POST https://api.telegram.org/bot8657142758:AAGUQRm-T_ITFafMBJHzhBNQ2ZhjhuXQ4oE/getUpdates "HTTP/1.1 200 OK"
2026-06-19 23:21:35,383 - httpx - INFO - HTTP Request: POST https://api.telegram.org/bot8657142758:AAGUQRm-T_ITFafMBJHzhBNQ2ZhjhuXQ4oE/getUpdates "HTTP/1.1 200 OK"
2026-06-19 23:21:45,516 - httpx - INFO - HTTP Request: POST https://api.telegram.org/bot8657142758:AAGUQRm-T_ITFafMBJHzhBNQ2ZhjhuXQ4oE/getUpdates "HTTP/1.1 200 OK"
2026-06-19 23:30:20,757 - httpx - INFO - HTTP Request: POST https://api.telegram.org/bot8657142758:AAGUQRm-T_ITFafMBJHzhBNQ2ZhjhuXQ4oE/getMe "HTTP/1.1 200 OK"
2026-06-19 23:30:20,891 - httpx - INFO - HTTP Request: POST https://api.telegram.org/bot8657142758:AAGUQRm-T_ITFafMBJHzhBNQ2ZhjhuXQ4oE/setMyCommands "HTTP/1.1 200 OK"
2026-06-19 23:30:20,892 - __main__ - INFO - Bot commands successfully set.
2026-06-19 23:30:20,892 - __main__ - INFO - Deadline checker background task started.
2026-06-19 23:30:21,046 - httpx - INFO - HTTP Request: POST https://api.telegram.org/bot8657142758:AAGUQRm-T_ITFafMBJHzhBNQ2ZhjhuXQ4oE/deleteWebhook "HTTP/1.1 200 OK"
2026-06-19 23:30:21,049 - telegram.ext.Application - INFO - Application started
2026-06-19 23:30:31,410 - httpx - INFO - HTTP Request: POST https://api.telegram.org/bot8657142758:AAGUQRm-T_ITFafMBJHzhBNQ2ZhjhuXQ4oE/getUpdates "HTTP/1.1 200 OK"
2026-06-19 23:30:41,584 - httpx - INFO - HTTP Request: POST https://api.telegram.org/bot8657142758:AAGUQRm-T_ITFafMBJHzhBNQ2ZhjhuXQ4oE/getUpdates "HTTP/1.1 200 OK"
2026-06-19 23:30:51,739 - httpx - INFO - HTTP Request: POST https://api.telegram.org/bot8657142758:AAGUQRm-T_ITFafMBJHzhBNQ2ZhjhuXQ4oE/getUpdates "HTTP/1.1 200 OK"
2026-06-19 23:31:01,899 - httpx - INFO - HTTP Request: POST https://api.telegram.org/bot8657142758:AAGUQRm-T_ITFafMBJHzhBNQ2ZhjhuXQ4oE/getUpdates "HTTP/1.1 200 OK"
2026-06-19 23:31:12,033 - httpx - INFO - HTTP Request: POST https://api.telegram.org/bot8657142758:AAGUQRm-T_ITFafMBJHzhBNQ2ZhjhuXQ4oE/getUpdates "HTTP/1.1 200 OK"
2026-06-19 23:31:22,192 - httpx - INFO - HTTP Request: POST https://api.telegram.org/bot8657142758:AAGUQRm-T_ITFafMBJHzhBNQ2ZhjhuXQ4oE/getUpdates "HTTP/1.1 200 OK"
2026-06-19 23:31:32,320 - httpx - INFO - HTTP Request: POST https://api.telegram.org/bot8657142758:AAGUQRm-T_ITFafMBJHzhBNQ2ZhjhuXQ4oE/getUpdates "HTTP/1.1 200 OK"
2026-06-19 23:31:42,446 - httpx - INFO - HTTP Request: POST https://api.telegram.org/bot8657142758:AAGUQRm-T_ITFafMBJHzhBNQ2ZhjhuXQ4oE/getUpdates "HTTP/1.1 200 OK"
2026-06-19 23:31:52,587 - httpx - INFO - HTTP Request: POST https://api.telegram.org/bot8657142758:AAGUQRm-T_ITFafMBJHzhBNQ2ZhjhuXQ4oE/getUpdates "HTTP/1.1 200 OK"
2026-06-19 23:33:18,539 - httpx - INFO - HTTP Request: POST https://api.telegram.org/bot8657142758:AAGUQRm-T_ITFafMBJHzhBNQ2ZhjhuXQ4oE/getMe "HTTP/1.1 200 OK"
2026-06-19 23:33:18,672 - httpx - INFO - HTTP Request: POST https://api.telegram.org/bot8657142758:AAGUQRm-T_ITFafMBJHzhBNQ2ZhjhuXQ4oE/setMyCommands "HTTP/1.1 200 OK"
2026-06-19 23:33:18,673 - __main__ - INFO - Bot commands successfully set.
2026-06-19 23:33:18,674 - __main__ - INFO - Deadline checker background task started.
2026-06-19 23:33:18,795 - httpx - INFO - HTTP Request: POST https://api.telegram.org/bot8657142758:AAGUQRm-T_ITFafMBJHzhBNQ2ZhjhuXQ4oE/deleteWebhook "HTTP/1.1 200 OK"
2026-06-19 23:33:18,798 - telegram.ext.Application - INFO - Application started
2026-06-19 23:33:29,157 - httpx - INFO - HTTP Request: POST https://api.telegram.org/bot8657142758:AAGUQRm-T_ITFafMBJHzhBNQ2ZhjhuXQ4oE/getUpdates "HTTP/1.1 200 OK"
2026-06-19 23:33:39,322 - httpx - INFO - HTTP Request: POST https://api.telegram.org/bot8657142758:AAGUQRm-T_ITFafMBJHzhBNQ2ZhjhuXQ4oE/getUpdates "HTTP/1.1 200 OK"
2026-06-19 23:33:49,507 - httpx - INFO - HTTP Request: POST https://api.telegram.org/bot8657142758:AAGUQRm-T_ITFafMBJHzhBNQ2ZhjhuXQ4oE/getUpdates "HTTP/1.1 200 OK"
2026-06-19 23:33:59,682 - httpx - INFO - HTTP Request: POST https://api.telegram.org/bot8657142758:AAGUQRm-T_ITFafMBJHzhBNQ2ZhjhuXQ4oE/getUpdates "HTTP/1.1 200 OK"
2026-06-19 23:35:26,062 - httpx - INFO - HTTP Request: POST https://api.telegram.org/bot8657142758:AAGUQRm-T_ITFafMBJHzhBNQ2ZhjhuXQ4oE/getMe "HTTP/1.1 200 OK"
2026-06-19 23:35:26,267 - httpx - INFO - HTTP Request: POST https://api.telegram.org/bot8657142758:AAGUQRm-T_ITFafMBJHzhBNQ2ZhjhuXQ4oE/setMyCommands "HTTP/1.1 200 OK"
2026-06-19 23:35:26,268 - __main__ - INFO - Bot commands successfully set.
2026-06-19 23:35:26,268 - __main__ - INFO - Deadline checker background task started.
2026-06-19 23:35:26,416 - httpx - INFO - HTTP Request: POST https://api.telegram.org/bot8657142758:AAGUQRm-T_ITFafMBJHzhBNQ2ZhjhuXQ4oE/deleteWebhook "HTTP/1.1 200 OK"
2026-06-19 23:35:26,419 - telegram.ext.Application - INFO - Application started
2026-06-19 23:35:36,905 - httpx - INFO - HTTP Request: POST https://api.telegram.org/bot8657142758:AAGUQRm-T_ITFafMBJHzhBNQ2ZhjhuXQ4oE/getUpdates "HTTP/1.1 200 OK"
2026-06-19 23:35:38,968 - httpx - INFO - HTTP Request: POST https://api.telegram.org/bot8657142758:AAGUQRm-T_ITFafMBJHzhBNQ2ZhjhuXQ4oE/getUpdates "HTTP/1.1 200 OK"
2026-06-19 23:35:38,970 - messages - INFO - RAW UPDATE: {'message': {'channel_chat_created': False, 'delete_chat_photo': False, 'entities': [{'length': 6, 'offset': 0, 'type': <MessageEntityType.BOT_COMMAND>}], 'group_chat_created': False, 'supergroup_chat_created': False, 'text': '/start', 'chat': {'first_name': 'Sirojiddin', 'id': 8270492933, 'type': <ChatType.PRIVATE>, 'username': 'Sirojiddin_Ibn_Baxtiyor'}, 'date': 1781894138, 'message_id': 340, 'from': {'first_name': 'Sirojiddin', 'id': 8270492933, 'is_bot': False, 'language_code': 'en', 'username': 'Sirojiddin_Ibn_Baxtiyor'}}, 'update_id': 63033053}
2026-06-19 23:35:39,396 - httpx - INFO - HTTP Request: POST https://api.telegram.org/bot8657142758:AAGUQRm-T_ITFafMBJHzhBNQ2ZhjhuXQ4oE/sendMessage "HTTP/1.1 200 OK"
2026-06-19 23:35:49,102 - httpx - INFO - HTTP Request: POST https://api.telegram.org/bot8657142758:AAGUQRm-T_ITFafMBJHzhBNQ2ZhjhuXQ4oE/getUpdates "HTTP/1.1 200 OK"
2026-06-19 23:35:50,393 - httpx - INFO - HTTP Request: POST https://api.telegram.org/bot8657142758:AAGUQRm-T_ITFafMBJHzhBNQ2ZhjhuXQ4oE/getUpdates "HTTP/1.1 200 OK"
2026-06-19 23:35:50,396 - messages - INFO - RAW UPDATE: {'message': {'channel_chat_created': False, 'delete_chat_photo': False, 'group_chat_created': False, 'supergroup_chat_created': False, 'text': 'Bozor 🛍', 'chat': {'first_name': 'Sirojiddin', 'id': 8270492933, 'type': <ChatType.PRIVATE>, 'username': 'Sirojiddin_Ibn_Baxtiyor'}, 'date': 1781894149, 'message_id': 342, 'from': {'first_name': 'Sirojiddin', 'id': 8270492933, 'is_bot': False, 'language_code': 'en', 'username': 'Sirojiddin_Ibn_Baxtiyor'}}, 'update_id': 63033054}
2026-06-19 23:35:50,396 - messages - INFO - Message received from user_id=8270492933: state=None, text=Bozor 🛍
2026-06-19 23:35:51,618 - httpx - INFO - HTTP Request: POST https://api.telegram.org/bot8657142758:AAGUQRm-T_ITFafMBJHzhBNQ2ZhjhuXQ4oE/sendMediaGroup "HTTP/1.1 200 OK"
2026-06-19 23:35:51,772 - httpx - INFO - HTTP Request: POST https://api.telegram.org/bot8657142758:AAGUQRm-T_ITFafMBJHzhBNQ2ZhjhuXQ4oE/sendMessage "HTTP/1.1 200 OK"
2026-06-19 23:36:00,564 - httpx - INFO - HTTP Request: POST https://api.telegram.org/bot8657142758:AAGUQRm-T_ITFafMBJHzhBNQ2ZhjhuXQ4oE/getUpdates "HTTP/1.1 200 OK"
2026-06-19 23:36:11,070 - httpx - INFO - HTTP Request: POST https://api.telegram.org/bot8657142758:AAGUQRm-T_ITFafMBJHzhBNQ2ZhjhuXQ4oE/getUpdates "HTTP/1.1 200 OK"
2026-06-19 23:36:11,071 - telegram.ext.Application - INFO - Application is stopping. This might take a moment.
2026-06-19 23:36:11,072 - telegram.ext.Application - INFO - Application.stop() complete
2026-06-19 23:36:11,098 - asyncio - ERROR - Task was destroyed but it is pending!
task: <Task pending name='Task-5' coro=<deadline_checker_loop() done, defined at /home/sirojiddin/code/Munacollection/main.py:119> wait_for=<Future pending cb=[Task.task_wakeup()]>>
2026-06-20 23:16:11,869 - httpx - INFO - HTTP Request: POST https://api.telegram.org/bot8657142758:AAGUQRm-T_ITFafMBJHzhBNQ2ZhjhuXQ4oE/getMe "HTTP/1.1 200 OK"
2026-06-20 23:16:12,018 - httpx - INFO - HTTP Request: POST https://api.telegram.org/bot8657142758:AAGUQRm-T_ITFafMBJHzhBNQ2ZhjhuXQ4oE/setMyCommands "HTTP/1.1 200 OK"
2026-06-20 23:16:12,019 - __main__ - INFO - Bot commands successfully set.
2026-06-20 23:16:12,019 - __main__ - INFO - Deadline checker background task started.
2026-06-20 23:16:12,158 - httpx - INFO - HTTP Request: POST https://api.telegram.org/bot8657142758:AAGUQRm-T_ITFafMBJHzhBNQ2ZhjhuXQ4oE/deleteWebhook "HTTP/1.1 200 OK"
2026-06-20 23:16:12,160 - telegram.ext.Application - INFO - Application started
2026-06-20 23:16:22,588 - httpx - INFO - HTTP Request: POST https://api.telegram.org/bot8657142758:AAGUQRm-T_ITFafMBJHzhBNQ2ZhjhuXQ4oE/getUpdates "HTTP/1.1 200 OK"
2026-06-20 23:16:23,896 - httpx - INFO - HTTP Request: POST https://api.telegram.org/bot8657142758:AAGUQRm-T_ITFafMBJHzhBNQ2ZhjhuXQ4oE/getUpdates "HTTP/1.1 200 OK"
2026-06-20 23:16:23,899 - messages - INFO - RAW UPDATE: {'message': {'channel_chat_created': False, 'delete_chat_photo': False, 'entities': [{'length': 6, 'offset': 0, 'type': <MessageEntityType.BOT_COMMAND>}], 'group_chat_created': False, 'supergroup_chat_created': False, 'text': '/start', 'chat': {'first_name': 'Sirojiddin', 'id': 8270492933, 'type': <ChatType.PRIVATE>, 'username': 'Sirojiddin_Ibn_Baxtiyor'}, 'date': 1781979383, 'message_id': 347, 'from': {'first_name': 'Sirojiddin', 'id': 8270492933, 'is_bot': False, 'language_code': 'en', 'username': 'Sirojiddin_Ibn_Baxtiyor'}}, 'update_id': 63033055}
2026-06-20 23:16:24,355 - httpx - INFO - HTTP Request: POST https://api.telegram.org/bot8657142758:AAGUQRm-T_ITFafMBJHzhBNQ2ZhjhuXQ4oE/sendMessage "HTTP/1.1 200 OK"
2026-06-20 23:16:29,030 - httpx - INFO - HTTP Request: POST https://api.telegram.org/bot8657142758:AAGUQRm-T_ITFafMBJHzhBNQ2ZhjhuXQ4oE/getUpdates "HTTP/1.1 200 OK"
2026-06-20 23:16:29,033 - messages - INFO - RAW UPDATE: {'message': {'channel_chat_created': False, 'delete_chat_photo': False, 'group_chat_created': False, 'supergroup_chat_created': False, 'text': 'Guruh havolasi 👥', 'chat': {'first_name': 'Sirojiddin', 'id': 8270492933, 'type': <ChatType.PRIVATE>, 'username': 'Sirojiddin_Ibn_Baxtiyor'}, 'date': 1781979388, 'message_id': 349, 'from': {'first_name': 'Sirojiddin', 'id': 8270492933, 'is_bot': False, 'language_code': 'en', 'username': 'Sirojiddin_Ibn_Baxtiyor'}}, 'update_id': 63033056}
2026-06-20 23:16:29,033 - messages - INFO - Message received from user_id=8270492933: state=None, text=Guruh havolasi 👥
2026-06-20 23:16:29,197 - httpx - INFO - HTTP Request: POST https://api.telegram.org/bot8657142758:AAGUQRm-T_ITFafMBJHzhBNQ2ZhjhuXQ4oE/sendMessage "HTTP/1.1 200 OK"
2026-06-20 23:16:39,174 - httpx - INFO - HTTP Request: POST https://api.telegram.org/bot8657142758:AAGUQRm-T_ITFafMBJHzhBNQ2ZhjhuXQ4oE/getUpdates "HTTP/1.1 200 OK"
2026-06-20 23:16:49,329 - httpx - INFO - HTTP Request: POST https://api.telegram.org/bot8657142758:AAGUQRm-T_ITFafMBJHzhBNQ2ZhjhuXQ4oE/getUpdates "HTTP/1.1 200 OK"
2026-06-20 23:16:54,960 - httpx - INFO - HTTP Request: POST https://api.telegram.org/bot8657142758:AAGUQRm-T_ITFafMBJHzhBNQ2ZhjhuXQ4oE/getUpdates "HTTP/1.1 200 OK"
2026-06-20 23:16:54,961 - messages - INFO - RAW UPDATE: {'message': {'channel_chat_created': False, 'delete_chat_photo': False, 'group_chat_created': False, 'supergroup_chat_created': False, 'text': 'Elon Joylashtirish ➕', 'chat': {'first_name': 'Sirojiddin', 'id': 8270492933, 'type': <ChatType.PRIVATE>, 'username': 'Sirojiddin_Ibn_Baxtiyor'}, 'date': 1781979414, 'message_id': 351, 'from': {'first_name': 'Sirojiddin', 'id': 8270492933, 'is_bot': False, 'language_code': 'en', 'username': 'Sirojiddin_Ibn_Baxtiyor'}}, 'update_id': 63033057}
2026-06-20 23:16:54,961 - messages - INFO - Message received from user_id=8270492933: state=None, text=Elon Joylashtirish ➕
2026-06-20 23:16:55,422 - httpx - INFO - HTTP Request: POST https://api.telegram.org/bot8657142758:AAGUQRm-T_ITFafMBJHzhBNQ2ZhjhuXQ4oE/sendMessage "HTTP/1.1 200 OK"
2026-06-20 23:17:05,107 - httpx - INFO - HTTP Request: POST https://api.telegram.org/bot8657142758:AAGUQRm-T_ITFafMBJHzhBNQ2ZhjhuXQ4oE/getUpdates "HTTP/1.1 200 OK"
2026-06-20 23:17:13,085 - httpx - INFO - HTTP Request: POST https://api.telegram.org/bot8657142758:AAGUQRm-T_ITFafMBJHzhBNQ2ZhjhuXQ4oE/getUpdates "HTTP/1.1 200 OK"
2026-06-20 23:17:13,087 - messages - INFO - RAW UPDATE: {'message': {'channel_chat_created': False, 'delete_chat_photo': False, 'group_chat_created': False, 'media_group_id': '14255835463662770', 'photo': [{'height': 90, 'width': 90, 'file_id': 'AgACAgIAAxkBAAIBYWo22SjP2SIasEqRBEEQ8hJcVUtoAAJ4GGsbHb-5SUklWtG3y1lfAQADAgADcwADPAQ', 'file_size': 1606, 'file_unique_id': 'AQADeBhrGx2_uUl4'}, {'height': 320, 'width': 320, 'file_id': 'AgACAgIAAxkBAAIBYWo22SjP2SIasEqRBEEQ8hJcVUtoAAJ4GGsbHb-5SUklWtG3y1lfAQADAgADbQADPAQ', 'file_size': 30506, 'file_unique_id': 'AQADeBhrGx2_uUly'}, {'height': 640, 'width': 640, 'file_id': 'AgACAgIAAxkBAAIBYWo22SjP2SIasEqRBEEQ8hJcVUtoAAJ4GGsbHb-5SUklWtG3y1lfAQADAgADeAADPAQ', 'file_size': 93586, 'file_unique_id': 'AQADeBhrGx2_uUl9'}], 'supergroup_chat_created': False, 'chat': {'first_name': 'Sirojiddin', 'id': 8270492933, 'type': <ChatType.PRIVATE>, 'username': 'Sirojiddin_Ibn_Baxtiyor'}, 'date': 1781979432, 'message_id': 353, 'from': {'first_name': 'Sirojiddin', 'id': 8270492933, 'is_bot': False, 'language_code': 'en', 'username': 'Sirojiddin_Ibn_Baxtiyor'}}, 'update_id': 63033058}
2026-06-20 23:17:13,087 - messages - INFO - Message received from user_id=8270492933: state=AD_PHOTO, text=None
2026-06-20 23:17:13,087 - messages - INFO - RAW UPDATE: {'message': {'channel_chat_created': False, 'delete_chat_photo': False, 'group_chat_created': False, 'media_group_id': '14255835463662770', 'photo': [{'height': 90, 'width': 90, 'file_id': 'AgACAgIAAxkBAAIBYmo22ShkCYwNfYsXN4Iy7oFiHaKIAAJ5GGsbHb-5SRKiSSbz7WDJAQADAgADcwADPAQ', 'file_size': 846, 'file_unique_id': 'AQADeRhrGx2_uUl4'}, {'height': 320, 'width': 320, 'file_id': 'AgACAgIAAxkBAAIBYmo22ShkCYwNfYsXN4Iy7oFiHaKIAAJ5GGsbHb-5SRKiSSbz7WDJAQADAgADbQADPAQ', 'file_size': 8746, 'file_unique_id': 'AQADeRhrGx2_uUly'}, {'height': 640, 'width': 640, 'file_id': 'AgACAgIAAxkBAAIBYmo22ShkCYwNfYsXN4Iy7oFiHaKIAAJ5GGsbHb-5SRKiSSbz7WDJAQADAgADeAADPAQ', 'file_size': 20770, 'file_unique_id': 'AQADeRhrGx2_uUl9'}], 'supergroup_chat_created': False, 'chat': {'first_name': 'Sirojiddin', 'id': 8270492933, 'type': <ChatType.PRIVATE>, 'username': 'Sirojiddin_Ibn_Baxtiyor'}, 'date': 1781979432, 'message_id': 354, 'from': {'first_name': 'Sirojiddin', 'id': 8270492933, 'is_bot': False, 'language_code': 'en', 'username': 'Sirojiddin_Ibn_Baxtiyor'}}, 'update_id': 63033059}
2026-06-20 23:17:13,088 - messages - INFO - Message received from user_id=8270492933: state=AD_PHOTO, text=None
2026-06-20 23:17:16,564 - httpx - INFO - HTTP Request: POST https://api.telegram.org/bot8657142758:AAGUQRm-T_ITFafMBJHzhBNQ2ZhjhuXQ4oE/sendMessage "HTTP/1.1 200 OK"
2026-06-20 23:17:23,242 - httpx - INFO - HTTP Request: POST https://api.telegram.org/bot8657142758:AAGUQRm-T_ITFafMBJHzhBNQ2ZhjhuXQ4oE/getUpdates "HTTP/1.1 200 OK"
2026-06-20 23:17:33,378 - httpx - INFO - HTTP Request: POST https://api.telegram.org/bot8657142758:AAGUQRm-T_ITFafMBJHzhBNQ2ZhjhuXQ4oE/getUpdates "HTTP/1.1 200 OK"
2026-06-20 23:17:43,530 - httpx - INFO - HTTP Request: POST https://api.telegram.org/bot8657142758:AAGUQRm-T_ITFafMBJHzhBNQ2ZhjhuXQ4oE/getUpdates "HTTP/1.1 200 OK"
2026-06-20 23:17:48,855 - httpx - INFO - HTTP Request: POST https://api.telegram.org/bot8657142758:AAGUQRm-T_ITFafMBJHzhBNQ2ZhjhuXQ4oE/getUpdates "HTTP/1.1 200 OK"
2026-06-20 23:17:48,857 - messages - INFO - RAW UPDATE: {'message': {'channel_chat_created': False, 'delete_chat_photo': False, 'group_chat_created': False, 'supergroup_chat_created': False, 'text': 'Marsdan keladi💫', 'chat': {'first_name': 'Sirojiddin', 'id': 8270492933, 'type': <ChatType.PRIVATE>, 'username': 'Sirojiddin_Ibn_Baxtiyor'}, 'date': 1781979468, 'message_id': 356, 'from': {'first_name': 'Sirojiddin', 'id': 8270492933, 'is_bot': False, 'language_code': 'uz', 'username': 'Sirojiddin_Ibn_Baxtiyor'}}, 'update_id': 63033060}
2026-06-20 23:17:48,858 - messages - INFO - Message received from user_id=8270492933: state=AD_LOCATION, text=Marsdan keladi💫
2026-06-20 23:17:49,300 - httpx - INFO - HTTP Request: POST https://api.telegram.org/bot8657142758:AAGUQRm-T_ITFafMBJHzhBNQ2ZhjhuXQ4oE/sendMessage "HTTP/1.1 200 OK"
2026-06-20 23:17:53,914 - httpx - INFO - HTTP Request: POST https://api.telegram.org/bot8657142758:AAGUQRm-T_ITFafMBJHzhBNQ2ZhjhuXQ4oE/getUpdates "HTTP/1.1 200 OK"
2026-06-20 23:17:53,916 - messages - INFO - RAW UPDATE: {'message': {'channel_chat_created': False, 'delete_chat_photo': False, 'group_chat_created': False, 'supergroup_chat_created': False, 'text': '2yil', 'chat': {'first_name': 'Sirojiddin', 'id': 8270492933, 'type': <ChatType.PRIVATE>, 'username': 'Sirojiddin_Ibn_Baxtiyor'}, 'date': 1781979473, 'message_id': 358, 'from': {'first_name': 'Sirojiddin', 'id': 8270492933, 'is_bot': False, 'language_code': 'uz', 'username': 'Sirojiddin_Ibn_Baxtiyor'}}, 'update_id': 63033061}
2026-06-20 23:17:53,916 - messages - INFO - Message received from user_id=8270492933: state=AD_DELIVERY, text=2yil
2026-06-20 23:17:54,073 - httpx - INFO - HTTP Request: POST https://api.telegram.org/bot8657142758:AAGUQRm-T_ITFafMBJHzhBNQ2ZhjhuXQ4oE/sendMessage "HTTP/1.1 200 OK"
2026-06-20 23:18:04,070 - httpx - INFO - HTTP Request: POST https://api.telegram.org/bot8657142758:AAGUQRm-T_ITFafMBJHzhBNQ2ZhjhuXQ4oE/getUpdates "HTTP/1.1 200 OK"
2026-06-20 23:18:05,872 - httpx - INFO - HTTP Request: POST https://api.telegram.org/bot8657142758:AAGUQRm-T_ITFafMBJHzhBNQ2ZhjhuXQ4oE/getUpdates "HTTP/1.1 200 OK"
2026-06-20 23:18:05,874 - messages - INFO - RAW UPDATE: {'message': {'channel_chat_created': False, 'delete_chat_photo': False, 'group_chat_created': False, 'supergroup_chat_created': False, 'text': '9mlrd$', 'chat': {'first_name': 'Sirojiddin', 'id': 8270492933, 'type': <ChatType.PRIVATE>, 'username': 'Sirojiddin_Ibn_Baxtiyor'}, 'date': 1781979485, 'message_id': 360, 'from': {'first_name': 'Sirojiddin', 'id': 8270492933, 'is_bot': False, 'language_code': 'uz', 'username': 'Sirojiddin_Ibn_Baxtiyor'}}, 'update_id': 63033062}
2026-06-20 23:18:05,874 - messages - INFO - Message received from user_id=8270492933: state=AD_PRICE, text=9mlrd$
2026-06-20 23:18:06,345 - httpx - INFO - HTTP Request: POST https://api.telegram.org/bot8657142758:AAGUQRm-T_ITFafMBJHzhBNQ2ZhjhuXQ4oE/sendMessage "HTTP/1.1 200 OK"
2026-06-20 23:18:16,044 - httpx - INFO - HTTP Request: POST https://api.telegram.org/bot8657142758:AAGUQRm-T_ITFafMBJHzhBNQ2ZhjhuXQ4oE/getUpdates "HTTP/1.1 200 OK"
2026-06-20 23:18:16,482 - httpx - INFO - HTTP Request: POST https://api.telegram.org/bot8657142758:AAGUQRm-T_ITFafMBJHzhBNQ2ZhjhuXQ4oE/getUpdates "HTTP/1.1 200 OK"
2026-06-20 23:18:16,483 - messages - INFO - RAW UPDATE: {'message': {'channel_chat_created': False, 'delete_chat_photo': False, 'group_chat_created': False, 'supergroup_chat_created': False, 'text': 'Balo', 'chat': {'first_name': 'Sirojiddin', 'id': 8270492933, 'type': <ChatType.PRIVATE>, 'username': 'Sirojiddin_Ibn_Baxtiyor'}, 'date': 1781979496, 'message_id': 362, 'from': {'first_name': 'Sirojiddin', 'id': 8270492933, 'is_bot': False, 'language_code': 'uz', 'username': 'Sirojiddin_Ibn_Baxtiyor'}}, 'update_id': 63033063}
2026-06-20 23:18:16,488 - messages - INFO - Message received from user_id=8270492933: state=AD_DESCRIPTION, text=Balo
2026-06-20 23:18:16,998 - httpx - INFO - HTTP Request: POST https://api.telegram.org/bot8657142758:AAGUQRm-T_ITFafMBJHzhBNQ2ZhjhuXQ4oE/sendPhoto "HTTP/1.1 200 OK"
2026-06-20 23:18:21,187 - httpx - INFO - HTTP Request: POST https://api.telegram.org/bot8657142758:AAGUQRm-T_ITFafMBJHzhBNQ2ZhjhuXQ4oE/getUpdates "HTTP/1.1 200 OK"
2026-06-20 23:18:21,191 - messages - INFO - RAW UPDATE: {'callback_query': {'chat_instance': '3000672466049168352', 'data': 'ad_publish', 'id': '7851380559970283140', 'message': {'caption': "📦 E'lon Preview:\n\n📍 Kelish joyi: Marsdan keladi💫\n⏱ Kelish muddati: 2yil\n💵 Narxi: 9mlrd$\n📝 Izoh: Balo\n🖼 Jami rasmlar: 2 ta\n\nUshbu e'lonni chop etishni xohlaysizmi?", 'caption_entities': [{'length': 14, 'offset': 3, 'type': <MessageEntityType.BOLD>}], 'channel_chat_created': False, 'delete_chat_photo': False, 'group_chat_created': False, 'photo': [{'height': 90, 'width': 90, 'file_id': 'AgACAgIAAxkBAAIBYWo22SjP2SIasEqRBEEQ8hJcVUtoAAJ4GGsbHb-5SUklWtG3y1lfAQADAgADcwADPAQ', 'file_size': 1606, 'file_unique_id': 'AQADeBhrGx2_uUl4'}, {'height': 320, 'width': 320, 'file_id': 'AgACAgIAAxkBAAIBYWo22SjP2SIasEqRBEEQ8hJcVUtoAAJ4GGsbHb-5SUklWtG3y1lfAQADAgADbQADPAQ', 'file_size': 30506, 'file_unique_id': 'AQADeBhrGx2_uUly'}, {'height': 640, 'width': 640, 'file_id': 'AgACAgIAAxkBAAIBYWo22SjP2SIasEqRBEEQ8hJcVUtoAAJ4GGsbHb-5SUklWtG3y1lfAQADAgADeAADPAQ', 'file_size': 93586, 'file_unique_id': 'AQADeBhrGx2_uUl9'}], 'reply_markup': {'inline_keyboard': [[{'callback_data': 'ad_publish', 'text': 'Chop etish 🚀'}, {'callback_data': 'ad_cancel', 'text': 'Bekor qilish ❌'}]]}, 'supergroup_chat_created': False, 'chat': {'first_name': 'Sirojiddin', 'id': 8270492933, 'type': <ChatType.PRIVATE>, 'username': 'Sirojiddin_Ibn_Baxtiyor'}, 'date': 1781979496, 'message_id': 363, 'from': {'first_name': 'Muna Collection test', 'id': 8657142758, 'is_bot': True, 'username': 'fevrallik_noiloj_bot'}}, 'from': {'first_name': 'Sirojiddin', 'id': 8270492933, 'is_bot': False, 'language_code': 'uz', 'username': 'Sirojiddin_Ibn_Baxtiyor'}}, 'update_id': 63033064}
2026-06-20 23:18:21,191 - callbacks - INFO - Callback query received: user_id=8270492933, data=ad_publish
2026-06-20 23:18:21,335 - httpx - INFO - HTTP Request: POST https://api.telegram.org/bot8657142758:AAGUQRm-T_ITFafMBJHzhBNQ2ZhjhuXQ4oE/answerCallbackQuery "HTTP/1.1 200 OK"
2026-06-20 23:18:21,337 - callbacks - INFO - ad_publish callback triggered. user_data keys: ['state', 'new_ad_photo', 'new_ad_location', 'new_ad_delivery', 'new_ad_price', 'new_ad_description']
2026-06-20 23:18:21,337 - callbacks - INFO - ad_publish details: photo=True, location=Marsdan keladi💫, delivery=2yil, price=9mlrd$, description=Balo
2026-06-20 23:18:21,484 - httpx - INFO - HTTP Request: POST https://api.telegram.org/bot8657142758:AAGUQRm-T_ITFafMBJHzhBNQ2ZhjhuXQ4oE/getMe "HTTP/1.1 200 OK"
2026-06-20 23:18:21,871 - httpx - INFO - HTTP Request: POST https://api.telegram.org/bot8657142758:AAGUQRm-T_ITFafMBJHzhBNQ2ZhjhuXQ4oE/sendMediaGroup "HTTP/1.1 200 OK"
2026-06-20 23:18:22,039 - httpx - INFO - HTTP Request: POST https://api.telegram.org/bot8657142758:AAGUQRm-T_ITFafMBJHzhBNQ2ZhjhuXQ4oE/sendMessage "HTTP/1.1 200 OK"
2026-06-20 23:18:22,203 - httpx - INFO - HTTP Request: POST https://api.telegram.org/bot8657142758:AAGUQRm-T_ITFafMBJHzhBNQ2ZhjhuXQ4oE/sendMessage "HTTP/1.1 200 OK"
2026-06-20 23:18:22,350 - httpx - INFO - HTTP Request: POST https://api.telegram.org/bot8657142758:AAGUQRm-T_ITFafMBJHzhBNQ2ZhjhuXQ4oE/deleteMessage "HTTP/1.1 200 OK"
2026-06-20 23:18:22,507 - httpx - INFO - HTTP Request: POST https://api.telegram.org/bot8657142758:AAGUQRm-T_ITFafMBJHzhBNQ2ZhjhuXQ4oE/answerCallbackQuery "HTTP/1.1 200 OK"
2026-06-20 23:18:31,333 - httpx - INFO - HTTP Request: POST https://api.telegram.org/bot8657142758:AAGUQRm-T_ITFafMBJHzhBNQ2ZhjhuXQ4oE/getUpdates "HTTP/1.1 200 OK"
2026-06-20 23:18:41,482 - httpx - INFO - HTTP Request: POST https://api.telegram.org/bot8657142758:AAGUQRm-T_ITFafMBJHzhBNQ2ZhjhuXQ4oE/getUpdates "HTTP/1.1 200 OK"
2026-06-20 23:18:51,631 - httpx - INFO - HTTP Request: POST https://api.telegram.org/bot8657142758:AAGUQRm-T_ITFafMBJHzhBNQ2ZhjhuXQ4oE/getUpdates "HTTP/1.1 200 OK"
2026-06-20 23:19:01,774 - httpx - INFO - HTTP Request: POST https://api.telegram.org/bot8657142758:AAGUQRm-T_ITFafMBJHzhBNQ2ZhjhuXQ4oE/getUpdates "HTTP/1.1 200 OK"
2026-06-20 23:19:11,927 - httpx - INFO - HTTP Request: POST https://api.telegram.org/bot8657142758:AAGUQRm-T_ITFafMBJHzhBNQ2ZhjhuXQ4oE/getUpdates "HTTP/1.1 200 OK"
2026-06-20 23:19:22,053 - httpx - INFO - HTTP Request: POST https://api.telegram.org/bot8657142758:AAGUQRm-T_ITFafMBJHzhBNQ2ZhjhuXQ4oE/getUpdates "HTTP/1.1 200 OK"
2026-06-20 23:19:26,176 - httpx - INFO - HTTP Request: POST https://api.telegram.org/bot8657142758:AAGUQRm-T_ITFafMBJHzhBNQ2ZhjhuXQ4oE/getUpdates "HTTP/1.1 200 OK"
2026-06-20 23:19:26,178 - messages - INFO - RAW UPDATE: {'message': {'channel_chat_created': False, 'delete_chat_photo': False, 'entities': [{'length': 6, 'offset': 0, 'type': <MessageEntityType.BOT_COMMAND>}], 'group_chat_created': False, 'supergroup_chat_created': False, 'text': '/start buy_4', 'chat': {'first_name': 'Ghost', 'id': 7844532860, 'type': <ChatType.PRIVATE>}, 'date': 1781979566, 'message_id': 365, 'from': {'first_name': 'Ghost', 'id': 7844532860, 'is_bot': False, 'language_code': 'uz'}}, 'update_id': 63033065}
2026-06-20 23:19:26,613 - httpx - INFO - HTTP Request: POST https://api.telegram.org/bot8657142758:AAGUQRm-T_ITFafMBJHzhBNQ2ZhjhuXQ4oE/sendMessage "HTTP/1.1 200 OK"
2026-06-20 23:19:36,315 - httpx - INFO - HTTP Request: POST https://api.telegram.org/bot8657142758:AAGUQRm-T_ITFafMBJHzhBNQ2ZhjhuXQ4oE/getUpdates "HTTP/1.1 200 OK"
2026-06-20 23:19:44,958 - httpx - INFO - HTTP Request: POST https://api.telegram.org/bot8657142758:AAGUQRm-T_ITFafMBJHzhBNQ2ZhjhuXQ4oE/getUpdates "HTTP/1.1 200 OK"
2026-06-20 23:19:44,960 - messages - INFO - RAW UPDATE: {'message': {'channel_chat_created': False, 'delete_chat_photo': False, 'group_chat_created': False, 'photo': [{'height': 90, 'width': 90, 'file_id': 'AgACAgIAAxkBAAIBb2o22cDARCJQRJxSZX1I2-6eoh8OAALfF2sbU2aISdDowDuQdGwhAQADAgADcwADPAQ', 'file_size': 771, 'file_unique_id': 'AQAD3xdrG1NmiEl4'}, {'height': 320, 'width': 320, 'file_id': 'AgACAgIAAxkBAAIBb2o22cDARCJQRJxSZX1I2-6eoh8OAALfF2sbU2aISdDowDuQdGwhAQADAgADbQADPAQ', 'file_size': 4833, 'file_unique_id': 'AQAD3xdrG1NmiEly'}, {'height': 640, 'width': 640, 'file_id': 'AgACAgIAAxkBAAIBb2o22cDARCJQRJxSZX1I2-6eoh8OAALfF2sbU2aISdDowDuQdGwhAQADAgADeAADPAQ', 'file_size': 10612, 'file_unique_id': 'AQAD3xdrG1NmiEl9'}], 'supergroup_chat_created': False, 'chat': {'first_name': 'Ghost', 'id': 7844532860, 'type': <ChatType.PRIVATE>}, 'date': 1781979584, 'message_id': 367, 'from': {'first_name': 'Ghost', 'id': 7844532860, 'is_bot': False, 'language_code': 'uz'}}, 'update_id': 63033066}
2026-06-20 23:19:44,960 - messages - INFO - Message received from user_id=7844532860: state=BUY_RECEIPT, text=None
2026-06-20 23:19:45,493 - httpx - INFO - HTTP Request: POST https://api.telegram.org/bot8657142758:AAGUQRm-T_ITFafMBJHzhBNQ2ZhjhuXQ4oE/sendMessage "HTTP/1.1 200 OK"
2026-06-20 23:19:45,704 - httpx - INFO - HTTP Request: POST https://api.telegram.org/bot8657142758:AAGUQRm-T_ITFafMBJHzhBNQ2ZhjhuXQ4oE/sendPhoto "HTTP/1.1 200 OK"
2026-06-20 23:19:45,944 - httpx - INFO - HTTP Request: POST https://api.telegram.org/bot8657142758:AAGUQRm-T_ITFafMBJHzhBNQ2ZhjhuXQ4oE/sendPhoto "HTTP/1.1 200 OK"
2026-06-20 23:19:55,105 - httpx - INFO - HTTP Request: POST https://api.telegram.org/bot8657142758:AAGUQRm-T_ITFafMBJHzhBNQ2ZhjhuXQ4oE/getUpdates "HTTP/1.1 200 OK"
2026-06-20 23:20:05,246 - httpx - INFO - HTTP Request: POST https://api.telegram.org/bot8657142758:AAGUQRm-T_ITFafMBJHzhBNQ2ZhjhuXQ4oE/getUpdates "HTTP/1.1 200 OK"
2026-06-20 23:20:15,384 - httpx - INFO - HTTP Request: POST https://api.telegram.org/bot8657142758:AAGUQRm-T_ITFafMBJHzhBNQ2ZhjhuXQ4oE/getUpdates "HTTP/1.1 200 OK"
2026-06-20 23:20:25,523 - httpx - INFO - HTTP Request: POST https://api.telegram.org/bot8657142758:AAGUQRm-T_ITFafMBJHzhBNQ2ZhjhuXQ4oE/getUpdates "HTTP/1.1 200 OK"
2026-06-20 23:20:31,228 - httpx - INFO - HTTP Request: POST https://api.telegram.org/bot8657142758:AAGUQRm-T_ITFafMBJHzhBNQ2ZhjhuXQ4oE/getUpdates "HTTP/1.1 200 OK"
2026-06-20 23:20:31,230 - messages - INFO - RAW UPDATE: {'callback_query': {'chat_instance': '3000672466049168352', 'data': 'order_app_3', 'id': '7851380561622717656', 'message': {'caption': '🔔 YANGI BUYURTMA #3!\n\n👤 Xaridor: Mavjud emas (ID: 7844532860)\n📞 Telefon: +998952442256\n\n📦 Mahsulot:\n- ID: 4\n- Joyi: Marsdan keladi💫\n- Narxi: 9mlrd$\n- Izohi: Balo', 'caption_entities': [{'length': 13, 'offset': 76, 'type': <MessageEntityType.PHONE_NUMBER>}], 'channel_chat_created': False, 'delete_chat_photo': False, 'group_chat_created': False, 'photo': [{'height': 90, 'width': 90, 'file_id': 'AgACAgIAAxkBAAIBb2o22cDARCJQRJxSZX1I2-6eoh8OAALfF2sbU2aISdDowDuQdGwhAQADAgADcwADPAQ', 'file_size': 771, 'file_unique_id': 'AQAD3xdrG1NmiEl4'}, {'height': 320, 'width': 320, 'file_id': 'AgACAgIAAxkBAAIBb2o22cDARCJQRJxSZX1I2-6eoh8OAALfF2sbU2aISdDowDuQdGwhAQADAgADbQADPAQ', 'file_size': 4833, 'file_unique_id': 'AQAD3xdrG1NmiEly'}, {'height': 640, 'width': 640, 'file_id': 'AgACAgIAAxkBAAIBb2o22cDARCJQRJxSZX1I2-6eoh8OAALfF2sbU2aISdDowDuQdGwhAQADAgADeAADPAQ', 'file_size': 10612, 'file_unique_id': 'AQAD3xdrG1NmiEl9'}], 'reply_markup': {'inline_keyboard': [[{'callback_data': 'order_app_3', 'text': 'Tasdiqlash ✅'}, {'callback_data': 'order_rej_3', 'text': 'Rad etish ❌'}]]}, 'supergroup_chat_created': False, 'chat': {'first_name': 'Sirojiddin', 'id': 8270492933, 'type': <ChatType.PRIVATE>, 'username': 'Sirojiddin_Ibn_Baxtiyor'}, 'date': 1781979585, 'message_id': 369, 'from': {'first_name': 'Muna Collection test', 'id': 8657142758, 'is_bot': True, 'username': 'fevrallik_noiloj_bot'}}, 'from': {'first_name': 'Sirojiddin', 'id': 8270492933, 'is_bot': False, 'language_code': 'en', 'username': 'Sirojiddin_Ibn_Baxtiyor'}}, 'update_id': 63033067}
2026-06-20 23:20:31,230 - callbacks - INFO - Callback query received: user_id=8270492933, data=order_app_3
2026-06-20 23:20:32,469 - httpx - INFO - HTTP Request: POST https://api.telegram.org/bot8657142758:AAGUQRm-T_ITFafMBJHzhBNQ2ZhjhuXQ4oE/answerCallbackQuery "HTTP/1.1 200 OK"
2026-06-20 23:20:32,625 - httpx - INFO - HTTP Request: POST https://api.telegram.org/bot8657142758:AAGUQRm-T_ITFafMBJHzhBNQ2ZhjhuXQ4oE/editMessageCaption "HTTP/1.1 200 OK"
2026-06-20 23:20:32,781 - httpx - INFO - HTTP Request: POST https://api.telegram.org/bot8657142758:AAGUQRm-T_ITFafMBJHzhBNQ2ZhjhuXQ4oE/sendMessage "HTTP/1.1 200 OK"
2026-06-20 23:20:41,372 - httpx - INFO - HTTP Request: POST https://api.telegram.org/bot8657142758:AAGUQRm-T_ITFafMBJHzhBNQ2ZhjhuXQ4oE/getUpdates "HTTP/1.1 200 OK"
2026-06-20 23:20:46,110 - httpx - INFO - HTTP Request: POST https://api.telegram.org/bot8657142758:AAGUQRm-T_ITFafMBJHzhBNQ2ZhjhuXQ4oE/getUpdates "HTTP/1.1 200 OK"
2026-06-20 23:20:46,113 - messages - INFO - RAW UPDATE: {'message': {'channel_chat_created': False, 'delete_chat_photo': False, 'group_chat_created': False, 'supergroup_chat_created': False, 'text': 'Yetkazilmagan buyurtmalar ⏳', 'chat': {'first_name': 'Sirojiddin', 'id': 8270492933, 'type': <ChatType.PRIVATE>, 'username': 'Sirojiddin_Ibn_Baxtiyor'}, 'date': 1781979646, 'message_id': 372, 'from': {'first_name': 'Sirojiddin', 'id': 8270492933, 'is_bot': False, 'language_code': 'en', 'username': 'Sirojiddin_Ibn_Baxtiyor'}}, 'update_id': 63033068}
2026-06-20 23:20:46,113 - messages - INFO - Message received from user_id=8270492933: state=None, text=Yetkazilmagan buyurtmalar ⏳
2026-06-20 23:20:47,039 - httpx - INFO - HTTP Request: POST https://api.telegram.org/bot8657142758:AAGUQRm-T_ITFafMBJHzhBNQ2ZhjhuXQ4oE/sendMessage "HTTP/1.1 200 OK"
2026-06-20 23:20:47,206 - httpx - INFO - HTTP Request: POST https://api.telegram.org/bot8657142758:AAGUQRm-T_ITFafMBJHzhBNQ2ZhjhuXQ4oE/sendPhoto "HTTP/1.1 200 OK"
2026-06-20 23:20:47,930 - httpx - INFO - HTTP Request: POST https://api.telegram.org/bot8657142758:AAGUQRm-T_ITFafMBJHzhBNQ2ZhjhuXQ4oE/sendPhoto "HTTP/1.1 200 OK"
2026-06-20 23:20:56,274 - httpx - INFO - HTTP Request: POST https://api.telegram.org/bot8657142758:AAGUQRm-T_ITFafMBJHzhBNQ2ZhjhuXQ4oE/getUpdates "HTTP/1.1 200 OK"
2026-06-20 23:21:06,414 - httpx - INFO - HTTP Request: POST https://api.telegram.org/bot8657142758:AAGUQRm-T_ITFafMBJHzhBNQ2ZhjhuXQ4oE/getUpdates "HTTP/1.1 200 OK"
2026-06-20 23:21:16,553 - httpx - INFO - HTTP Request: POST https://api.telegram.org/bot8657142758:AAGUQRm-T_ITFafMBJHzhBNQ2ZhjhuXQ4oE/getUpdates "HTTP/1.1 200 OK"
2026-06-20 23:21:26,702 - httpx - INFO - HTTP Request: POST https://api.telegram.org/bot8657142758:AAGUQRm-T_ITFafMBJHzhBNQ2ZhjhuXQ4oE/getUpdates "HTTP/1.1 200 OK"
2026-06-20 23:21:36,850 - httpx - INFO - HTTP Request: POST https://api.telegram.org/bot8657142758:AAGUQRm-T_ITFafMBJHzhBNQ2ZhjhuXQ4oE/getUpdates "HTTP/1.1 200 OK"
2026-06-20 23:21:46,993 - httpx - INFO - HTTP Request: POST https://api.telegram.org/bot8657142758:AAGUQRm-T_ITFafMBJHzhBNQ2ZhjhuXQ4oE/getUpdates "HTTP/1.1 200 OK"
2026-06-20 23:21:57,125 - httpx - INFO - HTTP Request: POST https://api.telegram.org/bot8657142758:AAGUQRm-T_ITFafMBJHzhBNQ2ZhjhuXQ4oE/getUpdates "HTTP/1.1 200 OK"
2026-06-20 23:22:07,264 - httpx - INFO - HTTP Request: POST https://api.telegram.org/bot8657142758:AAGUQRm-T_ITFafMBJHzhBNQ2ZhjhuXQ4oE/getUpdates "HTTP/1.1 200 OK"
2026-06-20 23:22:17,407 - httpx - INFO - HTTP Request: POST https://api.telegram.org/bot8657142758:AAGUQRm-T_ITFafMBJHzhBNQ2ZhjhuXQ4oE/getUpdates "HTTP/1.1 200 OK"
2026-06-20 23:22:27,546 - httpx - INFO - HTTP Request: POST https://api.telegram.org/bot8657142758:AAGUQRm-T_ITFafMBJHzhBNQ2ZhjhuXQ4oE/getUpdates "HTTP/1.1 200 OK"
2026-06-20 23:22:37,687 - httpx - INFO - HTTP Request: POST https://api.telegram.org/bot8657142758:AAGUQRm-T_ITFafMBJHzhBNQ2ZhjhuXQ4oE/getUpdates "HTTP/1.1 200 OK"
2026-06-20 23:22:47,831 - httpx - INFO - HTTP Request: POST https://api.telegram.org/bot8657142758:AAGUQRm-T_ITFafMBJHzhBNQ2ZhjhuXQ4oE/getUpdates "HTTP/1.1 200 OK"
2026-06-20 23:22:57,977 - httpx - INFO - HTTP Request: POST https://api.telegram.org/bot8657142758:AAGUQRm-T_ITFafMBJHzhBNQ2ZhjhuXQ4oE/getUpdates "HTTP/1.1 200 OK"
2026-06-20 23:23:08,126 - httpx - INFO - HTTP Request: POST https://api.telegram.org/bot8657142758:AAGUQRm-T_ITFafMBJHzhBNQ2ZhjhuXQ4oE/getUpdates "HTTP/1.1 200 OK"
2026-06-20 23:23:18,270 - httpx - INFO - HTTP Request: POST https://api.telegram.org/bot8657142758:AAGUQRm-T_ITFafMBJHzhBNQ2ZhjhuXQ4oE/getUpdates "HTTP/1.1 200 OK"
2026-06-20 23:23:28,409 - httpx - INFO - HTTP Request: POST https://api.telegram.org/bot8657142758:AAGUQRm-T_ITFafMBJHzhBNQ2ZhjhuXQ4oE/getUpdates "HTTP/1.1 200 OK"
2026-06-20 23:23:38,545 - httpx - INFO - HTTP Request: POST https://api.telegram.org/bot8657142758:AAGUQRm-T_ITFafMBJHzhBNQ2ZhjhuXQ4oE/getUpdates "HTTP/1.1 200 OK"
2026-06-20 23:23:48,695 - httpx - INFO - HTTP Request: POST https://api.telegram.org/bot8657142758:AAGUQRm-T_ITFafMBJHzhBNQ2ZhjhuXQ4oE/getUpdates "HTTP/1.1 200 OK"
2026-06-20 23:23:58,833 - httpx - INFO - HTTP Request: POST https://api.telegram.org/bot8657142758:AAGUQRm-T_ITFafMBJHzhBNQ2ZhjhuXQ4oE/getUpdates "HTTP/1.1 200 OK"
2026-06-20 23:24:08,982 - httpx - INFO - HTTP Request: POST https://api.telegram.org/bot8657142758:AAGUQRm-T_ITFafMBJHzhBNQ2ZhjhuXQ4oE/getUpdates "HTTP/1.1 200 OK"
2026-06-20 23:24:19,267 - httpx - INFO - HTTP Request: POST https://api.telegram.org/bot8657142758:AAGUQRm-T_ITFafMBJHzhBNQ2ZhjhuXQ4oE/getUpdates "HTTP/1.1 200 OK"
2026-06-20 23:24:29,440 - httpx - INFO - HTTP Request: POST https://api.telegram.org/bot8657142758:AAGUQRm-T_ITFafMBJHzhBNQ2ZhjhuXQ4oE/getUpdates "HTTP/1.1 200 OK"
2026-06-20 23:24:35,133 - httpx - INFO - HTTP Request: POST https://api.telegram.org/bot8657142758:AAGUQRm-T_ITFafMBJHzhBNQ2ZhjhuXQ4oE/getMe "HTTP/1.1 200 OK"
2026-06-20 23:24:35,282 - httpx - INFO - HTTP Request: POST https://api.telegram.org/bot8657142758:AAGUQRm-T_ITFafMBJHzhBNQ2ZhjhuXQ4oE/setMyCommands "HTTP/1.1 200 OK"
2026-06-20 23:24:35,284 - __main__ - INFO - Bot commands successfully set.
2026-06-20 23:24:35,284 - __main__ - INFO - Deadline checker background task started.
2026-06-20 23:24:35,479 - httpx - INFO - HTTP Request: POST https://api.telegram.org/bot8657142758:AAGUQRm-T_ITFafMBJHzhBNQ2ZhjhuXQ4oE/sendMediaGroup "HTTP/1.1 200 OK"
2026-06-20 23:24:35,645 - httpx - INFO - HTTP Request: POST https://api.telegram.org/bot8657142758:AAGUQRm-T_ITFafMBJHzhBNQ2ZhjhuXQ4oE/sendMessage "HTTP/1.1 200 OK"
2026-06-20 23:24:35,699 - httpx - INFO - HTTP Request: POST https://api.telegram.org/bot8657142758:AAGUQRm-T_ITFafMBJHzhBNQ2ZhjhuXQ4oE/deleteWebhook "HTTP/1.1 200 OK"
2026-06-20 23:24:35,703 - telegram.ext.Application - INFO - Application started
2026-06-20 23:24:35,838 - httpx - INFO - HTTP Request: POST https://api.telegram.org/bot8657142758:AAGUQRm-T_ITFafMBJHzhBNQ2ZhjhuXQ4oE/sendMediaGroup "HTTP/1.1 200 OK"
2026-06-20 23:24:35,997 - httpx - INFO - HTTP Request: POST https://api.telegram.org/bot8657142758:AAGUQRm-T_ITFafMBJHzhBNQ2ZhjhuXQ4oE/sendMessage "HTTP/1.1 200 OK"
2026-06-20 23:24:36,078 - httpx - INFO - HTTP Request: POST https://api.telegram.org/bot8657142758:AAGUQRm-T_ITFafMBJHzhBNQ2ZhjhuXQ4oE/getUpdates "HTTP/1.1 409 Conflict"
2026-06-20 23:24:36,080 - telegram.ext.Application - ERROR - No error handlers are registered, logging exception.
Traceback (most recent call last):
  File "/home/sirojiddin/code/Munacollection/venv/lib/python3.13/site-packages/telegram/ext/_utils/networkloop.py", line 161, in network_retry_loop
    await do_action()
  File "/home/sirojiddin/code/Munacollection/venv/lib/python3.13/site-packages/telegram/ext/_utils/networkloop.py", line 154, in do_action
    action_cb_task.result()
    ~~~~~~~~~~~~~~~~~~~~~^^
  File "/home/sirojiddin/code/Munacollection/venv/lib/python3.13/site-packages/telegram/ext/_updater.py", line 340, in polling_action_cb
    updates = await self.bot.get_updates(
              ^^^^^^^^^^^^^^^^^^^^^^^^^^^
    ...<3 lines>...
    )
    ^
  File "/home/sirojiddin/code/Munacollection/venv/lib/python3.13/site-packages/telegram/ext/_extbot.py", line 680, in get_updates
    updates = await super().get_updates(
              ^^^^^^^^^^^^^^^^^^^^^^^^^^
    ...<9 lines>...
    )
    ^
  File "/home/sirojiddin/code/Munacollection/venv/lib/python3.13/site-packages/telegram/_bot.py", line 4767, in get_updates
    await self._post(
    ^^^^^^^^^^^^^^^^^
    ...<7 lines>...
    ),
    ^
  File "/home/sirojiddin/code/Munacollection/venv/lib/python3.13/site-packages/telegram/_bot.py", line 712, in _post
    return await self._do_post(
           ^^^^^^^^^^^^^^^^^^^^
    ...<6 lines>...
    )
    ^
  File "/home/sirojiddin/code/Munacollection/venv/lib/python3.13/site-packages/telegram/ext/_extbot.py", line 378, in _do_post
    return await super()._do_post(
           ^^^^^^^^^^^^^^^^^^^^^^^
    ...<6 lines>...
    )
    ^
  File "/home/sirojiddin/code/Munacollection/venv/lib/python3.13/site-packages/telegram/_bot.py", line 741, in _do_post
    result = await request.post(
             ^^^^^^^^^^^^^^^^^^^
    ...<6 lines>...
    )
    ^
  File "/home/sirojiddin/code/Munacollection/venv/lib/python3.13/site-packages/telegram/request/_baserequest.py", line 198, in post
    result = await self._request_wrapper(
             ^^^^^^^^^^^^^^^^^^^^^^^^^^^^
    ...<7 lines>...
    )
    ^
  File "/home/sirojiddin/code/Munacollection/venv/lib/python3.13/site-packages/telegram/request/_baserequest.py", line 375, in _request_wrapper
    raise exception
telegram.error.Conflict: Conflict: terminated by other getUpdates request; make sure that only one bot instance is running
2026-06-20 23:24:40,238 - httpx - INFO - HTTP Request: POST https://api.telegram.org/bot8657142758:AAGUQRm-T_ITFafMBJHzhBNQ2ZhjhuXQ4oE/getUpdates "HTTP/1.1 409 Conflict"
2026-06-20 23:24:40,240 - telegram.ext.Application - ERROR - No error handlers are registered, logging exception.
Traceback (most recent call last):
  File "/home/sirojiddin/code/Munacollection/venv/lib/python3.13/site-packages/telegram/ext/_utils/networkloop.py", line 161, in network_retry_loop
    await do_action()
  File "/home/sirojiddin/code/Munacollection/venv/lib/python3.13/site-packages/telegram/ext/_utils/networkloop.py", line 154, in do_action
    action_cb_task.result()
    ~~~~~~~~~~~~~~~~~~~~~^^
  File "/home/sirojiddin/code/Munacollection/venv/lib/python3.13/site-packages/telegram/ext/_updater.py", line 340, in polling_action_cb
    updates = await self.bot.get_updates(
              ^^^^^^^^^^^^^^^^^^^^^^^^^^^
    ...<3 lines>...
    )
    ^
  File "/home/sirojiddin/code/Munacollection/venv/lib/python3.13/site-packages/telegram/ext/_extbot.py", line 680, in get_updates
    updates = await super().get_updates(
              ^^^^^^^^^^^^^^^^^^^^^^^^^^
    ...<9 lines>...
    )
    ^
  File "/home/sirojiddin/code/Munacollection/venv/lib/python3.13/site-packages/telegram/_bot.py", line 4767, in get_updates
    await self._post(
    ^^^^^^^^^^^^^^^^^
    ...<7 lines>...
    ),
    ^
  File "/home/sirojiddin/code/Munacollection/venv/lib/python3.13/site-packages/telegram/_bot.py", line 712, in _post
    return await self._do_post(
           ^^^^^^^^^^^^^^^^^^^^
    ...<6 lines>...
    )
    ^
  File "/home/sirojiddin/code/Munacollection/venv/lib/python3.13/site-packages/telegram/ext/_extbot.py", line 378, in _do_post
    return await super()._do_post(
           ^^^^^^^^^^^^^^^^^^^^^^^
    ...<6 lines>...
    )
    ^
  File "/home/sirojiddin/code/Munacollection/venv/lib/python3.13/site-packages/telegram/_bot.py", line 741, in _do_post
    result = await request.post(
             ^^^^^^^^^^^^^^^^^^^
    ...<6 lines>...
    )
    ^
  File "/home/sirojiddin/code/Munacollection/venv/lib/python3.13/site-packages/telegram/request/_baserequest.py", line 198, in post
    result = await self._request_wrapper(
             ^^^^^^^^^^^^^^^^^^^^^^^^^^^^
    ...<7 lines>...
    )
    ^
  File "/home/sirojiddin/code/Munacollection/venv/lib/python3.13/site-packages/telegram/request/_baserequest.py", line 375, in _request_wrapper
    raise exception
telegram.error.Conflict: Conflict: terminated by other getUpdates request; make sure that only one bot instance is running
2026-06-20 23:24:41,372 - httpx - INFO - HTTP Request: POST https://api.telegram.org/bot8657142758:AAGUQRm-T_ITFafMBJHzhBNQ2ZhjhuXQ4oE/getUpdates "HTTP/1.1 409 Conflict"
2026-06-20 23:24:41,374 - telegram.ext.Application - ERROR - No error handlers are registered, logging exception.
Traceback (most recent call last):
  File "/home/sirojiddin/code/Munacollection/venv/lib/python3.13/site-packages/telegram/ext/_utils/networkloop.py", line 161, in network_retry_loop
    await do_action()
  File "/home/sirojiddin/code/Munacollection/venv/lib/python3.13/site-packages/telegram/ext/_utils/networkloop.py", line 154, in do_action
    action_cb_task.result()
    ~~~~~~~~~~~~~~~~~~~~~^^
  File "/home/sirojiddin/code/Munacollection/venv/lib/python3.13/site-packages/telegram/ext/_updater.py", line 340, in polling_action_cb
    updates = await self.bot.get_updates(
              ^^^^^^^^^^^^^^^^^^^^^^^^^^^
    ...<3 lines>...
    )
    ^
  File "/home/sirojiddin/code/Munacollection/venv/lib/python3.13/site-packages/telegram/ext/_extbot.py", line 680, in get_updates
    updates = await super().get_updates(
              ^^^^^^^^^^^^^^^^^^^^^^^^^^
    ...<9 lines>...
    )
    ^
  File "/home/sirojiddin/code/Munacollection/venv/lib/python3.13/site-packages/telegram/_bot.py", line 4767, in get_updates
    await self._post(
    ^^^^^^^^^^^^^^^^^
    ...<7 lines>...
    ),
    ^
  File "/home/sirojiddin/code/Munacollection/venv/lib/python3.13/site-packages/telegram/_bot.py", line 712, in _post
    return await self._do_post(
           ^^^^^^^^^^^^^^^^^^^^
    ...<6 lines>...
    )
    ^
  File "/home/sirojiddin/code/Munacollection/venv/lib/python3.13/site-packages/telegram/ext/_extbot.py", line 378, in _do_post
    return await super()._do_post(
           ^^^^^^^^^^^^^^^^^^^^^^^
    ...<6 lines>...
    )
    ^
  File "/home/sirojiddin/code/Munacollection/venv/lib/python3.13/site-packages/telegram/_bot.py", line 741, in _do_post
    result = await request.post(
             ^^^^^^^^^^^^^^^^^^^
    ...<6 lines>...
    )
    ^
  File "/home/sirojiddin/code/Munacollection/venv/lib/python3.13/site-packages/telegram/request/_baserequest.py", line 198, in post
    result = await self._request_wrapper(
             ^^^^^^^^^^^^^^^^^^^^^^^^^^^^
    ...<7 lines>...
    )
    ^
  File "/home/sirojiddin/code/Munacollection/venv/lib/python3.13/site-packages/telegram/request/_baserequest.py", line 375, in _request_wrapper
    raise exception
telegram.error.Conflict: Conflict: terminated by other getUpdates request; make sure that only one bot instance is running
2026-06-20 23:24:53,016 - httpx - INFO - HTTP Request: POST https://api.telegram.org/bot8657142758:AAGUQRm-T_ITFafMBJHzhBNQ2ZhjhuXQ4oE/getUpdates "HTTP/1.1 200 OK"
2026-06-20 23:25:03,164 - httpx - INFO - HTTP Request: POST https://api.telegram.org/bot8657142758:AAGUQRm-T_ITFafMBJHzhBNQ2ZhjhuXQ4oE/getUpdates "HTTP/1.1 200 OK"
2026-06-20 23:25:13,307 - httpx - INFO - HTTP Request: POST https://api.telegram.org/bot8657142758:AAGUQRm-T_ITFafMBJHzhBNQ2ZhjhuXQ4oE/getUpdates "HTTP/1.1 200 OK"
2026-06-20 23:25:23,461 - httpx - INFO - HTTP Request: POST https://api.telegram.org/bot8657142758:AAGUQRm-T_ITFafMBJHzhBNQ2ZhjhuXQ4oE/getUpdates "HTTP/1.1 200 OK"
2026-06-20 23:25:33,643 - httpx - INFO - HTTP Request: POST https://api.telegram.org/bot8657142758:AAGUQRm-T_ITFafMBJHzhBNQ2ZhjhuXQ4oE/getUpdates "HTTP/1.1 200 OK"
2026-06-20 23:25:43,794 - httpx - INFO - HTTP Request: POST https://api.telegram.org/bot8657142758:AAGUQRm-T_ITFafMBJHzhBNQ2ZhjhuXQ4oE/getUpdates "HTTP/1.1 200 OK"
2026-06-20 23:25:53,926 - httpx - INFO - HTTP Request: POST https://api.telegram.org/bot8657142758:AAGUQRm-T_ITFafMBJHzhBNQ2ZhjhuXQ4oE/getUpdates "HTTP/1.1 200 OK"
2026-06-20 23:25:54,382 - httpx - INFO - HTTP Request: POST https://api.telegram.org/bot8657142758:AAGUQRm-T_ITFafMBJHzhBNQ2ZhjhuXQ4oE/getUpdates "HTTP/1.1 200 OK"
2026-06-20 23:25:54,385 - messages - INFO - RAW UPDATE: {'callback_query': {'chat_instance': '3000672466049168352', 'data': 'extend_order_3', 'id': '7851380561439134362', 'message': {'channel_chat_created': False, 'delete_chat_photo': False, 'entities': [{'length': 24, 'offset': 3, 'type': <MessageEntityType.BOLD>}, {'length': 11, 'offset': 64, 'type': <MessageEntityType.BOLD>}, {'length': 13, 'offset': 112, 'type': <MessageEntityType.PHONE_NUMBER>}, {'length': 9, 'offset': 157, 'type': <MessageEntityType.BOLD>}], 'group_chat_created': False, 'reply_markup': {'inline_keyboard': [[{'callback_data': 'deliver_order_3', 'text': 'Ha, yetkazildi ✅'}], [{'callback_data': 'extend_order_3', 'text': "Yo'q, muddatni uzaytirish ⏱"}]]}, 'supergroup_chat_created': False, 'text': '🚨 BUYURTMA OGOHLANTIRISHI!\n⏳ MUDDAT TUGASHIGA 3 KUN QOLDI!\n\n📋 Buyurtma #3\n👤 Xaridor: Mavjud emas\n📞 Telefon: +998952442256\n⏱ Muddat: 2026-06-22 23:20\n\n📦 Mahsulot:\n- Joyi: Marsdan keladi💫\n- Narxi: 9mlrd$\n- Izohi: Balo\n\nUshbu buyurtma yetkazildimi?', 'chat': {'first_name': 'Sirojiddin', 'id': 8270492933, 'type': <ChatType.PRIVATE>, 'username': 'Sirojiddin_Ibn_Baxtiyor'}, 'date': 1781979875, 'message_id': 378, 'from': {'first_name': 'Muna Collection test', 'id': 8657142758, 'is_bot': True, 'username': 'fevrallik_noiloj_bot'}}, 'from': {'first_name': 'Sirojiddin', 'id': 8270492933, 'is_bot': False, 'language_code': 'en', 'username': 'Sirojiddin_Ibn_Baxtiyor'}}, 'update_id': 63033069}
2026-06-20 23:25:54,385 - callbacks - INFO - Callback query received: user_id=8270492933, data=extend_order_3
2026-06-20 23:25:54,853 - httpx - INFO - HTTP Request: POST https://api.telegram.org/bot8657142758:AAGUQRm-T_ITFafMBJHzhBNQ2ZhjhuXQ4oE/editMessageReplyMarkup "HTTP/1.1 200 OK"
2026-06-20 23:25:54,994 - httpx - INFO - HTTP Request: POST https://api.telegram.org/bot8657142758:AAGUQRm-T_ITFafMBJHzhBNQ2ZhjhuXQ4oE/answerCallbackQuery "HTTP/1.1 200 OK"
2026-06-20 23:25:58,437 - httpx - INFO - HTTP Request: POST https://api.telegram.org/bot8657142758:AAGUQRm-T_ITFafMBJHzhBNQ2ZhjhuXQ4oE/getUpdates "HTTP/1.1 200 OK"
2026-06-20 23:25:58,439 - messages - INFO - RAW UPDATE: {'callback_query': {'chat_instance': '3000672466049168352', 'data': 'ext_days_14_3', 'id': '7851380560811560364', 'message': {'channel_chat_created': False, 'delete_chat_photo': False, 'edit_date': 1781979954, 'entities': [{'length': 24, 'offset': 3, 'type': <MessageEntityType.BOLD>}, {'length': 11, 'offset': 64, 'type': <MessageEntityType.BOLD>}, {'length': 13, 'offset': 112, 'type': <MessageEntityType.PHONE_NUMBER>}, {'length': 9, 'offset': 157, 'type': <MessageEntityType.BOLD>}], 'group_chat_created': False, 'reply_markup': {'inline_keyboard': [[{'callback_data': 'ext_days_3_3', 'text': '3 kun 🗓'}, {'callback_data': 'ext_days_7_3', 'text': '7 kun 🗓'}], [{'callback_data': 'ext_days_14_3', 'text': '14 kun 🗓'}], [{'callback_data': 'cancel_deliv_3', 'text': 'Orqaga ⬅️'}]]}, 'supergroup_chat_created': False, 'text': '🚨 BUYURTMA OGOHLANTIRISHI!\n⏳ MUDDAT TUGASHIGA 3 KUN QOLDI!\n\n📋 Buyurtma #3\n👤 Xaridor: Mavjud emas\n📞 Telefon: +998952442256\n⏱ Muddat: 2026-06-22 23:20\n\n📦 Mahsulot:\n- Joyi: Marsdan keladi💫\n- Narxi: 9mlrd$\n- Izohi: Balo\n\nUshbu buyurtma yetkazildimi?', 'chat': {'first_name': 'Sirojiddin', 'id': 8270492933, 'type': <ChatType.PRIVATE>, 'username': 'Sirojiddin_Ibn_Baxtiyor'}, 'date': 1781979875, 'message_id': 378, 'from': {'first_name': 'Muna Collection test', 'id': 8657142758, 'is_bot': True, 'username': 'fevrallik_noiloj_bot'}}, 'from': {'first_name': 'Sirojiddin', 'id': 8270492933, 'is_bot': False, 'language_code': 'en', 'username': 'Sirojiddin_Ibn_Baxtiyor'}}, 'update_id': 63033070}
2026-06-20 23:25:58,439 - callbacks - INFO - Callback query received: user_id=8270492933, data=ext_days_14_3
2026-06-20 23:25:58,578 - httpx - INFO - HTTP Request: POST https://api.telegram.org/bot8657142758:AAGUQRm-T_ITFafMBJHzhBNQ2ZhjhuXQ4oE/editMessageCaption "HTTP/1.1 400 Bad Request"
2026-06-20 23:25:58,744 - httpx - INFO - HTTP Request: POST https://api.telegram.org/bot8657142758:AAGUQRm-T_ITFafMBJHzhBNQ2ZhjhuXQ4oE/editMessageText "HTTP/1.1 200 OK"
2026-06-20 23:25:58,882 - httpx - INFO - HTTP Request: POST https://api.telegram.org/bot8657142758:AAGUQRm-T_ITFafMBJHzhBNQ2ZhjhuXQ4oE/answerCallbackQuery "HTTP/1.1 200 OK"
2026-06-20 23:26:04,290 - httpx - INFO - HTTP Request: POST https://api.telegram.org/bot8657142758:AAGUQRm-T_ITFafMBJHzhBNQ2ZhjhuXQ4oE/getUpdates "HTTP/1.1 200 OK"
2026-06-20 23:26:04,293 - messages - INFO - RAW UPDATE: {'callback_query': {'chat_instance': '3000672466049168352', 'data': 'deliver_order_1', 'id': '7851380559953688310', 'message': {'caption': '📋 BUYURTMA #1\n\n👤 Xaridor: Mavjud emas\n📞 Telefon: +998952442256\n📅 Qabul qilingan: 2026-06-16 00:00:56\n⏱ Yetkazilishi kerak: 2026-07-04 00:00\n⏳ Muddat: 13 kun, 0 soat qoldi\n\n📦 Mahsulot parametrlari:\n- Joyi: xitoydan\n- Narxi: 19\n- Izohi: bu textbgnsfjdmka', 'caption_entities': [{'length': 11, 'offset': 3, 'type': <MessageEntityType.BOLD>}, {'length': 13, 'offset': 52, 'type': <MessageEntityType.PHONE_NUMBER>}, {'length': 22, 'offset': 179, 'type': <MessageEntityType.BOLD>}], 'channel_chat_created': False, 'delete_chat_photo': False, 'group_chat_created': False, 'photo': [{'height': 90, 'width': 90, 'file_id': 'AgACAgIAAxkDAAIBBGoy10mp3aIqYKwCTjOiF3ZqkiWIAAIvImsbE26BSSJ-SF5sacMAAQEAAwIAA3MAAzwE', 'file_size': 1348, 'file_unique_id': 'AQADLyJrGxNugUl4'}, {'height': 320, 'width': 320, 'file_id': 'AgACAgIAAxkDAAIBBGoy10mp3aIqYKwCTjOiF3ZqkiWIAAIvImsbE26BSSJ-SF5sacMAAQEAAwIAA20AAzwE', 'file_size': 13122, 'file_unique_id': 'AQADLyJrGxNugUly'}, {'height': 800, 'width': 800, 'file_id': 'AgACAgIAAxkDAAIBBGoy10mp3aIqYKwCTjOiF3ZqkiWIAAIvImsbE26BSSJ-SF5sacMAAQEAAwIAA3gAAzwE', 'file_size': 51800, 'file_unique_id': 'AQADLyJrGxNugUl9'}, {'height': 1280, 'width': 1280, 'file_id': 'AgACAgIAAxkDAAIBBGoy10mp3aIqYKwCTjOiF3ZqkiWIAAIvImsbE26BSSJ-SF5sacMAAQEAAwIAA3kAAzwE', 'file_size': 96924, 'file_unique_id': 'AQADLyJrGxNugUl-'}], 'reply_markup': {'inline_keyboard': [[{'callback_data': 'deliver_order_1', 'text': 'Yetkazildi ✅'}]]}, 'supergroup_chat_created': False, 'chat': {'first_name': 'Sirojiddin', 'id': 8270492933, 'type': <ChatType.PRIVATE>, 'username': 'Sirojiddin_Ibn_Baxtiyor'}, 'date': 1781979647, 'message_id': 375, 'from': {'first_name': 'Muna Collection test', 'id': 8657142758, 'is_bot': True, 'username': 'fevrallik_noiloj_bot'}}, 'from': {'first_name': 'Sirojiddin', 'id': 8270492933, 'is_bot': False, 'language_code': 'en', 'username': 'Sirojiddin_Ibn_Baxtiyor'}}, 'update_id': 63033071}
2026-06-20 23:26:04,293 - callbacks - INFO - Callback query received: user_id=8270492933, data=deliver_order_1
2026-06-20 23:26:04,696 - httpx - INFO - HTTP Request: POST https://api.telegram.org/bot8657142758:AAGUQRm-T_ITFafMBJHzhBNQ2ZhjhuXQ4oE/editMessageReplyMarkup "HTTP/1.1 200 OK"
2026-06-20 23:26:04,838 - httpx - INFO - HTTP Request: POST https://api.telegram.org/bot8657142758:AAGUQRm-T_ITFafMBJHzhBNQ2ZhjhuXQ4oE/answerCallbackQuery "HTTP/1.1 200 OK"
2026-06-20 23:26:08,990 - httpx - INFO - HTTP Request: POST https://api.telegram.org/bot8657142758:AAGUQRm-T_ITFafMBJHzhBNQ2ZhjhuXQ4oE/getUpdates "HTTP/1.1 200 OK"
2026-06-20 23:26:08,992 - messages - INFO - RAW UPDATE: {'callback_query': {'chat_instance': '3000672466049168352', 'data': 'confirm_deliv_1', 'id': '7851380560295902644', 'message': {'caption': '📋 BUYURTMA #1\n\n👤 Xaridor: Mavjud emas\n📞 Telefon: +998952442256\n📅 Qabul qilingan: 2026-06-16 00:00:56\n⏱ Yetkazilishi kerak: 2026-07-04 00:00\n⏳ Muddat: 13 kun, 0 soat qoldi\n\n📦 Mahsulot parametrlari:\n- Joyi: xitoydan\n- Narxi: 19\n- Izohi: bu textbgnsfjdmka', 'caption_entities': [{'length': 11, 'offset': 3, 'type': <MessageEntityType.BOLD>}, {'length': 13, 'offset': 52, 'type': <MessageEntityType.PHONE_NUMBER>}, {'length': 22, 'offset': 179, 'type': <MessageEntityType.BOLD>}], 'channel_chat_created': False, 'delete_chat_photo': False, 'edit_date': 1781979964, 'group_chat_created': False, 'photo': [{'height': 90, 'width': 90, 'file_id': 'AgACAgIAAxkDAAIBBGoy10mp3aIqYKwCTjOiF3ZqkiWIAAIvImsbE26BSSJ-SF5sacMAAQEAAwIAA3MAAzwE', 'file_size': 1348, 'file_unique_id': 'AQADLyJrGxNugUl4'}, {'height': 320, 'width': 320, 'file_id': 'AgACAgIAAxkDAAIBBGoy10mp3aIqYKwCTjOiF3ZqkiWIAAIvImsbE26BSSJ-SF5sacMAAQEAAwIAA20AAzwE', 'file_size': 13122, 'file_unique_id': 'AQADLyJrGxNugUly'}, {'height': 800, 'width': 800, 'file_id': 'AgACAgIAAxkDAAIBBGoy10mp3aIqYKwCTjOiF3ZqkiWIAAIvImsbE26BSSJ-SF5sacMAAQEAAwIAA3gAAzwE', 'file_size': 51800, 'file_unique_id': 'AQADLyJrGxNugUl9'}, {'height': 1280, 'width': 1280, 'file_id': 'AgACAgIAAxkDAAIBBGoy10mp3aIqYKwCTjOiF3ZqkiWIAAIvImsbE26BSSJ-SF5sacMAAQEAAwIAA3kAAzwE', 'file_size': 96924, 'file_unique_id': 'AQADLyJrGxNugUl-'}], 'reply_markup': {'inline_keyboard': [[{'callback_data': 'confirm_deliv_1', 'text': 'Ishonchim komil ✅'}], [{'callback_data': 'cancel_deliv_1', 'text': 'Orqaga ⬅️'}]]}, 'supergroup_chat_created': False, 'chat': {'first_name': 'Sirojiddin', 'id': 8270492933, 'type': <ChatType.PRIVATE>, 'username': 'Sirojiddin_Ibn_Baxtiyor'}, 'date': 1781979647, 'message_id': 375, 'from': {'first_name': 'Muna Collection test', 'id': 8657142758, 'is_bot': True, 'username': 'fevrallik_noiloj_bot'}}, 'from': {'first_name': 'Sirojiddin', 'id': 8270492933, 'is_bot': False, 'language_code': 'en', 'username': 'Sirojiddin_Ibn_Baxtiyor'}}, 'update_id': 63033072}
2026-06-20 23:26:08,993 - callbacks - INFO - Callback query received: user_id=8270492933, data=confirm_deliv_1
2026-06-20 23:26:09,150 - httpx - INFO - HTTP Request: POST https://api.telegram.org/bot8657142758:AAGUQRm-T_ITFafMBJHzhBNQ2ZhjhuXQ4oE/editMessageCaption "HTTP/1.1 200 OK"
2026-06-20 23:26:09,286 - httpx - INFO - HTTP Request: POST https://api.telegram.org/bot8657142758:AAGUQRm-T_ITFafMBJHzhBNQ2ZhjhuXQ4oE/answerCallbackQuery "HTTP/1.1 200 OK"
2026-06-20 23:26:09,510 - httpx - INFO - HTTP Request: POST https://api.telegram.org/bot8657142758:AAGUQRm-T_ITFafMBJHzhBNQ2ZhjhuXQ4oE/sendMessage "HTTP/1.1 200 OK"
2026-06-20 23:26:19,141 - httpx - INFO - HTTP Request: POST https://api.telegram.org/bot8657142758:AAGUQRm-T_ITFafMBJHzhBNQ2ZhjhuXQ4oE/getUpdates "HTTP/1.1 200 OK"
2026-06-20 23:26:29,289 - httpx - INFO - HTTP Request: POST https://api.telegram.org/bot8657142758:AAGUQRm-T_ITFafMBJHzhBNQ2ZhjhuXQ4oE/getUpdates "HTTP/1.1 200 OK"
2026-06-20 23:26:39,432 - httpx - INFO - HTTP Request: POST https://api.telegram.org/bot8657142758:AAGUQRm-T_ITFafMBJHzhBNQ2ZhjhuXQ4oE/getUpdates "HTTP/1.1 200 OK"
2026-06-20 23:26:49,574 - httpx - INFO - HTTP Request: POST https://api.telegram.org/bot8657142758:AAGUQRm-T_ITFafMBJHzhBNQ2ZhjhuXQ4oE/getUpdates "HTTP/1.1 200 OK"
2026-06-20 23:26:55,267 - httpx - INFO - HTTP Request: POST https://api.telegram.org/bot8657142758:AAGUQRm-T_ITFafMBJHzhBNQ2ZhjhuXQ4oE/getUpdates "HTTP/1.1 200 OK"
2026-06-20 23:26:55,269 - telegram.ext.Application - INFO - Application is stopping. This might take a moment.
2026-06-20 23:26:55,269 - telegram.ext.Application - INFO - Application.stop() complete
2026-06-20 23:26:55,296 - asyncio - ERROR - Task was destroyed but it is pending!
task: <Task pending name='Task-5' coro=<deadline_checker_loop() running at /home/sirojiddin/code/Munacollection/main.py:126> wait_for=<Future pending cb=[Task.task_wakeup()]>>
2026-06-20 23:26:59,616 - httpx - INFO - HTTP Request: POST https://api.telegram.org/bot8657142758:AAGUQRm-T_ITFafMBJHzhBNQ2ZhjhuXQ4oE/getMe "HTTP/1.1 200 OK"
2026-06-20 23:26:59,768 - httpx - INFO - HTTP Request: POST https://api.telegram.org/bot8657142758:AAGUQRm-T_ITFafMBJHzhBNQ2ZhjhuXQ4oE/setMyCommands "HTTP/1.1 200 OK"
2026-06-20 23:26:59,770 - __main__ - INFO - Bot commands successfully set.
2026-06-20 23:26:59,770 - __main__ - INFO - Deadline checker background task started.
2026-06-20 23:26:59,904 - httpx - INFO - HTTP Request: POST https://api.telegram.org/bot8657142758:AAGUQRm-T_ITFafMBJHzhBNQ2ZhjhuXQ4oE/deleteWebhook "HTTP/1.1 200 OK"
2026-06-20 23:26:59,906 - telegram.ext.Application - INFO - Application started
2026-06-20 23:27:10,336 - httpx - INFO - HTTP Request: POST https://api.telegram.org/bot8657142758:AAGUQRm-T_ITFafMBJHzhBNQ2ZhjhuXQ4oE/getUpdates "HTTP/1.1 200 OK"
2026-06-20 23:27:20,470 - httpx - INFO - HTTP Request: POST https://api.telegram.org/bot8657142758:AAGUQRm-T_ITFafMBJHzhBNQ2ZhjhuXQ4oE/getUpdates "HTTP/1.1 200 OK"
2026-06-20 23:27:30,603 - httpx - INFO - HTTP Request: POST https://api.telegram.org/bot8657142758:AAGUQRm-T_ITFafMBJHzhBNQ2ZhjhuXQ4oE/getUpdates "HTTP/1.1 200 OK"
2026-06-20 23:27:40,734 - httpx - INFO - HTTP Request: POST https://api.telegram.org/bot8657142758:AAGUQRm-T_ITFafMBJHzhBNQ2ZhjhuXQ4oE/getUpdates "HTTP/1.1 200 OK"
2026-06-20 23:27:50,867 - httpx - INFO - HTTP Request: POST https://api.telegram.org/bot8657142758:AAGUQRm-T_ITFafMBJHzhBNQ2ZhjhuXQ4oE/getUpdates "HTTP/1.1 200 OK"
2026-06-20 23:28:01,000 - httpx - INFO - HTTP Request: POST https://api.telegram.org/bot8657142758:AAGUQRm-T_ITFafMBJHzhBNQ2ZhjhuXQ4oE/getUpdates "HTTP/1.1 200 OK"
2026-06-20 23:28:11,133 - httpx - INFO - HTTP Request: POST https://api.telegram.org/bot8657142758:AAGUQRm-T_ITFafMBJHzhBNQ2ZhjhuXQ4oE/getUpdates "HTTP/1.1 200 OK"
2026-06-20 23:28:21,263 - httpx - INFO - HTTP Request: POST https://api.telegram.org/bot8657142758:AAGUQRm-T_ITFafMBJHzhBNQ2ZhjhuXQ4oE/getUpdates "HTTP/1.1 200 OK"
2026-06-20 23:28:31,409 - httpx - INFO - HTTP Request: POST https://api.telegram.org/bot8657142758:AAGUQRm-T_ITFafMBJHzhBNQ2ZhjhuXQ4oE/getUpdates "HTTP/1.1 200 OK"
2026-06-20 23:28:41,537 - httpx - INFO - HTTP Request: POST https://api.telegram.org/bot8657142758:AAGUQRm-T_ITFafMBJHzhBNQ2ZhjhuXQ4oE/getUpdates "HTTP/1.1 200 OK"
2026-06-20 23:28:51,672 - httpx - INFO - HTTP Request: POST https://api.telegram.org/bot8657142758:AAGUQRm-T_ITFafMBJHzhBNQ2ZhjhuXQ4oE/getUpdates "HTTP/1.1 200 OK"
2026-06-20 23:29:01,803 - httpx - INFO - HTTP Request: POST https://api.telegram.org/bot8657142758:AAGUQRm-T_ITFafMBJHzhBNQ2ZhjhuXQ4oE/getUpdates "HTTP/1.1 200 OK"
2026-06-20 23:29:11,936 - httpx - INFO - HTTP Request: POST https://api.telegram.org/bot8657142758:AAGUQRm-T_ITFafMBJHzhBNQ2ZhjhuXQ4oE/getUpdates "HTTP/1.1 200 OK"
2026-06-20 23:29:22,063 - httpx - INFO - HTTP Request: POST https://api.telegram.org/bot8657142758:AAGUQRm-T_ITFafMBJHzhBNQ2ZhjhuXQ4oE/getUpdates "HTTP/1.1 200 OK"
2026-06-20 23:29:32,197 - httpx - INFO - HTTP Request: POST https://api.telegram.org/bot8657142758:AAGUQRm-T_ITFafMBJHzhBNQ2ZhjhuXQ4oE/getUpdates "HTTP/1.1 200 OK"
2026-06-20 23:29:42,329 - httpx - INFO - HTTP Request: POST https://api.telegram.org/bot8657142758:AAGUQRm-T_ITFafMBJHzhBNQ2ZhjhuXQ4oE/getUpdates "HTTP/1.1 200 OK"
2026-06-20 23:29:52,453 - httpx - INFO - HTTP Request: POST https://api.telegram.org/bot8657142758:AAGUQRm-T_ITFafMBJHzhBNQ2ZhjhuXQ4oE/getUpdates "HTTP/1.1 200 OK"
2026-06-20 23:30:02,582 - httpx - INFO - HTTP Request: POST https://api.telegram.org/bot8657142758:AAGUQRm-T_ITFafMBJHzhBNQ2ZhjhuXQ4oE/getUpdates "HTTP/1.1 200 OK"
2026-06-20 23:30:12,712 - httpx - INFO - HTTP Request: POST https://api.telegram.org/bot8657142758:AAGUQRm-T_ITFafMBJHzhBNQ2ZhjhuXQ4oE/getUpdates "HTTP/1.1 200 OK"
2026-06-20 23:30:22,837 - httpx - INFO - HTTP Request: POST https://api.telegram.org/bot8657142758:AAGUQRm-T_ITFafMBJHzhBNQ2ZhjhuXQ4oE/getUpdates "HTTP/1.1 200 OK"
2026-06-20 23:30:32,973 - httpx - INFO - HTTP Request: POST https://api.telegram.org/bot8657142758:AAGUQRm-T_ITFafMBJHzhBNQ2ZhjhuXQ4oE/getUpdates "HTTP/1.1 200 OK"
2026-06-20 23:30:43,094 - httpx - INFO - HTTP Request: POST https://api.telegram.org/bot8657142758:AAGUQRm-T_ITFafMBJHzhBNQ2ZhjhuXQ4oE/getUpdates "HTTP/1.1 200 OK"
2026-06-20 23:30:53,221 - httpx - INFO - HTTP Request: POST https://api.telegram.org/bot8657142758:AAGUQRm-T_ITFafMBJHzhBNQ2ZhjhuXQ4oE/getUpdates "HTTP/1.1 200 OK"
2026-06-20 23:31:03,359 - httpx - INFO - HTTP Request: POST https://api.telegram.org/bot8657142758:AAGUQRm-T_ITFafMBJHzhBNQ2ZhjhuXQ4oE/getUpdates "HTTP/1.1 200 OK"
2026-06-20 23:31:13,494 - httpx - INFO - HTTP Request: POST https://api.telegram.org/bot8657142758:AAGUQRm-T_ITFafMBJHzhBNQ2ZhjhuXQ4oE/getUpdates "HTTP/1.1 200 OK"
2026-06-20 23:31:23,624 - httpx - INFO - HTTP Request: POST https://api.telegram.org/bot8657142758:AAGUQRm-T_ITFafMBJHzhBNQ2ZhjhuXQ4oE/getUpdates "HTTP/1.1 200 OK"
2026-06-20 23:31:33,773 - httpx - INFO - HTTP Request: POST https://api.telegram.org/bot8657142758:AAGUQRm-T_ITFafMBJHzhBNQ2ZhjhuXQ4oE/getUpdates "HTTP/1.1 200 OK"
2026-06-20 23:31:43,910 - httpx - INFO - HTTP Request: POST https://api.telegram.org/bot8657142758:AAGUQRm-T_ITFafMBJHzhBNQ2ZhjhuXQ4oE/getUpdates "HTTP/1.1 200 OK"
2026-06-20 23:31:54,049 - httpx - INFO - HTTP Request: POST https://api.telegram.org/bot8657142758:AAGUQRm-T_ITFafMBJHzhBNQ2ZhjhuXQ4oE/getUpdates "HTTP/1.1 200 OK"
2026-06-20 23:32:04,182 - httpx - INFO - HTTP Request: POST https://api.telegram.org/bot8657142758:AAGUQRm-T_ITFafMBJHzhBNQ2ZhjhuXQ4oE/getUpdates "HTTP/1.1 200 OK"
2026-06-20 23:32:14,332 - httpx - INFO - HTTP Request: POST https://api.telegram.org/bot8657142758:AAGUQRm-T_ITFafMBJHzhBNQ2ZhjhuXQ4oE/getUpdates "HTTP/1.1 200 OK"
2026-06-20 23:32:24,462 - httpx - INFO - HTTP Request: POST https://api.telegram.org/bot8657142758:AAGUQRm-T_ITFafMBJHzhBNQ2ZhjhuXQ4oE/getUpdates "HTTP/1.1 200 OK"
2026-06-20 23:32:34,604 - httpx - INFO - HTTP Request: POST https://api.telegram.org/bot8657142758:AAGUQRm-T_ITFafMBJHzhBNQ2ZhjhuXQ4oE/getUpdates "HTTP/1.1 200 OK"
2026-06-20 23:32:44,736 - httpx - INFO - HTTP Request: POST https://api.telegram.org/bot8657142758:AAGUQRm-T_ITFafMBJHzhBNQ2ZhjhuXQ4oE/getUpdates "HTTP/1.1 200 OK"
2026-06-20 23:32:54,864 - httpx - INFO - HTTP Request: POST https://api.telegram.org/bot8657142758:AAGUQRm-T_ITFafMBJHzhBNQ2ZhjhuXQ4oE/getUpdates "HTTP/1.1 200 OK"
2026-06-20 23:33:05,006 - httpx - INFO - HTTP Request: POST https://api.telegram.org/bot8657142758:AAGUQRm-T_ITFafMBJHzhBNQ2ZhjhuXQ4oE/getUpdates "HTTP/1.1 200 OK"
2026-06-20 23:33:15,135 - httpx - INFO - HTTP Request: POST https://api.telegram.org/bot8657142758:AAGUQRm-T_ITFafMBJHzhBNQ2ZhjhuXQ4oE/getUpdates "HTTP/1.1 200 OK"
2026-06-20 23:33:25,274 - httpx - INFO - HTTP Request: POST https://api.telegram.org/bot8657142758:AAGUQRm-T_ITFafMBJHzhBNQ2ZhjhuXQ4oE/getUpdates "HTTP/1.1 200 OK"
2026-06-20 23:33:35,411 - httpx - INFO - HTTP Request: POST https://api.telegram.org/bot8657142758:AAGUQRm-T_ITFafMBJHzhBNQ2ZhjhuXQ4oE/getUpdates "HTTP/1.1 200 OK"
2026-06-20 23:33:45,540 - httpx - INFO - HTTP Request: POST https://api.telegram.org/bot8657142758:AAGUQRm-T_ITFafMBJHzhBNQ2ZhjhuXQ4oE/getUpdates "HTTP/1.1 200 OK"
2026-06-20 23:33:55,664 - httpx - INFO - HTTP Request: POST https://api.telegram.org/bot8657142758:AAGUQRm-T_ITFafMBJHzhBNQ2ZhjhuXQ4oE/getUpdates "HTTP/1.1 200 OK"
2026-06-20 23:34:05,810 - httpx - INFO - HTTP Request: POST https://api.telegram.org/bot8657142758:AAGUQRm-T_ITFafMBJHzhBNQ2ZhjhuXQ4oE/getUpdates "HTTP/1.1 200 OK"
2026-06-20 23:34:15,938 - httpx - INFO - HTTP Request: POST https://api.telegram.org/bot8657142758:AAGUQRm-T_ITFafMBJHzhBNQ2ZhjhuXQ4oE/getUpdates "HTTP/1.1 200 OK"
2026-06-20 23:34:26,069 - httpx - INFO - HTTP Request: POST https://api.telegram.org/bot8657142758:AAGUQRm-T_ITFafMBJHzhBNQ2ZhjhuXQ4oE/getUpdates "HTTP/1.1 200 OK"
2026-06-20 23:34:36,204 - httpx - INFO - HTTP Request: POST https://api.telegram.org/bot8657142758:AAGUQRm-T_ITFafMBJHzhBNQ2ZhjhuXQ4oE/getUpdates "HTTP/1.1 200 OK"
2026-06-20 23:34:46,343 - httpx - INFO - HTTP Request: POST https://api.telegram.org/bot8657142758:AAGUQRm-T_ITFafMBJHzhBNQ2ZhjhuXQ4oE/getUpdates "HTTP/1.1 200 OK"
2026-06-20 23:34:56,485 - httpx - INFO - HTTP Request: POST https://api.telegram.org/bot8657142758:AAGUQRm-T_ITFafMBJHzhBNQ2ZhjhuXQ4oE/getUpdates "HTTP/1.1 200 OK"
2026-06-20 23:35:06,619 - httpx - INFO - HTTP Request: POST https://api.telegram.org/bot8657142758:AAGUQRm-T_ITFafMBJHzhBNQ2ZhjhuXQ4oE/getUpdates "HTTP/1.1 200 OK"
2026-06-20 23:35:16,762 - httpx - INFO - HTTP Request: POST https://api.telegram.org/bot8657142758:AAGUQRm-T_ITFafMBJHzhBNQ2ZhjhuXQ4oE/getUpdates "HTTP/1.1 200 OK"
2026-06-20 23:35:26,897 - httpx - INFO - HTTP Request: POST https://api.telegram.org/bot8657142758:AAGUQRm-T_ITFafMBJHzhBNQ2ZhjhuXQ4oE/getUpdates "HTTP/1.1 200 OK"
2026-06-20 23:35:37,031 - httpx - INFO - HTTP Request: POST https://api.telegram.org/bot8657142758:AAGUQRm-T_ITFafMBJHzhBNQ2ZhjhuXQ4oE/getUpdates "HTTP/1.1 200 OK"
2026-06-20 23:35:47,187 - httpx - INFO - HTTP Request: POST https://api.telegram.org/bot8657142758:AAGUQRm-T_ITFafMBJHzhBNQ2ZhjhuXQ4oE/getUpdates "HTTP/1.1 200 OK"
2026-06-20 23:35:57,315 - httpx - INFO - HTTP Request: POST https://api.telegram.org/bot8657142758:AAGUQRm-T_ITFafMBJHzhBNQ2ZhjhuXQ4oE/getUpdates "HTTP/1.1 200 OK"
2026-06-20 23:36:07,480 - httpx - INFO - HTTP Request: POST https://api.telegram.org/bot8657142758:AAGUQRm-T_ITFafMBJHzhBNQ2ZhjhuXQ4oE/getUpdates "HTTP/1.1 200 OK"
2026-06-20 23:36:17,613 - httpx - INFO - HTTP Request: POST https://api.telegram.org/bot8657142758:AAGUQRm-T_ITFafMBJHzhBNQ2ZhjhuXQ4oE/getUpdates "HTTP/1.1 200 OK"
2026-06-20 23:36:27,756 - httpx - INFO - HTTP Request: POST https://api.telegram.org/bot8657142758:AAGUQRm-T_ITFafMBJHzhBNQ2ZhjhuXQ4oE/getUpdates "HTTP/1.1 200 OK"
2026-06-20 23:36:37,883 - httpx - INFO - HTTP Request: POST https://api.telegram.org/bot8657142758:AAGUQRm-T_ITFafMBJHzhBNQ2ZhjhuXQ4oE/getUpdates "HTTP/1.1 200 OK"
2026-06-20 23:36:48,016 - httpx - INFO - HTTP Request: POST https://api.telegram.org/bot8657142758:AAGUQRm-T_ITFafMBJHzhBNQ2ZhjhuXQ4oE/getUpdates "HTTP/1.1 200 OK"
2026-06-20 23:36:58,151 - httpx - INFO - HTTP Request: POST https://api.telegram.org/bot8657142758:AAGUQRm-T_ITFafMBJHzhBNQ2ZhjhuXQ4oE/getUpdates "HTTP/1.1 200 OK"
2026-06-20 23:37:08,283 - httpx - INFO - HTTP Request: POST https://api.telegram.org/bot8657142758:AAGUQRm-T_ITFafMBJHzhBNQ2ZhjhuXQ4oE/getUpdates "HTTP/1.1 200 OK"
2026-06-20 23:37:18,407 - httpx - INFO - HTTP Request: POST https://api.telegram.org/bot8657142758:AAGUQRm-T_ITFafMBJHzhBNQ2ZhjhuXQ4oE/getUpdates "HTTP/1.1 200 OK"
2026-06-20 23:37:28,533 - httpx - INFO - HTTP Request: POST https://api.telegram.org/bot8657142758:AAGUQRm-T_ITFafMBJHzhBNQ2ZhjhuXQ4oE/getUpdates "HTTP/1.1 200 OK"
2026-06-20 23:37:38,657 - httpx - INFO - HTTP Request: POST https://api.telegram.org/bot8657142758:AAGUQRm-T_ITFafMBJHzhBNQ2ZhjhuXQ4oE/getUpdates "HTTP/1.1 200 OK"
2026-06-20 23:37:48,782 - httpx - INFO - HTTP Request: POST https://api.telegram.org/bot8657142758:AAGUQRm-T_ITFafMBJHzhBNQ2ZhjhuXQ4oE/getUpdates "HTTP/1.1 200 OK"
2026-06-20 23:37:58,907 - httpx - INFO - HTTP Request: POST https://api.telegram.org/bot8657142758:AAGUQRm-T_ITFafMBJHzhBNQ2ZhjhuXQ4oE/getUpdates "HTTP/1.1 200 OK"
2026-06-20 23:38:09,046 - httpx - INFO - HTTP Request: POST https://api.telegram.org/bot8657142758:AAGUQRm-T_ITFafMBJHzhBNQ2ZhjhuXQ4oE/getUpdates "HTTP/1.1 200 OK"
2026-06-20 23:38:19,172 - httpx - INFO - HTTP Request: POST https://api.telegram.org/bot8657142758:AAGUQRm-T_ITFafMBJHzhBNQ2ZhjhuXQ4oE/getUpdates "HTTP/1.1 200 OK"
2026-06-20 23:38:29,312 - httpx - INFO - HTTP Request: POST https://api.telegram.org/bot8657142758:AAGUQRm-T_ITFafMBJHzhBNQ2ZhjhuXQ4oE/getUpdates "HTTP/1.1 200 OK"
2026-06-20 23:38:39,456 - httpx - INFO - HTTP Request: POST https://api.telegram.org/bot8657142758:AAGUQRm-T_ITFafMBJHzhBNQ2ZhjhuXQ4oE/getUpdates "HTTP/1.1 200 OK"
2026-06-20 23:38:49,590 - httpx - INFO - HTTP Request: POST https://api.telegram.org/bot8657142758:AAGUQRm-T_ITFafMBJHzhBNQ2ZhjhuXQ4oE/getUpdates "HTTP/1.1 200 OK"
2026-06-20 23:38:56,679 - httpx - INFO - HTTP Request: POST https://api.telegram.org/bot8657142758:AAGUQRm-T_ITFafMBJHzhBNQ2ZhjhuXQ4oE/getUpdates "HTTP/1.1 200 OK"
2026-06-20 23:38:56,681 - messages - INFO - RAW UPDATE: {'message': {'channel_chat_created': False, 'delete_chat_photo': False, 'group_chat_created': False, 'supergroup_chat_created': False, 'text': 'Elon Joylashtirish ➕', 'chat': {'first_name': 'Sirojiddin', 'id': 8270492933, 'type': <ChatType.PRIVATE>, 'username': 'Sirojiddin_Ibn_Baxtiyor'}, 'date': 1781980736, 'message_id': 383, 'from': {'first_name': 'Sirojiddin', 'id': 8270492933, 'is_bot': False, 'language_code': 'uz', 'username': 'Sirojiddin_Ibn_Baxtiyor'}}, 'update_id': 63033073}
2026-06-20 23:38:56,682 - messages - INFO - Message received from user_id=8270492933: state=None, text=Elon Joylashtirish ➕
2026-06-20 23:38:57,217 - httpx - INFO - HTTP Request: POST https://api.telegram.org/bot8657142758:AAGUQRm-T_ITFafMBJHzhBNQ2ZhjhuXQ4oE/sendMessage "HTTP/1.1 200 OK"
2026-06-20 23:39:04,624 - httpx - INFO - HTTP Request: POST https://api.telegram.org/bot8657142758:AAGUQRm-T_ITFafMBJHzhBNQ2ZhjhuXQ4oE/getUpdates "HTTP/1.1 200 OK"
2026-06-20 23:39:04,626 - messages - INFO - RAW UPDATE: {'message': {'channel_chat_created': False, 'delete_chat_photo': False, 'group_chat_created': False, 'photo': [{'height': 90, 'width': 51, 'file_id': 'AgACAgIAAxkBAAIBgWo23kgN7njroosKDGtyZkh6k-aGAAKcGGsbHb-5Se0IpMAFegOkAQADAgADcwADPAQ', 'file_size': 1276, 'file_unique_id': 'AQADnBhrGx2_uUl4'}, {'height': 320, 'width': 180, 'file_id': 'AgACAgIAAxkBAAIBgWo23kgN7njroosKDGtyZkh6k-aGAAKcGGsbHb-5Se0IpMAFegOkAQADAgADbQADPAQ', 'file_size': 14629, 'file_unique_id': 'AQADnBhrGx2_uUly'}, {'height': 800, 'width': 450, 'file_id': 'AgACAgIAAxkBAAIBgWo23kgN7njroosKDGtyZkh6k-aGAAKcGGsbHb-5Se0IpMAFegOkAQADAgADeAADPAQ', 'file_size': 55453, 'file_unique_id': 'AQADnBhrGx2_uUl9'}, {'height': 1280, 'width': 720, 'file_id': 'AgACAgIAAxkBAAIBgWo23kgN7njroosKDGtyZkh6k-aGAAKcGGsbHb-5Se0IpMAFegOkAQADAgADeQADPAQ', 'file_size': 124957, 'file_unique_id': 'AQADnBhrGx2_uUl-'}, {'height': 1920, 'width': 1080, 'file_id': 'AgACAgIAAxkBAAIBgWo23kgN7njroosKDGtyZkh6k-aGAAKcGGsbHb-5Se0IpMAFegOkAQADAgADdwADPAQ', 'file_size': 202818, 'file_unique_id': 'AQADnBhrGx2_uUl8'}], 'supergroup_chat_created': False, 'chat': {'first_name': 'Sirojiddin', 'id': 8270492933, 'type': <ChatType.PRIVATE>, 'username': 'Sirojiddin_Ibn_Baxtiyor'}, 'date': 1781980744, 'message_id': 385, 'from': {'first_name': 'Sirojiddin', 'id': 8270492933, 'is_bot': False, 'language_code': 'uz', 'username': 'Sirojiddin_Ibn_Baxtiyor'}}, 'update_id': 63033074}
2026-06-20 23:39:04,626 - messages - INFO - Message received from user_id=8270492933: state=AD_PHOTO, text=None
2026-06-20 23:39:08,043 - httpx - INFO - HTTP Request: POST https://api.telegram.org/bot8657142758:AAGUQRm-T_ITFafMBJHzhBNQ2ZhjhuXQ4oE/sendMessage "HTTP/1.1 200 OK"
2026-06-20 23:39:14,755 - httpx - INFO - HTTP Request: POST https://api.telegram.org/bot8657142758:AAGUQRm-T_ITFafMBJHzhBNQ2ZhjhuXQ4oE/getUpdates "HTTP/1.1 200 OK"
2026-06-20 23:39:15,732 - httpx - INFO - HTTP Request: POST https://api.telegram.org/bot8657142758:AAGUQRm-T_ITFafMBJHzhBNQ2ZhjhuXQ4oE/getUpdates "HTTP/1.1 200 OK"
2026-06-20 23:39:15,733 - messages - INFO - RAW UPDATE: {'message': {'channel_chat_created': False, 'delete_chat_photo': False, 'group_chat_created': False, 'supergroup_chat_created': False, 'text': "Do'kondan", 'chat': {'first_name': 'Sirojiddin', 'id': 8270492933, 'type': <ChatType.PRIVATE>, 'username': 'Sirojiddin_Ibn_Baxtiyor'}, 'date': 1781980755, 'message_id': 387, 'from': {'first_name': 'Sirojiddin', 'id': 8270492933, 'is_bot': False, 'language_code': 'uz', 'username': 'Sirojiddin_Ibn_Baxtiyor'}}, 'update_id': 63033075}
2026-06-20 23:39:15,733 - messages - INFO - Message received from user_id=8270492933: state=AD_LOCATION, text=Do'kondan
2026-06-20 23:39:16,155 - httpx - INFO - HTTP Request: POST https://api.telegram.org/bot8657142758:AAGUQRm-T_ITFafMBJHzhBNQ2ZhjhuXQ4oE/sendMessage "HTTP/1.1 200 OK"
2026-06-20 23:39:23,471 - httpx - INFO - HTTP Request: POST https://api.telegram.org/bot8657142758:AAGUQRm-T_ITFafMBJHzhBNQ2ZhjhuXQ4oE/getUpdates "HTTP/1.1 200 OK"
2026-06-20 23:39:23,473 - messages - INFO - RAW UPDATE: {'message': {'channel_chat_created': False, 'delete_chat_photo': False, 'group_chat_created': False, 'supergroup_chat_created': False, 'text': '1 kun', 'chat': {'first_name': 'Sirojiddin', 'id': 8270492933, 'type': <ChatType.PRIVATE>, 'username': 'Sirojiddin_Ibn_Baxtiyor'}, 'date': 1781980763, 'message_id': 389, 'from': {'first_name': 'Sirojiddin', 'id': 8270492933, 'is_bot': False, 'language_code': 'uz', 'username': 'Sirojiddin_Ibn_Baxtiyor'}}, 'update_id': 63033076}
2026-06-20 23:39:23,473 - messages - INFO - Message received from user_id=8270492933: state=AD_DELIVERY, text=1 kun
2026-06-20 23:39:23,935 - httpx - INFO - HTTP Request: POST https://api.telegram.org/bot8657142758:AAGUQRm-T_ITFafMBJHzhBNQ2ZhjhuXQ4oE/sendMessage "HTTP/1.1 200 OK"
2026-06-20 23:39:31,283 - httpx - INFO - HTTP Request: POST https://api.telegram.org/bot8657142758:AAGUQRm-T_ITFafMBJHzhBNQ2ZhjhuXQ4oE/getUpdates "HTTP/1.1 200 OK"
2026-06-20 23:39:31,286 - messages - INFO - RAW UPDATE: {'message': {'channel_chat_created': False, 'delete_chat_photo': False, 'group_chat_created': False, 'supergroup_chat_created': False, 'text': '10k', 'chat': {'first_name': 'Sirojiddin', 'id': 8270492933, 'type': <ChatType.PRIVATE>, 'username': 'Sirojiddin_Ibn_Baxtiyor'}, 'date': 1781980771, 'message_id': 391, 'from': {'first_name': 'Sirojiddin', 'id': 8270492933, 'is_bot': False, 'language_code': 'uz', 'username': 'Sirojiddin_Ibn_Baxtiyor'}}, 'update_id': 63033077}
2026-06-20 23:39:31,286 - messages - INFO - Message received from user_id=8270492933: state=AD_PRICE, text=10k
2026-06-20 23:39:31,740 - httpx - INFO - HTTP Request: POST https://api.telegram.org/bot8657142758:AAGUQRm-T_ITFafMBJHzhBNQ2ZhjhuXQ4oE/sendMessage "HTTP/1.1 200 OK"
2026-06-20 23:39:35,985 - httpx - INFO - HTTP Request: POST https://api.telegram.org/bot8657142758:AAGUQRm-T_ITFafMBJHzhBNQ2ZhjhuXQ4oE/getUpdates "HTTP/1.1 200 OK"
2026-06-20 23:39:35,987 - messages - INFO - RAW UPDATE: {'message': {'channel_chat_created': False, 'delete_chat_photo': False, 'group_chat_created': False, 'supergroup_chat_created': False, 'text': 'Ayron', 'chat': {'first_name': 'Sirojiddin', 'id': 8270492933, 'type': <ChatType.PRIVATE>, 'username': 'Sirojiddin_Ibn_Baxtiyor'}, 'date': 1781980775, 'message_id': 393, 'from': {'first_name': 'Sirojiddin', 'id': 8270492933, 'is_bot': False, 'language_code': 'uz', 'username': 'Sirojiddin_Ibn_Baxtiyor'}}, 'update_id': 63033078}
2026-06-20 23:39:35,987 - messages - INFO - Message received from user_id=8270492933: state=AD_DESCRIPTION, text=Ayron
2026-06-20 23:39:36,178 - httpx - INFO - HTTP Request: POST https://api.telegram.org/bot8657142758:AAGUQRm-T_ITFafMBJHzhBNQ2ZhjhuXQ4oE/sendPhoto "HTTP/1.1 200 OK"
2026-06-20 23:39:40,183 - httpx - INFO - HTTP Request: POST https://api.telegram.org/bot8657142758:AAGUQRm-T_ITFafMBJHzhBNQ2ZhjhuXQ4oE/getUpdates "HTTP/1.1 200 OK"
2026-06-20 23:39:40,186 - messages - INFO - RAW UPDATE: {'callback_query': {'chat_instance': '3000672466049168352', 'data': 'ad_publish', 'id': '7851380562185417351', 'message': {'caption': "📦 E'lon Preview:\n\n📍 Kelish joyi: Do'kondan\n⏱ Kelish muddati: 1 kun\n💵 Narxi: 10k\n📝 Izoh: Ayron\n🖼 Jami rasmlar: 1 ta\n\nUshbu e'lonni chop etishni xohlaysizmi?", 'caption_entities': [{'length': 14, 'offset': 3, 'type': <MessageEntityType.BOLD>}], 'channel_chat_created': False, 'delete_chat_photo': False, 'group_chat_created': False, 'photo': [{'height': 90, 'width': 51, 'file_id': 'AgACAgIAAxkBAAIBgWo23kgN7njroosKDGtyZkh6k-aGAAKcGGsbHb-5Se0IpMAFegOkAQADAgADcwADPAQ', 'file_size': 1276, 'file_unique_id': 'AQADnBhrGx2_uUl4'}, {'height': 320, 'width': 180, 'file_id': 'AgACAgIAAxkBAAIBgWo23kgN7njroosKDGtyZkh6k-aGAAKcGGsbHb-5Se0IpMAFegOkAQADAgADbQADPAQ', 'file_size': 14629, 'file_unique_id': 'AQADnBhrGx2_uUly'}, {'height': 800, 'width': 450, 'file_id': 'AgACAgIAAxkBAAIBgWo23kgN7njroosKDGtyZkh6k-aGAAKcGGsbHb-5Se0IpMAFegOkAQADAgADeAADPAQ', 'file_size': 55453, 'file_unique_id': 'AQADnBhrGx2_uUl9'}, {'height': 1280, 'width': 720, 'file_id': 'AgACAgIAAxkBAAIBgWo23kgN7njroosKDGtyZkh6k-aGAAKcGGsbHb-5Se0IpMAFegOkAQADAgADeQADPAQ', 'file_size': 124957, 'file_unique_id': 'AQADnBhrGx2_uUl-'}, {'height': 1920, 'width': 1080, 'file_id': 'AgACAgIAAxkBAAIBgWo23kgN7njroosKDGtyZkh6k-aGAAKcGGsbHb-5Se0IpMAFegOkAQADAgADdwADPAQ', 'file_size': 202818, 'file_unique_id': 'AQADnBhrGx2_uUl8'}], 'reply_markup': {'inline_keyboard': [[{'callback_data': 'ad_publish', 'text': 'Chop etish 🚀'}, {'callback_data': 'ad_cancel', 'text': 'Bekor qilish ❌'}]]}, 'supergroup_chat_created': False, 'chat': {'first_name': 'Sirojiddin', 'id': 8270492933, 'type': <ChatType.PRIVATE>, 'username': 'Sirojiddin_Ibn_Baxtiyor'}, 'date': 1781980776, 'message_id': 394, 'from': {'first_name': 'Muna Collection test', 'id': 8657142758, 'is_bot': True, 'username': 'fevrallik_noiloj_bot'}}, 'from': {'first_name': 'Sirojiddin', 'id': 8270492933, 'is_bot': False, 'language_code': 'uz', 'username': 'Sirojiddin_Ibn_Baxtiyor'}}, 'update_id': 63033079}
2026-06-20 23:39:40,186 - callbacks - INFO - Callback query received: user_id=8270492933, data=ad_publish
2026-06-20 23:39:40,366 - httpx - INFO - HTTP Request: POST https://api.telegram.org/bot8657142758:AAGUQRm-T_ITFafMBJHzhBNQ2ZhjhuXQ4oE/answerCallbackQuery "HTTP/1.1 200 OK"
2026-06-20 23:39:40,368 - callbacks - INFO - ad_publish callback triggered. user_data keys: ['state', 'new_ad_photo', 'new_ad_location', 'new_ad_delivery', 'new_ad_price', 'new_ad_description']
2026-06-20 23:39:40,368 - callbacks - INFO - ad_publish details: photo=True, location=Do'kondan, delivery=1 kun, price=10k, description=Ayron
2026-06-20 23:39:40,509 - httpx - INFO - HTTP Request: POST https://api.telegram.org/bot8657142758:AAGUQRm-T_ITFafMBJHzhBNQ2ZhjhuXQ4oE/getMe "HTTP/1.1 200 OK"
2026-06-20 23:39:40,689 - httpx - INFO - HTTP Request: POST https://api.telegram.org/bot8657142758:AAGUQRm-T_ITFafMBJHzhBNQ2ZhjhuXQ4oE/sendPhoto "HTTP/1.1 200 OK"
2026-06-20 23:39:40,863 - httpx - INFO - HTTP Request: POST https://api.telegram.org/bot8657142758:AAGUQRm-T_ITFafMBJHzhBNQ2ZhjhuXQ4oE/sendMessage "HTTP/1.1 200 OK"
2026-06-20 23:39:41,021 - httpx - INFO - HTTP Request: POST https://api.telegram.org/bot8657142758:AAGUQRm-T_ITFafMBJHzhBNQ2ZhjhuXQ4oE/deleteMessage "HTTP/1.1 200 OK"
2026-06-20 23:39:41,164 - httpx - INFO - HTTP Request: POST https://api.telegram.org/bot8657142758:AAGUQRm-T_ITFafMBJHzhBNQ2ZhjhuXQ4oE/answerCallbackQuery "HTTP/1.1 200 OK"
2026-06-20 23:39:50,315 - httpx - INFO - HTTP Request: POST https://api.telegram.org/bot8657142758:AAGUQRm-T_ITFafMBJHzhBNQ2ZhjhuXQ4oE/getUpdates "HTTP/1.1 200 OK"
2026-06-20 23:40:00,443 - httpx - INFO - HTTP Request: POST https://api.telegram.org/bot8657142758:AAGUQRm-T_ITFafMBJHzhBNQ2ZhjhuXQ4oE/getUpdates "HTTP/1.1 200 OK"
2026-06-20 23:40:05,374 - httpx - INFO - HTTP Request: POST https://api.telegram.org/bot8657142758:AAGUQRm-T_ITFafMBJHzhBNQ2ZhjhuXQ4oE/getUpdates "HTTP/1.1 200 OK"
2026-06-20 23:40:05,376 - messages - INFO - RAW UPDATE: {'message': {'channel_chat_created': False, 'delete_chat_photo': False, 'entities': [{'length': 6, 'offset': 0, 'type': <MessageEntityType.BOT_COMMAND>}], 'group_chat_created': False, 'supergroup_chat_created': False, 'text': '/start buy_5', 'chat': {'first_name': 'Sirojiddin', 'id': 8270492933, 'type': <ChatType.PRIVATE>, 'username': 'Sirojiddin_Ibn_Baxtiyor'}, 'date': 1781980805, 'message_id': 396, 'from': {'first_name': 'Sirojiddin', 'id': 8270492933, 'is_bot': False, 'language_code': 'uz', 'username': 'Sirojiddin_Ibn_Baxtiyor'}}, 'update_id': 63033080}
2026-06-20 23:40:05,857 - httpx - INFO - HTTP Request: POST https://api.telegram.org/bot8657142758:AAGUQRm-T_ITFafMBJHzhBNQ2ZhjhuXQ4oE/sendMessage "HTTP/1.1 200 OK"
2026-06-20 23:40:15,506 - httpx - INFO - HTTP Request: POST https://api.telegram.org/bot8657142758:AAGUQRm-T_ITFafMBJHzhBNQ2ZhjhuXQ4oE/getUpdates "HTTP/1.1 200 OK"
2026-06-20 23:40:25,633 - httpx - INFO - HTTP Request: POST https://api.telegram.org/bot8657142758:AAGUQRm-T_ITFafMBJHzhBNQ2ZhjhuXQ4oE/getUpdates "HTTP/1.1 200 OK"
2026-06-20 23:40:35,765 - httpx - INFO - HTTP Request: POST https://api.telegram.org/bot8657142758:AAGUQRm-T_ITFafMBJHzhBNQ2ZhjhuXQ4oE/getUpdates "HTTP/1.1 200 OK"
2026-06-20 23:40:45,902 - httpx - INFO - HTTP Request: POST https://api.telegram.org/bot8657142758:AAGUQRm-T_ITFafMBJHzhBNQ2ZhjhuXQ4oE/getUpdates "HTTP/1.1 200 OK"
2026-06-20 23:40:56,040 - httpx - INFO - HTTP Request: POST https://api.telegram.org/bot8657142758:AAGUQRm-T_ITFafMBJHzhBNQ2ZhjhuXQ4oE/getUpdates "HTTP/1.1 200 OK"
2026-06-20 23:41:06,176 - httpx - INFO - HTTP Request: POST https://api.telegram.org/bot8657142758:AAGUQRm-T_ITFafMBJHzhBNQ2ZhjhuXQ4oE/getUpdates "HTTP/1.1 200 OK"
2026-06-20 23:41:16,305 - httpx - INFO - HTTP Request: POST https://api.telegram.org/bot8657142758:AAGUQRm-T_ITFafMBJHzhBNQ2ZhjhuXQ4oE/getUpdates "HTTP/1.1 200 OK"
2026-06-20 23:41:26,432 - httpx - INFO - HTTP Request: POST https://api.telegram.org/bot8657142758:AAGUQRm-T_ITFafMBJHzhBNQ2ZhjhuXQ4oE/getUpdates "HTTP/1.1 200 OK"
2026-06-20 23:41:36,553 - httpx - INFO - HTTP Request: POST https://api.telegram.org/bot8657142758:AAGUQRm-T_ITFafMBJHzhBNQ2ZhjhuXQ4oE/getUpdates "HTTP/1.1 200 OK"
2026-06-20 23:41:41,643 - httpx - INFO - HTTP Request: POST https://api.telegram.org/bot8657142758:AAGUQRm-T_ITFafMBJHzhBNQ2ZhjhuXQ4oE/getUpdates "HTTP/1.1 200 OK"
2026-06-20 23:41:41,646 - messages - INFO - RAW UPDATE: {'message': {'channel_chat_created': False, 'delete_chat_photo': False, 'group_chat_created': False, 'supergroup_chat_created': False, 'text': 'Bekor qilish ❌', 'chat': {'first_name': 'Sirojiddin', 'id': 8270492933, 'type': <ChatType.PRIVATE>, 'username': 'Sirojiddin_Ibn_Baxtiyor'}, 'date': 1781980901, 'message_id': 398, 'from': {'first_name': 'Sirojiddin', 'id': 8270492933, 'is_bot': False, 'language_code': 'en', 'username': 'Sirojiddin_Ibn_Baxtiyor'}}, 'update_id': 63033081}
2026-06-20 23:41:41,646 - messages - INFO - Message received from user_id=8270492933: state=BUY_RECEIPT, text=Bekor qilish ❌
2026-06-20 23:41:42,074 - httpx - INFO - HTTP Request: POST https://api.telegram.org/bot8657142758:AAGUQRm-T_ITFafMBJHzhBNQ2ZhjhuXQ4oE/sendMessage "HTTP/1.1 200 OK"
2026-06-20 23:41:51,779 - httpx - INFO - HTTP Request: POST https://api.telegram.org/bot8657142758:AAGUQRm-T_ITFafMBJHzhBNQ2ZhjhuXQ4oE/getUpdates "HTTP/1.1 200 OK"
2026-06-20 23:42:01,907 - httpx - INFO - HTTP Request: POST https://api.telegram.org/bot8657142758:AAGUQRm-T_ITFafMBJHzhBNQ2ZhjhuXQ4oE/getUpdates "HTTP/1.1 200 OK"
2026-06-20 23:42:12,043 - httpx - INFO - HTTP Request: POST https://api.telegram.org/bot8657142758:AAGUQRm-T_ITFafMBJHzhBNQ2ZhjhuXQ4oE/getUpdates "HTTP/1.1 200 OK"
2026-06-20 23:42:22,178 - httpx - INFO - HTTP Request: POST https://api.telegram.org/bot8657142758:AAGUQRm-T_ITFafMBJHzhBNQ2ZhjhuXQ4oE/getUpdates "HTTP/1.1 200 OK"
2026-06-20 23:42:32,309 - httpx - INFO - HTTP Request: POST https://api.telegram.org/bot8657142758:AAGUQRm-T_ITFafMBJHzhBNQ2ZhjhuXQ4oE/getUpdates "HTTP/1.1 200 OK"
2026-06-20 23:42:42,447 - httpx - INFO - HTTP Request: POST https://api.telegram.org/bot8657142758:AAGUQRm-T_ITFafMBJHzhBNQ2ZhjhuXQ4oE/getUpdates "HTTP/1.1 200 OK"
2026-06-20 23:42:52,586 - httpx - INFO - HTTP Request: POST https://api.telegram.org/bot8657142758:AAGUQRm-T_ITFafMBJHzhBNQ2ZhjhuXQ4oE/getUpdates "HTTP/1.1 200 OK"
2026-06-20 23:43:02,727 - httpx - INFO - HTTP Request: POST https://api.telegram.org/bot8657142758:AAGUQRm-T_ITFafMBJHzhBNQ2ZhjhuXQ4oE/getUpdates "HTTP/1.1 200 OK"
2026-06-20 23:43:12,859 - httpx - INFO - HTTP Request: POST https://api.telegram.org/bot8657142758:AAGUQRm-T_ITFafMBJHzhBNQ2ZhjhuXQ4oE/getUpdates "HTTP/1.1 200 OK"
2026-06-20 23:43:22,983 - httpx - INFO - HTTP Request: POST https://api.telegram.org/bot8657142758:AAGUQRm-T_ITFafMBJHzhBNQ2ZhjhuXQ4oE/getUpdates "HTTP/1.1 200 OK"
2026-06-20 23:43:33,135 - httpx - INFO - HTTP Request: POST https://api.telegram.org/bot8657142758:AAGUQRm-T_ITFafMBJHzhBNQ2ZhjhuXQ4oE/getUpdates "HTTP/1.1 200 OK"
2026-06-20 23:43:43,268 - httpx - INFO - HTTP Request: POST https://api.telegram.org/bot8657142758:AAGUQRm-T_ITFafMBJHzhBNQ2ZhjhuXQ4oE/getUpdates "HTTP/1.1 200 OK"
2026-06-20 23:43:53,407 - httpx - INFO - HTTP Request: POST https://api.telegram.org/bot8657142758:AAGUQRm-T_ITFafMBJHzhBNQ2ZhjhuXQ4oE/getUpdates "HTTP/1.1 200 OK"
2026-06-20 23:44:03,551 - httpx - INFO - HTTP Request: POST https://api.telegram.org/bot8657142758:AAGUQRm-T_ITFafMBJHzhBNQ2ZhjhuXQ4oE/getUpdates "HTTP/1.1 200 OK"
2026-06-20 23:44:13,694 - httpx - INFO - HTTP Request: POST https://api.telegram.org/bot8657142758:AAGUQRm-T_ITFafMBJHzhBNQ2ZhjhuXQ4oE/getUpdates "HTTP/1.1 200 OK"
2026-06-20 23:44:23,835 - httpx - INFO - HTTP Request: POST https://api.telegram.org/bot8657142758:AAGUQRm-T_ITFafMBJHzhBNQ2ZhjhuXQ4oE/getUpdates "HTTP/1.1 200 OK"
2026-06-20 23:44:33,964 - httpx - INFO - HTTP Request: POST https://api.telegram.org/bot8657142758:AAGUQRm-T_ITFafMBJHzhBNQ2ZhjhuXQ4oE/getUpdates "HTTP/1.1 200 OK"
2026-06-20 23:44:44,102 - httpx - INFO - HTTP Request: POST https://api.telegram.org/bot8657142758:AAGUQRm-T_ITFafMBJHzhBNQ2ZhjhuXQ4oE/getUpdates "HTTP/1.1 200 OK"
2026-06-20 23:44:54,246 - httpx - INFO - HTTP Request: POST https://api.telegram.org/bot8657142758:AAGUQRm-T_ITFafMBJHzhBNQ2ZhjhuXQ4oE/getUpdates "HTTP/1.1 200 OK"
2026-06-20 23:45:04,387 - httpx - INFO - HTTP Request: POST https://api.telegram.org/bot8657142758:AAGUQRm-T_ITFafMBJHzhBNQ2ZhjhuXQ4oE/getUpdates "HTTP/1.1 200 OK"
2026-06-20 23:45:14,515 - httpx - INFO - HTTP Request: POST https://api.telegram.org/bot8657142758:AAGUQRm-T_ITFafMBJHzhBNQ2ZhjhuXQ4oE/getUpdates "HTTP/1.1 200 OK"
2026-06-20 23:45:24,644 - httpx - INFO - HTTP Request: POST https://api.telegram.org/bot8657142758:AAGUQRm-T_ITFafMBJHzhBNQ2ZhjhuXQ4oE/getUpdates "HTTP/1.1 200 OK"
2026-06-20 23:45:34,782 - httpx - INFO - HTTP Request: POST https://api.telegram.org/bot8657142758:AAGUQRm-T_ITFafMBJHzhBNQ2ZhjhuXQ4oE/getUpdates "HTTP/1.1 200 OK"
2026-06-20 23:45:44,929 - httpx - INFO - HTTP Request: POST https://api.telegram.org/bot8657142758:AAGUQRm-T_ITFafMBJHzhBNQ2ZhjhuXQ4oE/getUpdates "HTTP/1.1 200 OK"
2026-06-20 23:45:55,061 - httpx - INFO - HTTP Request: POST https://api.telegram.org/bot8657142758:AAGUQRm-T_ITFafMBJHzhBNQ2ZhjhuXQ4oE/getUpdates "HTTP/1.1 200 OK"
2026-06-20 23:46:05,186 - httpx - INFO - HTTP Request: POST https://api.telegram.org/bot8657142758:AAGUQRm-T_ITFafMBJHzhBNQ2ZhjhuXQ4oE/getUpdates "HTTP/1.1 200 OK"
2026-06-20 23:46:15,333 - httpx - INFO - HTTP Request: POST https://api.telegram.org/bot8657142758:AAGUQRm-T_ITFafMBJHzhBNQ2ZhjhuXQ4oE/getUpdates "HTTP/1.1 200 OK"
2026-06-20 23:46:25,491 - httpx - INFO - HTTP Request: POST https://api.telegram.org/bot8657142758:AAGUQRm-T_ITFafMBJHzhBNQ2ZhjhuXQ4oE/getUpdates "HTTP/1.1 200 OK"
2026-06-20 23:46:35,622 - httpx - INFO - HTTP Request: POST https://api.telegram.org/bot8657142758:AAGUQRm-T_ITFafMBJHzhBNQ2ZhjhuXQ4oE/getUpdates "HTTP/1.1 200 OK"
2026-06-20 23:46:45,750 - httpx - INFO - HTTP Request: POST https://api.telegram.org/bot8657142758:AAGUQRm-T_ITFafMBJHzhBNQ2ZhjhuXQ4oE/getUpdates "HTTP/1.1 200 OK"
2026-06-20 23:46:55,888 - httpx - INFO - HTTP Request: POST https://api.telegram.org/bot8657142758:AAGUQRm-T_ITFafMBJHzhBNQ2ZhjhuXQ4oE/getUpdates "HTTP/1.1 200 OK"
2026-06-20 23:47:06,065 - httpx - INFO - HTTP Request: POST https://api.telegram.org/bot8657142758:AAGUQRm-T_ITFafMBJHzhBNQ2ZhjhuXQ4oE/getUpdates "HTTP/1.1 200 OK"
2026-06-20 23:47:16,211 - httpx - INFO - HTTP Request: POST https://api.telegram.org/bot8657142758:AAGUQRm-T_ITFafMBJHzhBNQ2ZhjhuXQ4oE/getUpdates "HTTP/1.1 200 OK"
2026-06-20 23:47:26,333 - httpx - INFO - HTTP Request: POST https://api.telegram.org/bot8657142758:AAGUQRm-T_ITFafMBJHzhBNQ2ZhjhuXQ4oE/getUpdates "HTTP/1.1 200 OK"
2026-06-20 23:47:36,573 - httpx - INFO - HTTP Request: POST https://api.telegram.org/bot8657142758:AAGUQRm-T_ITFafMBJHzhBNQ2ZhjhuXQ4oE/getUpdates "HTTP/1.1 200 OK"
2026-06-20 23:47:46,732 - httpx - INFO - HTTP Request: POST https://api.telegram.org/bot8657142758:AAGUQRm-T_ITFafMBJHzhBNQ2ZhjhuXQ4oE/getUpdates "HTTP/1.1 200 OK"
2026-06-20 23:47:56,862 - httpx - INFO - HTTP Request: POST https://api.telegram.org/bot8657142758:AAGUQRm-T_ITFafMBJHzhBNQ2ZhjhuXQ4oE/getUpdates "HTTP/1.1 200 OK"
2026-06-20 23:48:07,002 - httpx - INFO - HTTP Request: POST https://api.telegram.org/bot8657142758:AAGUQRm-T_ITFafMBJHzhBNQ2ZhjhuXQ4oE/getUpdates "HTTP/1.1 200 OK"
2026-06-20 23:48:17,123 - httpx - INFO - HTTP Request: POST https://api.telegram.org/bot8657142758:AAGUQRm-T_ITFafMBJHzhBNQ2ZhjhuXQ4oE/getUpdates "HTTP/1.1 200 OK"
2026-06-20 23:48:27,254 - httpx - INFO - HTTP Request: POST https://api.telegram.org/bot8657142758:AAGUQRm-T_ITFafMBJHzhBNQ2ZhjhuXQ4oE/getUpdates "HTTP/1.1 200 OK"
2026-06-20 23:48:37,420 - httpx - INFO - HTTP Request: POST https://api.telegram.org/bot8657142758:AAGUQRm-T_ITFafMBJHzhBNQ2ZhjhuXQ4oE/getUpdates "HTTP/1.1 200 OK"
2026-06-20 23:48:47,547 - httpx - INFO - HTTP Request: POST https://api.telegram.org/bot8657142758:AAGUQRm-T_ITFafMBJHzhBNQ2ZhjhuXQ4oE/getUpdates "HTTP/1.1 200 OK"
2026-06-20 23:48:57,676 - httpx - INFO - HTTP Request: POST https://api.telegram.org/bot8657142758:AAGUQRm-T_ITFafMBJHzhBNQ2ZhjhuXQ4oE/getUpdates "HTTP/1.1 200 OK"
2026-06-20 23:49:07,809 - httpx - INFO - HTTP Request: POST https://api.telegram.org/bot8657142758:AAGUQRm-T_ITFafMBJHzhBNQ2ZhjhuXQ4oE/getUpdates "HTTP/1.1 200 OK"
2026-06-20 23:49:17,938 - httpx - INFO - HTTP Request: POST https://api.telegram.org/bot8657142758:AAGUQRm-T_ITFafMBJHzhBNQ2ZhjhuXQ4oE/getUpdates "HTTP/1.1 200 OK"
2026-06-20 23:49:28,072 - httpx - INFO - HTTP Request: POST https://api.telegram.org/bot8657142758:AAGUQRm-T_ITFafMBJHzhBNQ2ZhjhuXQ4oE/getUpdates "HTTP/1.1 200 OK"
2026-06-20 23:49:38,205 - httpx - INFO - HTTP Request: POST https://api.telegram.org/bot8657142758:AAGUQRm-T_ITFafMBJHzhBNQ2ZhjhuXQ4oE/getUpdates "HTTP/1.1 200 OK"
2026-06-20 23:49:48,333 - httpx - INFO - HTTP Request: POST https://api.telegram.org/bot8657142758:AAGUQRm-T_ITFafMBJHzhBNQ2ZhjhuXQ4oE/getUpdates "HTTP/1.1 200 OK"
2026-06-20 23:49:58,461 - httpx - INFO - HTTP Request: POST https://api.telegram.org/bot8657142758:AAGUQRm-T_ITFafMBJHzhBNQ2ZhjhuXQ4oE/getUpdates "HTTP/1.1 200 OK"
2026-06-20 23:50:08,603 - httpx - INFO - HTTP Request: POST https://api.telegram.org/bot8657142758:AAGUQRm-T_ITFafMBJHzhBNQ2ZhjhuXQ4oE/getUpdates "HTTP/1.1 200 OK"
2026-06-20 23:50:18,737 - httpx - INFO - HTTP Request: POST https://api.telegram.org/bot8657142758:AAGUQRm-T_ITFafMBJHzhBNQ2ZhjhuXQ4oE/getUpdates "HTTP/1.1 200 OK"
2026-06-20 23:50:28,870 - httpx - INFO - HTTP Request: POST https://api.telegram.org/bot8657142758:AAGUQRm-T_ITFafMBJHzhBNQ2ZhjhuXQ4oE/getUpdates "HTTP/1.1 200 OK"
2026-06-20 23:50:39,006 - httpx - INFO - HTTP Request: POST https://api.telegram.org/bot8657142758:AAGUQRm-T_ITFafMBJHzhBNQ2ZhjhuXQ4oE/getUpdates "HTTP/1.1 200 OK"
2026-06-20 23:50:49,148 - httpx - INFO - HTTP Request: POST https://api.telegram.org/bot8657142758:AAGUQRm-T_ITFafMBJHzhBNQ2ZhjhuXQ4oE/getUpdates "HTTP/1.1 200 OK"
2026-06-20 23:50:59,304 - httpx - INFO - HTTP Request: POST https://api.telegram.org/bot8657142758:AAGUQRm-T_ITFafMBJHzhBNQ2ZhjhuXQ4oE/getUpdates "HTTP/1.1 200 OK"
2026-06-20 23:51:09,445 - httpx - INFO - HTTP Request: POST https://api.telegram.org/bot8657142758:AAGUQRm-T_ITFafMBJHzhBNQ2ZhjhuXQ4oE/getUpdates "HTTP/1.1 200 OK"
2026-06-20 23:51:19,571 - httpx - INFO - HTTP Request: POST https://api.telegram.org/bot8657142758:AAGUQRm-T_ITFafMBJHzhBNQ2ZhjhuXQ4oE/getUpdates "HTTP/1.1 200 OK"
2026-06-20 23:51:29,709 - httpx - INFO - HTTP Request: POST https://api.telegram.org/bot8657142758:AAGUQRm-T_ITFafMBJHzhBNQ2ZhjhuXQ4oE/getUpdates "HTTP/1.1 200 OK"
2026-06-20 23:51:39,863 - httpx - INFO - HTTP Request: POST https://api.telegram.org/bot8657142758:AAGUQRm-T_ITFafMBJHzhBNQ2ZhjhuXQ4oE/getUpdates "HTTP/1.1 200 OK"
2026-06-20 23:51:49,995 - httpx - INFO - HTTP Request: POST https://api.telegram.org/bot8657142758:AAGUQRm-T_ITFafMBJHzhBNQ2ZhjhuXQ4oE/getUpdates "HTTP/1.1 200 OK"
2026-06-20 23:52:00,138 - httpx - INFO - HTTP Request: POST https://api.telegram.org/bot8657142758:AAGUQRm-T_ITFafMBJHzhBNQ2ZhjhuXQ4oE/getUpdates "HTTP/1.1 200 OK"
2026-06-20 23:52:10,265 - httpx - INFO - HTTP Request: POST https://api.telegram.org/bot8657142758:AAGUQRm-T_ITFafMBJHzhBNQ2ZhjhuXQ4oE/getUpdates "HTTP/1.1 200 OK"
2026-06-20 23:52:20,396 - httpx - INFO - HTTP Request: POST https://api.telegram.org/bot8657142758:AAGUQRm-T_ITFafMBJHzhBNQ2ZhjhuXQ4oE/getUpdates "HTTP/1.1 200 OK"
2026-06-20 23:52:30,561 - httpx - INFO - HTTP Request: POST https://api.telegram.org/bot8657142758:AAGUQRm-T_ITFafMBJHzhBNQ2ZhjhuXQ4oE/getUpdates "HTTP/1.1 200 OK"
2026-06-20 23:52:40,748 - httpx - INFO - HTTP Request: POST https://api.telegram.org/bot8657142758:AAGUQRm-T_ITFafMBJHzhBNQ2ZhjhuXQ4oE/getUpdates "HTTP/1.1 200 OK"
2026-06-20 23:52:50,936 - httpx - INFO - HTTP Request: POST https://api.telegram.org/bot8657142758:AAGUQRm-T_ITFafMBJHzhBNQ2ZhjhuXQ4oE/getUpdates "HTTP/1.1 200 OK"
2026-06-20 23:53:01,108 - httpx - INFO - HTTP Request: POST https://api.telegram.org/bot8657142758:AAGUQRm-T_ITFafMBJHzhBNQ2ZhjhuXQ4oE/getUpdates "HTTP/1.1 200 OK"
2026-06-20 23:53:11,287 - httpx - INFO - HTTP Request: POST https://api.telegram.org/bot8657142758:AAGUQRm-T_ITFafMBJHzhBNQ2ZhjhuXQ4oE/getUpdates "HTTP/1.1 200 OK"
2026-06-20 23:53:21,468 - httpx - INFO - HTTP Request: POST https://api.telegram.org/bot8657142758:AAGUQRm-T_ITFafMBJHzhBNQ2ZhjhuXQ4oE/getUpdates "HTTP/1.1 200 OK"
2026-06-20 23:53:31,622 - httpx - INFO - HTTP Request: POST https://api.telegram.org/bot8657142758:AAGUQRm-T_ITFafMBJHzhBNQ2ZhjhuXQ4oE/getUpdates "HTTP/1.1 200 OK"
2026-06-20 23:53:41,797 - httpx - INFO - HTTP Request: POST https://api.telegram.org/bot8657142758:AAGUQRm-T_ITFafMBJHzhBNQ2ZhjhuXQ4oE/getUpdates "HTTP/1.1 200 OK"
2026-06-20 23:53:51,937 - httpx - INFO - HTTP Request: POST https://api.telegram.org/bot8657142758:AAGUQRm-T_ITFafMBJHzhBNQ2ZhjhuXQ4oE/getUpdates "HTTP/1.1 200 OK"
2026-06-20 23:54:02,069 - httpx - INFO - HTTP Request: POST https://api.telegram.org/bot8657142758:AAGUQRm-T_ITFafMBJHzhBNQ2ZhjhuXQ4oE/getUpdates "HTTP/1.1 200 OK"
2026-06-20 23:54:12,369 - httpx - INFO - HTTP Request: POST https://api.telegram.org/bot8657142758:AAGUQRm-T_ITFafMBJHzhBNQ2ZhjhuXQ4oE/getUpdates "HTTP/1.1 200 OK"
2026-06-20 23:54:22,640 - httpx - INFO - HTTP Request: POST https://api.telegram.org/bot8657142758:AAGUQRm-T_ITFafMBJHzhBNQ2ZhjhuXQ4oE/getUpdates "HTTP/1.1 200 OK"
2026-06-20 23:54:32,804 - httpx - INFO - HTTP Request: POST https://api.telegram.org/bot8657142758:AAGUQRm-T_ITFafMBJHzhBNQ2ZhjhuXQ4oE/getUpdates "HTTP/1.1 200 OK"
2026-06-20 23:54:42,949 - httpx - INFO - HTTP Request: POST https://api.telegram.org/bot8657142758:AAGUQRm-T_ITFafMBJHzhBNQ2ZhjhuXQ4oE/getUpdates "HTTP/1.1 200 OK"
2026-06-20 23:54:53,085 - httpx - INFO - HTTP Request: POST https://api.telegram.org/bot8657142758:AAGUQRm-T_ITFafMBJHzhBNQ2ZhjhuXQ4oE/getUpdates "HTTP/1.1 200 OK"
2026-06-20 23:55:03,216 - httpx - INFO - HTTP Request: POST https://api.telegram.org/bot8657142758:AAGUQRm-T_ITFafMBJHzhBNQ2ZhjhuXQ4oE/getUpdates "HTTP/1.1 200 OK"
2026-06-20 23:55:13,346 - httpx - INFO - HTTP Request: POST https://api.telegram.org/bot8657142758:AAGUQRm-T_ITFafMBJHzhBNQ2ZhjhuXQ4oE/getUpdates "HTTP/1.1 200 OK"
2026-06-20 23:55:23,473 - httpx - INFO - HTTP Request: POST https://api.telegram.org/bot8657142758:AAGUQRm-T_ITFafMBJHzhBNQ2ZhjhuXQ4oE/getUpdates "HTTP/1.1 200 OK"
2026-06-20 23:55:33,611 - httpx - INFO - HTTP Request: POST https://api.telegram.org/bot8657142758:AAGUQRm-T_ITFafMBJHzhBNQ2ZhjhuXQ4oE/getUpdates "HTTP/1.1 200 OK"
2026-06-20 23:55:43,739 - httpx - INFO - HTTP Request: POST https://api.telegram.org/bot8657142758:AAGUQRm-T_ITFafMBJHzhBNQ2ZhjhuXQ4oE/getUpdates "HTTP/1.1 200 OK"
2026-06-20 23:55:53,865 - httpx - INFO - HTTP Request: POST https://api.telegram.org/bot8657142758:AAGUQRm-T_ITFafMBJHzhBNQ2ZhjhuXQ4oE/getUpdates "HTTP/1.1 200 OK"
2026-06-20 23:56:04,007 - httpx - INFO - HTTP Request: POST https://api.telegram.org/bot8657142758:AAGUQRm-T_ITFafMBJHzhBNQ2ZhjhuXQ4oE/getUpdates "HTTP/1.1 200 OK"
2026-06-20 23:56:14,144 - httpx - INFO - HTTP Request: POST https://api.telegram.org/bot8657142758:AAGUQRm-T_ITFafMBJHzhBNQ2ZhjhuXQ4oE/getUpdates "HTTP/1.1 200 OK"
2026-06-20 23:56:24,276 - httpx - INFO - HTTP Request: POST https://api.telegram.org/bot8657142758:AAGUQRm-T_ITFafMBJHzhBNQ2ZhjhuXQ4oE/getUpdates "HTTP/1.1 200 OK"
2026-06-20 23:56:34,403 - httpx - INFO - HTTP Request: POST https://api.telegram.org/bot8657142758:AAGUQRm-T_ITFafMBJHzhBNQ2ZhjhuXQ4oE/getUpdates "HTTP/1.1 200 OK"
2026-06-20 23:56:44,537 - httpx - INFO - HTTP Request: POST https://api.telegram.org/bot8657142758:AAGUQRm-T_ITFafMBJHzhBNQ2ZhjhuXQ4oE/getUpdates "HTTP/1.1 200 OK"
2026-06-20 23:56:54,674 - httpx - INFO - HTTP Request: POST https://api.telegram.org/bot8657142758:AAGUQRm-T_ITFafMBJHzhBNQ2ZhjhuXQ4oE/getUpdates "HTTP/1.1 200 OK"
2026-06-20 23:57:04,804 - httpx - INFO - HTTP Request: POST https://api.telegram.org/bot8657142758:AAGUQRm-T_ITFafMBJHzhBNQ2ZhjhuXQ4oE/getUpdates "HTTP/1.1 200 OK"
2026-06-20 23:57:14,938 - httpx - INFO - HTTP Request: POST https://api.telegram.org/bot8657142758:AAGUQRm-T_ITFafMBJHzhBNQ2ZhjhuXQ4oE/getUpdates "HTTP/1.1 200 OK"
2026-06-20 23:57:25,075 - httpx - INFO - HTTP Request: POST https://api.telegram.org/bot8657142758:AAGUQRm-T_ITFafMBJHzhBNQ2ZhjhuXQ4oE/getUpdates "HTTP/1.1 200 OK"
2026-06-20 23:57:35,216 - httpx - INFO - HTTP Request: POST https://api.telegram.org/bot8657142758:AAGUQRm-T_ITFafMBJHzhBNQ2ZhjhuXQ4oE/getUpdates "HTTP/1.1 200 OK"
2026-06-20 23:57:45,346 - httpx - INFO - HTTP Request: POST https://api.telegram.org/bot8657142758:AAGUQRm-T_ITFafMBJHzhBNQ2ZhjhuXQ4oE/getUpdates "HTTP/1.1 200 OK"
2026-06-20 23:57:55,473 - httpx - INFO - HTTP Request: POST https://api.telegram.org/bot8657142758:AAGUQRm-T_ITFafMBJHzhBNQ2ZhjhuXQ4oE/getUpdates "HTTP/1.1 200 OK"
2026-06-20 23:58:05,611 - httpx - INFO - HTTP Request: POST https://api.telegram.org/bot8657142758:AAGUQRm-T_ITFafMBJHzhBNQ2ZhjhuXQ4oE/getUpdates "HTTP/1.1 200 OK"
2026-06-20 23:58:15,754 - httpx - INFO - HTTP Request: POST https://api.telegram.org/bot8657142758:AAGUQRm-T_ITFafMBJHzhBNQ2ZhjhuXQ4oE/getUpdates "HTTP/1.1 200 OK"
2026-06-20 23:58:25,894 - httpx - INFO - HTTP Request: POST https://api.telegram.org/bot8657142758:AAGUQRm-T_ITFafMBJHzhBNQ2ZhjhuXQ4oE/getUpdates "HTTP/1.1 200 OK"
2026-06-20 23:58:36,030 - httpx - INFO - HTTP Request: POST https://api.telegram.org/bot8657142758:AAGUQRm-T_ITFafMBJHzhBNQ2ZhjhuXQ4oE/getUpdates "HTTP/1.1 200 OK"
2026-06-20 23:58:46,169 - httpx - INFO - HTTP Request: POST https://api.telegram.org/bot8657142758:AAGUQRm-T_ITFafMBJHzhBNQ2ZhjhuXQ4oE/getUpdates "HTTP/1.1 200 OK"
2026-06-20 23:58:56,294 - httpx - INFO - HTTP Request: POST https://api.telegram.org/bot8657142758:AAGUQRm-T_ITFafMBJHzhBNQ2ZhjhuXQ4oE/getUpdates "HTTP/1.1 200 OK"
2026-06-20 23:59:06,428 - httpx - INFO - HTTP Request: POST https://api.telegram.org/bot8657142758:AAGUQRm-T_ITFafMBJHzhBNQ2ZhjhuXQ4oE/getUpdates "HTTP/1.1 200 OK"
2026-06-20 23:59:16,569 - httpx - INFO - HTTP Request: POST https://api.telegram.org/bot8657142758:AAGUQRm-T_ITFafMBJHzhBNQ2ZhjhuXQ4oE/getUpdates "HTTP/1.1 200 OK"
2026-06-20 23:59:26,703 - httpx - INFO - HTTP Request: POST https://api.telegram.org/bot8657142758:AAGUQRm-T_ITFafMBJHzhBNQ2ZhjhuXQ4oE/getUpdates "HTTP/1.1 200 OK"
2026-06-20 23:59:36,827 - httpx - INFO - HTTP Request: POST https://api.telegram.org/bot8657142758:AAGUQRm-T_ITFafMBJHzhBNQ2ZhjhuXQ4oE/getUpdates "HTTP/1.1 200 OK"
2026-06-20 23:59:46,980 - httpx - INFO - HTTP Request: POST https://api.telegram.org/bot8657142758:AAGUQRm-T_ITFafMBJHzhBNQ2ZhjhuXQ4oE/getUpdates "HTTP/1.1 200 OK"
2026-06-20 23:59:57,109 - httpx - INFO - HTTP Request: POST https://api.telegram.org/bot8657142758:AAGUQRm-T_ITFafMBJHzhBNQ2ZhjhuXQ4oE/getUpdates "HTTP/1.1 200 OK"
2026-06-21 00:00:07,240 - httpx - INFO - HTTP Request: POST https://api.telegram.org/bot8657142758:AAGUQRm-T_ITFafMBJHzhBNQ2ZhjhuXQ4oE/getUpdates "HTTP/1.1 200 OK"
2026-06-21 00:00:17,375 - httpx - INFO - HTTP Request: POST https://api.telegram.org/bot8657142758:AAGUQRm-T_ITFafMBJHzhBNQ2ZhjhuXQ4oE/getUpdates "HTTP/1.1 200 OK"
2026-06-21 00:00:27,546 - httpx - INFO - HTTP Request: POST https://api.telegram.org/bot8657142758:AAGUQRm-T_ITFafMBJHzhBNQ2ZhjhuXQ4oE/getUpdates "HTTP/1.1 200 OK"
2026-06-21 00:00:37,699 - httpx - INFO - HTTP Request: POST https://api.telegram.org/bot8657142758:AAGUQRm-T_ITFafMBJHzhBNQ2ZhjhuXQ4oE/getUpdates "HTTP/1.1 200 OK"
2026-06-21 00:00:47,832 - httpx - INFO - HTTP Request: POST https://api.telegram.org/bot8657142758:AAGUQRm-T_ITFafMBJHzhBNQ2ZhjhuXQ4oE/getUpdates "HTTP/1.1 200 OK"
2026-06-21 00:00:57,983 - httpx - INFO - HTTP Request: POST https://api.telegram.org/bot8657142758:AAGUQRm-T_ITFafMBJHzhBNQ2ZhjhuXQ4oE/getUpdates "HTTP/1.1 200 OK"
2026-06-21 00:01:08,120 - httpx - INFO - HTTP Request: POST https://api.telegram.org/bot8657142758:AAGUQRm-T_ITFafMBJHzhBNQ2ZhjhuXQ4oE/getUpdates "HTTP/1.1 200 OK"
2026-06-21 00:01:18,270 - httpx - INFO - HTTP Request: POST https://api.telegram.org/bot8657142758:AAGUQRm-T_ITFafMBJHzhBNQ2ZhjhuXQ4oE/getUpdates "HTTP/1.1 200 OK"
2026-06-21 00:01:28,403 - httpx - INFO - HTTP Request: POST https://api.telegram.org/bot8657142758:AAGUQRm-T_ITFafMBJHzhBNQ2ZhjhuXQ4oE/getUpdates "HTTP/1.1 200 OK"
2026-06-21 00:01:38,530 - httpx - INFO - HTTP Request: POST https://api.telegram.org/bot8657142758:AAGUQRm-T_ITFafMBJHzhBNQ2ZhjhuXQ4oE/getUpdates "HTTP/1.1 200 OK"
2026-06-21 00:01:48,665 - httpx - INFO - HTTP Request: POST https://api.telegram.org/bot8657142758:AAGUQRm-T_ITFafMBJHzhBNQ2ZhjhuXQ4oE/getUpdates "HTTP/1.1 200 OK"
2026-06-21 00:01:58,789 - httpx - INFO - HTTP Request: POST https://api.telegram.org/bot8657142758:AAGUQRm-T_ITFafMBJHzhBNQ2ZhjhuXQ4oE/getUpdates "HTTP/1.1 200 OK"
2026-06-21 00:02:08,916 - httpx - INFO - HTTP Request: POST https://api.telegram.org/bot8657142758:AAGUQRm-T_ITFafMBJHzhBNQ2ZhjhuXQ4oE/getUpdates "HTTP/1.1 200 OK"
2026-06-21 00:02:19,042 - httpx - INFO - HTTP Request: POST https://api.telegram.org/bot8657142758:AAGUQRm-T_ITFafMBJHzhBNQ2ZhjhuXQ4oE/getUpdates "HTTP/1.1 200 OK"
2026-06-21 00:02:29,197 - httpx - INFO - HTTP Request: POST https://api.telegram.org/bot8657142758:AAGUQRm-T_ITFafMBJHzhBNQ2ZhjhuXQ4oE/getUpdates "HTTP/1.1 200 OK"
2026-06-21 00:02:39,321 - httpx - INFO - HTTP Request: POST https://api.telegram.org/bot8657142758:AAGUQRm-T_ITFafMBJHzhBNQ2ZhjhuXQ4oE/getUpdates "HTTP/1.1 200 OK"
2026-06-21 00:02:49,449 - httpx - INFO - HTTP Request: POST https://api.telegram.org/bot8657142758:AAGUQRm-T_ITFafMBJHzhBNQ2ZhjhuXQ4oE/getUpdates "HTTP/1.1 200 OK"
2026-06-21 00:02:59,619 - httpx - INFO - HTTP Request: POST https://api.telegram.org/bot8657142758:AAGUQRm-T_ITFafMBJHzhBNQ2ZhjhuXQ4oE/getUpdates "HTTP/1.1 200 OK"
2026-06-21 00:03:09,750 - httpx - INFO - HTTP Request: POST https://api.telegram.org/bot8657142758:AAGUQRm-T_ITFafMBJHzhBNQ2ZhjhuXQ4oE/getUpdates "HTTP/1.1 200 OK"
2026-06-21 00:03:19,896 - httpx - INFO - HTTP Request: POST https://api.telegram.org/bot8657142758:AAGUQRm-T_ITFafMBJHzhBNQ2ZhjhuXQ4oE/getUpdates "HTTP/1.1 200 OK"
2026-06-21 00:03:30,025 - httpx - INFO - HTTP Request: POST https://api.telegram.org/bot8657142758:AAGUQRm-T_ITFafMBJHzhBNQ2ZhjhuXQ4oE/getUpdates "HTTP/1.1 200 OK"
2026-06-21 00:03:40,179 - httpx - INFO - HTTP Request: POST https://api.telegram.org/bot8657142758:AAGUQRm-T_ITFafMBJHzhBNQ2ZhjhuXQ4oE/getUpdates "HTTP/1.1 200 OK"
2026-06-21 00:03:50,311 - httpx - INFO - HTTP Request: POST https://api.telegram.org/bot8657142758:AAGUQRm-T_ITFafMBJHzhBNQ2ZhjhuXQ4oE/getUpdates "HTTP/1.1 200 OK"
2026-06-21 00:04:00,439 - httpx - INFO - HTTP Request: POST https://api.telegram.org/bot8657142758:AAGUQRm-T_ITFafMBJHzhBNQ2ZhjhuXQ4oE/getUpdates "HTTP/1.1 200 OK"
2026-06-21 00:04:10,576 - httpx - INFO - HTTP Request: POST https://api.telegram.org/bot8657142758:AAGUQRm-T_ITFafMBJHzhBNQ2ZhjhuXQ4oE/getUpdates "HTTP/1.1 200 OK"
2026-06-21 00:04:20,707 - httpx - INFO - HTTP Request: POST https://api.telegram.org/bot8657142758:AAGUQRm-T_ITFafMBJHzhBNQ2ZhjhuXQ4oE/getUpdates "HTTP/1.1 200 OK"
2026-06-21 00:04:30,830 - httpx - INFO - HTTP Request: POST https://api.telegram.org/bot8657142758:AAGUQRm-T_ITFafMBJHzhBNQ2ZhjhuXQ4oE/getUpdates "HTTP/1.1 200 OK"
2026-06-21 00:04:40,967 - httpx - INFO - HTTP Request: POST https://api.telegram.org/bot8657142758:AAGUQRm-T_ITFafMBJHzhBNQ2ZhjhuXQ4oE/getUpdates "HTTP/1.1 200 OK"
2026-06-21 00:04:51,102 - httpx - INFO - HTTP Request: POST https://api.telegram.org/bot8657142758:AAGUQRm-T_ITFafMBJHzhBNQ2ZhjhuXQ4oE/getUpdates "HTTP/1.1 200 OK"
2026-06-21 00:05:01,249 - httpx - INFO - HTTP Request: POST https://api.telegram.org/bot8657142758:AAGUQRm-T_ITFafMBJHzhBNQ2ZhjhuXQ4oE/getUpdates "HTTP/1.1 200 OK"
2026-06-21 00:05:11,392 - httpx - INFO - HTTP Request: POST https://api.telegram.org/bot8657142758:AAGUQRm-T_ITFafMBJHzhBNQ2ZhjhuXQ4oE/getUpdates "HTTP/1.1 200 OK"
2026-06-21 00:05:21,536 - httpx - INFO - HTTP Request: POST https://api.telegram.org/bot8657142758:AAGUQRm-T_ITFafMBJHzhBNQ2ZhjhuXQ4oE/getUpdates "HTTP/1.1 200 OK"
2026-06-21 00:05:31,666 - httpx - INFO - HTTP Request: POST https://api.telegram.org/bot8657142758:AAGUQRm-T_ITFafMBJHzhBNQ2ZhjhuXQ4oE/getUpdates "HTTP/1.1 200 OK"
2026-06-21 00:05:41,796 - httpx - INFO - HTTP Request: POST https://api.telegram.org/bot8657142758:AAGUQRm-T_ITFafMBJHzhBNQ2ZhjhuXQ4oE/getUpdates "HTTP/1.1 200 OK"
2026-06-21 00:05:51,936 - httpx - INFO - HTTP Request: POST https://api.telegram.org/bot8657142758:AAGUQRm-T_ITFafMBJHzhBNQ2ZhjhuXQ4oE/getUpdates "HTTP/1.1 200 OK"
2026-06-21 00:06:02,078 - httpx - INFO - HTTP Request: POST https://api.telegram.org/bot8657142758:AAGUQRm-T_ITFafMBJHzhBNQ2ZhjhuXQ4oE/getUpdates "HTTP/1.1 200 OK"
2026-06-21 00:06:12,212 - httpx - INFO - HTTP Request: POST https://api.telegram.org/bot8657142758:AAGUQRm-T_ITFafMBJHzhBNQ2ZhjhuXQ4oE/getUpdates "HTTP/1.1 200 OK"
2026-06-21 00:06:22,337 - httpx - INFO - HTTP Request: POST https://api.telegram.org/bot8657142758:AAGUQRm-T_ITFafMBJHzhBNQ2ZhjhuXQ4oE/getUpdates "HTTP/1.1 200 OK"
2026-06-21 00:06:32,489 - httpx - INFO - HTTP Request: POST https://api.telegram.org/bot8657142758:AAGUQRm-T_ITFafMBJHzhBNQ2ZhjhuXQ4oE/getUpdates "HTTP/1.1 200 OK"
2026-06-21 00:06:42,621 - httpx - INFO - HTTP Request: POST https://api.telegram.org/bot8657142758:AAGUQRm-T_ITFafMBJHzhBNQ2ZhjhuXQ4oE/getUpdates "HTTP/1.1 200 OK"
2026-06-21 00:06:52,766 - httpx - INFO - HTTP Request: POST https://api.telegram.org/bot8657142758:AAGUQRm-T_ITFafMBJHzhBNQ2ZhjhuXQ4oE/getUpdates "HTTP/1.1 200 OK"
2026-06-21 00:07:02,904 - httpx - INFO - HTTP Request: POST https://api.telegram.org/bot8657142758:AAGUQRm-T_ITFafMBJHzhBNQ2ZhjhuXQ4oE/getUpdates "HTTP/1.1 200 OK"
2026-06-21 00:07:13,052 - httpx - INFO - HTTP Request: POST https://api.telegram.org/bot8657142758:AAGUQRm-T_ITFafMBJHzhBNQ2ZhjhuXQ4oE/getUpdates "HTTP/1.1 200 OK"
2026-06-21 00:07:23,179 - httpx - INFO - HTTP Request: POST https://api.telegram.org/bot8657142758:AAGUQRm-T_ITFafMBJHzhBNQ2ZhjhuXQ4oE/getUpdates "HTTP/1.1 200 OK"
2026-06-21 00:07:33,312 - httpx - INFO - HTTP Request: POST https://api.telegram.org/bot8657142758:AAGUQRm-T_ITFafMBJHzhBNQ2ZhjhuXQ4oE/getUpdates "HTTP/1.1 200 OK"
2026-06-21 00:07:43,465 - httpx - INFO - HTTP Request: POST https://api.telegram.org/bot8657142758:AAGUQRm-T_ITFafMBJHzhBNQ2ZhjhuXQ4oE/getUpdates "HTTP/1.1 200 OK"
2026-06-21 00:07:53,586 - httpx - INFO - HTTP Request: POST https://api.telegram.org/bot8657142758:AAGUQRm-T_ITFafMBJHzhBNQ2ZhjhuXQ4oE/getUpdates "HTTP/1.1 200 OK"
2026-06-21 00:08:03,724 - httpx - INFO - HTTP Request: POST https://api.telegram.org/bot8657142758:AAGUQRm-T_ITFafMBJHzhBNQ2ZhjhuXQ4oE/getUpdates "HTTP/1.1 200 OK"
2026-06-21 00:08:13,867 - httpx - INFO - HTTP Request: POST https://api.telegram.org/bot8657142758:AAGUQRm-T_ITFafMBJHzhBNQ2ZhjhuXQ4oE/getUpdates "HTTP/1.1 200 OK"
2026-06-21 00:08:24,014 - httpx - INFO - HTTP Request: POST https://api.telegram.org/bot8657142758:AAGUQRm-T_ITFafMBJHzhBNQ2ZhjhuXQ4oE/getUpdates "HTTP/1.1 200 OK"
2026-06-21 00:08:34,147 - httpx - INFO - HTTP Request: POST https://api.telegram.org/bot8657142758:AAGUQRm-T_ITFafMBJHzhBNQ2ZhjhuXQ4oE/getUpdates "HTTP/1.1 200 OK"
2026-06-21 00:08:44,272 - httpx - INFO - HTTP Request: POST https://api.telegram.org/bot8657142758:AAGUQRm-T_ITFafMBJHzhBNQ2ZhjhuXQ4oE/getUpdates "HTTP/1.1 200 OK"
2026-06-21 00:08:54,417 - httpx - INFO - HTTP Request: POST https://api.telegram.org/bot8657142758:AAGUQRm-T_ITFafMBJHzhBNQ2ZhjhuXQ4oE/getUpdates "HTTP/1.1 200 OK"
2026-06-21 00:09:04,548 - httpx - INFO - HTTP Request: POST https://api.telegram.org/bot8657142758:AAGUQRm-T_ITFafMBJHzhBNQ2ZhjhuXQ4oE/getUpdates "HTTP/1.1 200 OK"
2026-06-21 00:09:14,688 - httpx - INFO - HTTP Request: POST https://api.telegram.org/bot8657142758:AAGUQRm-T_ITFafMBJHzhBNQ2ZhjhuXQ4oE/getUpdates "HTTP/1.1 200 OK"
2026-06-21 00:09:24,827 - httpx - INFO - HTTP Request: POST https://api.telegram.org/bot8657142758:AAGUQRm-T_ITFafMBJHzhBNQ2ZhjhuXQ4oE/getUpdates "HTTP/1.1 200 OK"
2026-06-21 00:09:34,959 - httpx - INFO - HTTP Request: POST https://api.telegram.org/bot8657142758:AAGUQRm-T_ITFafMBJHzhBNQ2ZhjhuXQ4oE/getUpdates "HTTP/1.1 200 OK"
2026-06-21 00:09:45,119 - httpx - INFO - HTTP Request: POST https://api.telegram.org/bot8657142758:AAGUQRm-T_ITFafMBJHzhBNQ2ZhjhuXQ4oE/getUpdates "HTTP/1.1 200 OK"
2026-06-21 00:09:55,260 - httpx - INFO - HTTP Request: POST https://api.telegram.org/bot8657142758:AAGUQRm-T_ITFafMBJHzhBNQ2ZhjhuXQ4oE/getUpdates "HTTP/1.1 200 OK"
2026-06-21 00:10:05,392 - httpx - INFO - HTTP Request: POST https://api.telegram.org/bot8657142758:AAGUQRm-T_ITFafMBJHzhBNQ2ZhjhuXQ4oE/getUpdates "HTTP/1.1 200 OK"
2026-06-21 00:10:15,532 - httpx - INFO - HTTP Request: POST https://api.telegram.org/bot8657142758:AAGUQRm-T_ITFafMBJHzhBNQ2ZhjhuXQ4oE/getUpdates "HTTP/1.1 200 OK"
2026-06-21 00:10:25,689 - httpx - INFO - HTTP Request: POST https://api.telegram.org/bot8657142758:AAGUQRm-T_ITFafMBJHzhBNQ2ZhjhuXQ4oE/getUpdates "HTTP/1.1 200 OK"
2026-06-21 00:10:35,838 - httpx - INFO - HTTP Request: POST https://api.telegram.org/bot8657142758:AAGUQRm-T_ITFafMBJHzhBNQ2ZhjhuXQ4oE/getUpdates "HTTP/1.1 200 OK"
2026-06-21 00:10:45,976 - httpx - INFO - HTTP Request: POST https://api.telegram.org/bot8657142758:AAGUQRm-T_ITFafMBJHzhBNQ2ZhjhuXQ4oE/getUpdates "HTTP/1.1 200 OK"
2026-06-21 00:10:56,116 - httpx - INFO - HTTP Request: POST https://api.telegram.org/bot8657142758:AAGUQRm-T_ITFafMBJHzhBNQ2ZhjhuXQ4oE/getUpdates "HTTP/1.1 200 OK"
2026-06-21 00:11:06,251 - httpx - INFO - HTTP Request: POST https://api.telegram.org/bot8657142758:AAGUQRm-T_ITFafMBJHzhBNQ2ZhjhuXQ4oE/getUpdates "HTTP/1.1 200 OK"
2026-06-21 00:11:16,377 - httpx - INFO - HTTP Request: POST https://api.telegram.org/bot8657142758:AAGUQRm-T_ITFafMBJHzhBNQ2ZhjhuXQ4oE/getUpdates "HTTP/1.1 200 OK"
2026-06-21 00:11:26,499 - httpx - INFO - HTTP Request: POST https://api.telegram.org/bot8657142758:AAGUQRm-T_ITFafMBJHzhBNQ2ZhjhuXQ4oE/getUpdates "HTTP/1.1 200 OK"
2026-06-21 00:11:36,659 - httpx - INFO - HTTP Request: POST https://api.telegram.org/bot8657142758:AAGUQRm-T_ITFafMBJHzhBNQ2ZhjhuXQ4oE/getUpdates "HTTP/1.1 200 OK"
2026-06-21 00:11:46,786 - httpx - INFO - HTTP Request: POST https://api.telegram.org/bot8657142758:AAGUQRm-T_ITFafMBJHzhBNQ2ZhjhuXQ4oE/getUpdates "HTTP/1.1 200 OK"
2026-06-21 00:11:56,930 - httpx - INFO - HTTP Request: POST https://api.telegram.org/bot8657142758:AAGUQRm-T_ITFafMBJHzhBNQ2ZhjhuXQ4oE/getUpdates "HTTP/1.1 200 OK"
2026-06-21 00:12:07,059 - httpx - INFO - HTTP Request: POST https://api.telegram.org/bot8657142758:AAGUQRm-T_ITFafMBJHzhBNQ2ZhjhuXQ4oE/getUpdates "HTTP/1.1 200 OK"
2026-06-21 00:12:17,197 - httpx - INFO - HTTP Request: POST https://api.telegram.org/bot8657142758:AAGUQRm-T_ITFafMBJHzhBNQ2ZhjhuXQ4oE/getUpdates "HTTP/1.1 200 OK"
2026-06-21 00:12:27,326 - httpx - INFO - HTTP Request: POST https://api.telegram.org/bot8657142758:AAGUQRm-T_ITFafMBJHzhBNQ2ZhjhuXQ4oE/getUpdates "HTTP/1.1 200 OK"
2026-06-21 00:12:37,450 - httpx - INFO - HTTP Request: POST https://api.telegram.org/bot8657142758:AAGUQRm-T_ITFafMBJHzhBNQ2ZhjhuXQ4oE/getUpdates "HTTP/1.1 200 OK"
2026-06-21 00:12:47,577 - httpx - INFO - HTTP Request: POST https://api.telegram.org/bot8657142758:AAGUQRm-T_ITFafMBJHzhBNQ2ZhjhuXQ4oE/getUpdates "HTTP/1.1 200 OK"
2026-06-21 00:12:57,714 - httpx - INFO - HTTP Request: POST https://api.telegram.org/bot8657142758:AAGUQRm-T_ITFafMBJHzhBNQ2ZhjhuXQ4oE/getUpdates "HTTP/1.1 200 OK"
2026-06-21 00:13:07,848 - httpx - INFO - HTTP Request: POST https://api.telegram.org/bot8657142758:AAGUQRm-T_ITFafMBJHzhBNQ2ZhjhuXQ4oE/getUpdates "HTTP/1.1 200 OK"
2026-06-21 00:13:17,974 - httpx - INFO - HTTP Request: POST https://api.telegram.org/bot8657142758:AAGUQRm-T_ITFafMBJHzhBNQ2ZhjhuXQ4oE/getUpdates "HTTP/1.1 200 OK"
2026-06-21 00:13:28,104 - httpx - INFO - HTTP Request: POST https://api.telegram.org/bot8657142758:AAGUQRm-T_ITFafMBJHzhBNQ2ZhjhuXQ4oE/getUpdates "HTTP/1.1 200 OK"
2026-06-21 00:13:38,248 - httpx - INFO - HTTP Request: POST https://api.telegram.org/bot8657142758:AAGUQRm-T_ITFafMBJHzhBNQ2ZhjhuXQ4oE/getUpdates "HTTP/1.1 200 OK"
2026-06-21 00:13:48,395 - httpx - INFO - HTTP Request: POST https://api.telegram.org/bot8657142758:AAGUQRm-T_ITFafMBJHzhBNQ2ZhjhuXQ4oE/getUpdates "HTTP/1.1 200 OK"
2026-06-21 00:13:58,529 - httpx - INFO - HTTP Request: POST https://api.telegram.org/bot8657142758:AAGUQRm-T_ITFafMBJHzhBNQ2ZhjhuXQ4oE/getUpdates "HTTP/1.1 200 OK"
2026-06-21 00:14:08,659 - httpx - INFO - HTTP Request: POST https://api.telegram.org/bot8657142758:AAGUQRm-T_ITFafMBJHzhBNQ2ZhjhuXQ4oE/getUpdates "HTTP/1.1 200 OK"
2026-06-21 00:14:18,787 - httpx - INFO - HTTP Request: POST https://api.telegram.org/bot8657142758:AAGUQRm-T_ITFafMBJHzhBNQ2ZhjhuXQ4oE/getUpdates "HTTP/1.1 200 OK"
2026-06-21 00:14:28,919 - httpx - INFO - HTTP Request: POST https://api.telegram.org/bot8657142758:AAGUQRm-T_ITFafMBJHzhBNQ2ZhjhuXQ4oE/getUpdates "HTTP/1.1 200 OK"
2026-06-21 00:14:39,052 - httpx - INFO - HTTP Request: POST https://api.telegram.org/bot8657142758:AAGUQRm-T_ITFafMBJHzhBNQ2ZhjhuXQ4oE/getUpdates "HTTP/1.1 200 OK"
2026-06-21 00:14:49,196 - httpx - INFO - HTTP Request: POST https://api.telegram.org/bot8657142758:AAGUQRm-T_ITFafMBJHzhBNQ2ZhjhuXQ4oE/getUpdates "HTTP/1.1 200 OK"
2026-06-21 00:14:59,338 - httpx - INFO - HTTP Request: POST https://api.telegram.org/bot8657142758:AAGUQRm-T_ITFafMBJHzhBNQ2ZhjhuXQ4oE/getUpdates "HTTP/1.1 200 OK"
2026-06-21 00:15:09,460 - httpx - INFO - HTTP Request: POST https://api.telegram.org/bot8657142758:AAGUQRm-T_ITFafMBJHzhBNQ2ZhjhuXQ4oE/getUpdates "HTTP/1.1 200 OK"
2026-06-21 00:15:19,594 - httpx - INFO - HTTP Request: POST https://api.telegram.org/bot8657142758:AAGUQRm-T_ITFafMBJHzhBNQ2ZhjhuXQ4oE/getUpdates "HTTP/1.1 200 OK"
2026-06-21 00:15:29,727 - httpx - INFO - HTTP Request: POST https://api.telegram.org/bot8657142758:AAGUQRm-T_ITFafMBJHzhBNQ2ZhjhuXQ4oE/getUpdates "HTTP/1.1 200 OK"
2026-06-21 00:15:39,864 - httpx - INFO - HTTP Request: POST https://api.telegram.org/bot8657142758:AAGUQRm-T_ITFafMBJHzhBNQ2ZhjhuXQ4oE/getUpdates "HTTP/1.1 200 OK"
2026-06-21 00:15:49,987 - httpx - INFO - HTTP Request: POST https://api.telegram.org/bot8657142758:AAGUQRm-T_ITFafMBJHzhBNQ2ZhjhuXQ4oE/getUpdates "HTTP/1.1 200 OK"
2026-06-21 00:16:00,113 - httpx - INFO - HTTP Request: POST https://api.telegram.org/bot8657142758:AAGUQRm-T_ITFafMBJHzhBNQ2ZhjhuXQ4oE/getUpdates "HTTP/1.1 200 OK"
2026-06-21 00:16:10,246 - httpx - INFO - HTTP Request: POST https://api.telegram.org/bot8657142758:AAGUQRm-T_ITFafMBJHzhBNQ2ZhjhuXQ4oE/getUpdates "HTTP/1.1 200 OK"
2026-06-21 00:16:20,391 - httpx - INFO - HTTP Request: POST https://api.telegram.org/bot8657142758:AAGUQRm-T_ITFafMBJHzhBNQ2ZhjhuXQ4oE/getUpdates "HTTP/1.1 200 OK"
2026-06-21 00:16:30,521 - httpx - INFO - HTTP Request: POST https://api.telegram.org/bot8657142758:AAGUQRm-T_ITFafMBJHzhBNQ2ZhjhuXQ4oE/getUpdates "HTTP/1.1 200 OK"
2026-06-21 00:16:40,647 - httpx - INFO - HTTP Request: POST https://api.telegram.org/bot8657142758:AAGUQRm-T_ITFafMBJHzhBNQ2ZhjhuXQ4oE/getUpdates "HTTP/1.1 200 OK"
2026-06-21 00:16:50,773 - httpx - INFO - HTTP Request: POST https://api.telegram.org/bot8657142758:AAGUQRm-T_ITFafMBJHzhBNQ2ZhjhuXQ4oE/getUpdates "HTTP/1.1 200 OK"
2026-06-21 00:17:00,901 - httpx - INFO - HTTP Request: POST https://api.telegram.org/bot8657142758:AAGUQRm-T_ITFafMBJHzhBNQ2ZhjhuXQ4oE/getUpdates "HTTP/1.1 200 OK"
2026-06-21 00:17:11,029 - httpx - INFO - HTTP Request: POST https://api.telegram.org/bot8657142758:AAGUQRm-T_ITFafMBJHzhBNQ2ZhjhuXQ4oE/getUpdates "HTTP/1.1 200 OK"
2026-06-21 00:17:21,200 - httpx - INFO - HTTP Request: POST https://api.telegram.org/bot8657142758:AAGUQRm-T_ITFafMBJHzhBNQ2ZhjhuXQ4oE/getUpdates "HTTP/1.1 200 OK"
2026-06-21 00:17:31,323 - httpx - INFO - HTTP Request: POST https://api.telegram.org/bot8657142758:AAGUQRm-T_ITFafMBJHzhBNQ2ZhjhuXQ4oE/getUpdates "HTTP/1.1 200 OK"
2026-06-21 00:17:41,455 - httpx - INFO - HTTP Request: POST https://api.telegram.org/bot8657142758:AAGUQRm-T_ITFafMBJHzhBNQ2ZhjhuXQ4oE/getUpdates "HTTP/1.1 200 OK"
2026-06-21 00:17:51,591 - httpx - INFO - HTTP Request: POST https://api.telegram.org/bot8657142758:AAGUQRm-T_ITFafMBJHzhBNQ2ZhjhuXQ4oE/getUpdates "HTTP/1.1 200 OK"
2026-06-21 00:17:58,416 - httpx - INFO - HTTP Request: POST https://api.telegram.org/bot8657142758:AAGUQRm-T_ITFafMBJHzhBNQ2ZhjhuXQ4oE/getUpdates "HTTP/1.1 200 OK"
2026-06-21 00:17:58,418 - telegram.ext.Application - INFO - Application is stopping. This might take a moment.
2026-06-21 00:17:58,418 - telegram.ext.Application - INFO - Application.stop() complete
2026-06-21 00:17:58,448 - asyncio - ERROR - Task was destroyed but it is pending!
task: <Task pending name='Task-5' coro=<deadline_checker_loop() running at /home/sirojiddin/code/Munacollection/main.py:140> wait_for=<Future pending cb=[Task.task_wakeup()]>>
2026-06-22 00:00:16,711 - httpx - INFO - HTTP Request: POST https://api.telegram.org/bot8657142758:AAGUQRm-T_ITFafMBJHzhBNQ2ZhjhuXQ4oE/getMe "HTTP/1.1 200 OK"
2026-06-22 00:00:16,858 - httpx - INFO - HTTP Request: POST https://api.telegram.org/bot8657142758:AAGUQRm-T_ITFafMBJHzhBNQ2ZhjhuXQ4oE/setMyCommands "HTTP/1.1 200 OK"
2026-06-22 00:00:16,859 - __main__ - INFO - Bot commands successfully set.
2026-06-22 00:00:16,860 - __main__ - INFO - Deadline checker background task started.
2026-06-22 00:00:17,002 - httpx - INFO - HTTP Request: POST https://api.telegram.org/bot8657142758:AAGUQRm-T_ITFafMBJHzhBNQ2ZhjhuXQ4oE/deleteWebhook "HTTP/1.1 200 OK"
2026-06-22 00:00:17,003 - telegram.ext.Application - INFO - Application started
2026-06-22 00:00:17,382 - httpx - INFO - HTTP Request: POST https://api.telegram.org/bot8657142758:AAGUQRm-T_ITFafMBJHzhBNQ2ZhjhuXQ4oE/getUpdates "HTTP/1.1 200 OK"
2026-06-22 00:00:17,385 - messages - INFO - RAW UPDATE: {'message': {'channel_chat_created': False, 'delete_chat_photo': False, 'group_chat_created': False, 'supergroup_chat_created': False, 'text': 'Elon Joylashtirish ➕', 'chat': {'first_name': 'Ghost', 'id': 7844532860, 'type': <ChatType.PRIVATE>}, 'date': 1782067024, 'message_id': 400, 'from': {'first_name': 'Ghost', 'id': 7844532860, 'is_bot': False, 'language_code': 'uz'}}, 'update_id': 63033082}
2026-06-22 00:00:17,385 - messages - INFO - Message received from user_id=7844532860: state=None, text=Elon Joylashtirish ➕
2026-06-22 00:00:17,559 - httpx - INFO - HTTP Request: POST https://api.telegram.org/bot8657142758:AAGUQRm-T_ITFafMBJHzhBNQ2ZhjhuXQ4oE/sendMessage "HTTP/1.1 200 OK"
2026-06-22 00:00:17,560 - messages - INFO - RAW UPDATE: {'message': {'channel_chat_created': False, 'delete_chat_photo': False, 'group_chat_created': False, 'supergroup_chat_created': False, 'text': 'vfh', 'chat': {'first_name': 'Ghost', 'id': 7844532860, 'type': <ChatType.PRIVATE>}, 'date': 1782067032, 'message_id': 401, 'from': {'first_name': 'Ghost', 'id': 7844532860, 'is_bot': False, 'language_code': 'uz'}}, 'update_id': 63033083}
2026-06-22 00:00:17,560 - messages - INFO - Message received from user_id=7844532860: state=AD_PHOTO, text=vfh
2026-06-22 00:00:17,777 - httpx - INFO - HTTP Request: POST https://api.telegram.org/bot8657142758:AAGUQRm-T_ITFafMBJHzhBNQ2ZhjhuXQ4oE/sendMessage "HTTP/1.1 200 OK"
2026-06-22 00:00:17,779 - messages - INFO - RAW UPDATE: {'message': {'channel_chat_created': False, 'delete_chat_photo': False, 'group_chat_created': False, 'supergroup_chat_created': False, 'text': 'Buyurtmalar 📝', 'chat': {'first_name': 'Ghost', 'id': 7844532860, 'type': <ChatType.PRIVATE>}, 'date': 1782067039, 'message_id': 402, 'from': {'first_name': 'Ghost', 'id': 7844532860, 'is_bot': False, 'language_code': 'uz'}}, 'update_id': 63033084}
2026-06-22 00:00:17,780 - messages - INFO - Message received from user_id=7844532860: state=AD_PHOTO, text=Buyurtmalar 📝
2026-06-22 00:00:17,963 - httpx - INFO - HTTP Request: POST https://api.telegram.org/bot8657142758:AAGUQRm-T_ITFafMBJHzhBNQ2ZhjhuXQ4oE/sendMessage "HTTP/1.1 200 OK"
2026-06-22 00:00:17,965 - messages - INFO - RAW UPDATE: {'message': {'channel_chat_created': False, 'delete_chat_photo': False, 'group_chat_created': False, 'supergroup_chat_created': False, 'text': 'Yetkazilmagan buyurtmalar ⏳', 'chat': {'first_name': 'Ghost', 'id': 7844532860, 'type': <ChatType.PRIVATE>}, 'date': 1782067041, 'message_id': 403, 'from': {'first_name': 'Ghost', 'id': 7844532860, 'is_bot': False, 'language_code': 'uz'}}, 'update_id': 63033085}
2026-06-22 00:00:17,966 - messages - INFO - Message received from user_id=7844532860: state=AD_PHOTO, text=Yetkazilmagan buyurtmalar ⏳
2026-06-22 00:00:18,134 - httpx - INFO - HTTP Request: POST https://api.telegram.org/bot8657142758:AAGUQRm-T_ITFafMBJHzhBNQ2ZhjhuXQ4oE/sendMessage "HTTP/1.1 200 OK"
2026-06-22 00:00:18,136 - messages - INFO - RAW UPDATE: {'message': {'channel_chat_created': False, 'delete_chat_photo': False, 'group_chat_created': False, 'message_thread_id': 8, 'reply_to_message': {'channel_chat_created': False, 'delete_chat_photo': False, 'group_chat_created': False, 'message_thread_id': 8, 'supergroup_chat_created': False, 'text': 'Tushunarsiz buyruq. Menyudan foydalaning.', 'chat': {'id': -1004475483869, 'title': 'MUNA test', 'type': <ChatType.SUPERGROUP>, 'username': 'munatest1'}, 'date': 1781548500, 'message_id': 9, 'from': {'first_name': 'Muna Collection test', 'id': 8657142758, 'is_bot': True, 'username': 'fevrallik_noiloj_bot'}}, 'supergroup_chat_created': False, 'text': 'Elon Joylashtirish ➕', 'chat': {'id': -1004475483869, 'title': 'MUNA test', 'type': <ChatType.SUPERGROUP>, 'username': 'munatest1'}, 'date': 1782067116, 'message_id': 23, 'from': {'first_name': 'Ghost', 'id': 7844532860, 'is_bot': False, 'language_code': 'uz'}}, 'update_id': 63033086}
2026-06-22 00:00:27,633 - httpx - INFO - HTTP Request: POST https://api.telegram.org/bot8657142758:AAGUQRm-T_ITFafMBJHzhBNQ2ZhjhuXQ4oE/getUpdates "HTTP/1.1 200 OK"
2026-06-22 00:00:37,795 - httpx - INFO - HTTP Request: POST https://api.telegram.org/bot8657142758:AAGUQRm-T_ITFafMBJHzhBNQ2ZhjhuXQ4oE/getUpdates "HTTP/1.1 200 OK"
2026-06-22 00:00:47,940 - httpx - INFO - HTTP Request: POST https://api.telegram.org/bot8657142758:AAGUQRm-T_ITFafMBJHzhBNQ2ZhjhuXQ4oE/getUpdates "HTTP/1.1 200 OK"
2026-06-22 00:00:58,072 - httpx - INFO - HTTP Request: POST https://api.telegram.org/bot8657142758:AAGUQRm-T_ITFafMBJHzhBNQ2ZhjhuXQ4oE/getUpdates "HTTP/1.1 200 OK"
2026-06-22 00:01:08,199 - httpx - INFO - HTTP Request: POST https://api.telegram.org/bot8657142758:AAGUQRm-T_ITFafMBJHzhBNQ2ZhjhuXQ4oE/getUpdates "HTTP/1.1 200 OK"
2026-06-22 00:01:18,332 - httpx - INFO - HTTP Request: POST https://api.telegram.org/bot8657142758:AAGUQRm-T_ITFafMBJHzhBNQ2ZhjhuXQ4oE/getUpdates "HTTP/1.1 200 OK"
2026-06-22 00:01:28,470 - httpx - INFO - HTTP Request: POST https://api.telegram.org/bot8657142758:AAGUQRm-T_ITFafMBJHzhBNQ2ZhjhuXQ4oE/getUpdates "HTTP/1.1 200 OK"
2026-06-22 00:01:38,605 - httpx - INFO - HTTP Request: POST https://api.telegram.org/bot8657142758:AAGUQRm-T_ITFafMBJHzhBNQ2ZhjhuXQ4oE/getUpdates "HTTP/1.1 200 OK"
2026-06-22 00:01:48,776 - httpx - INFO - HTTP Request: POST https://api.telegram.org/bot8657142758:AAGUQRm-T_ITFafMBJHzhBNQ2ZhjhuXQ4oE/getUpdates "HTTP/1.1 200 OK"
2026-06-22 00:01:58,918 - httpx - INFO - HTTP Request: POST https://api.telegram.org/bot8657142758:AAGUQRm-T_ITFafMBJHzhBNQ2ZhjhuXQ4oE/getUpdates "HTTP/1.1 200 OK"
2026-06-22 00:02:09,168 - httpx - INFO - HTTP Request: POST https://api.telegram.org/bot8657142758:AAGUQRm-T_ITFafMBJHzhBNQ2ZhjhuXQ4oE/getUpdates "HTTP/1.1 200 OK"
2026-06-22 00:02:19,317 - httpx - INFO - HTTP Request: POST https://api.telegram.org/bot8657142758:AAGUQRm-T_ITFafMBJHzhBNQ2ZhjhuXQ4oE/getUpdates "HTTP/1.1 200 OK"
2026-06-22 00:02:29,471 - httpx - INFO - HTTP Request: POST https://api.telegram.org/bot8657142758:AAGUQRm-T_ITFafMBJHzhBNQ2ZhjhuXQ4oE/getUpdates "HTTP/1.1 200 OK"
2026-06-22 00:02:39,638 - httpx - INFO - HTTP Request: POST https://api.telegram.org/bot8657142758:AAGUQRm-T_ITFafMBJHzhBNQ2ZhjhuXQ4oE/getUpdates "HTTP/1.1 200 OK"
2026-06-22 00:02:49,779 - httpx - INFO - HTTP Request: POST https://api.telegram.org/bot8657142758:AAGUQRm-T_ITFafMBJHzhBNQ2ZhjhuXQ4oE/getUpdates "HTTP/1.1 200 OK"
2026-06-22 00:02:59,909 - httpx - INFO - HTTP Request: POST https://api.telegram.org/bot8657142758:AAGUQRm-T_ITFafMBJHzhBNQ2ZhjhuXQ4oE/getUpdates "HTTP/1.1 200 OK"
2026-06-22 00:03:10,075 - httpx - INFO - HTTP Request: POST https://api.telegram.org/bot8657142758:AAGUQRm-T_ITFafMBJHzhBNQ2ZhjhuXQ4oE/getUpdates "HTTP/1.1 200 OK"
2026-06-22 00:03:20,217 - httpx - INFO - HTTP Request: POST https://api.telegram.org/bot8657142758:AAGUQRm-T_ITFafMBJHzhBNQ2ZhjhuXQ4oE/getUpdates "HTTP/1.1 200 OK"
2026-06-22 00:03:30,485 - httpx - INFO - HTTP Request: POST https://api.telegram.org/bot8657142758:AAGUQRm-T_ITFafMBJHzhBNQ2ZhjhuXQ4oE/getUpdates "HTTP/1.1 200 OK"
2026-06-22 00:03:40,618 - httpx - INFO - HTTP Request: POST https://api.telegram.org/bot8657142758:AAGUQRm-T_ITFafMBJHzhBNQ2ZhjhuXQ4oE/getUpdates "HTTP/1.1 200 OK"
2026-06-22 00:03:50,761 - httpx - INFO - HTTP Request: POST https://api.telegram.org/bot8657142758:AAGUQRm-T_ITFafMBJHzhBNQ2ZhjhuXQ4oE/getUpdates "HTTP/1.1 200 OK"
2026-06-22 00:04:00,888 - httpx - INFO - HTTP Request: POST https://api.telegram.org/bot8657142758:AAGUQRm-T_ITFafMBJHzhBNQ2ZhjhuXQ4oE/getUpdates "HTTP/1.1 200 OK"
2026-06-22 00:04:11,053 - httpx - INFO - HTTP Request: POST https://api.telegram.org/bot8657142758:AAGUQRm-T_ITFafMBJHzhBNQ2ZhjhuXQ4oE/getUpdates "HTTP/1.1 200 OK"
2026-06-22 00:04:21,233 - httpx - INFO - HTTP Request: POST https://api.telegram.org/bot8657142758:AAGUQRm-T_ITFafMBJHzhBNQ2ZhjhuXQ4oE/getUpdates "HTTP/1.1 200 OK"
2026-06-22 00:04:31,388 - httpx - INFO - HTTP Request: POST https://api.telegram.org/bot8657142758:AAGUQRm-T_ITFafMBJHzhBNQ2ZhjhuXQ4oE/getUpdates "HTTP/1.1 200 OK"
2026-06-22 00:04:41,575 - httpx - INFO - HTTP Request: POST https://api.telegram.org/bot8657142758:AAGUQRm-T_ITFafMBJHzhBNQ2ZhjhuXQ4oE/getUpdates "HTTP/1.1 200 OK"
2026-06-22 00:04:51,727 - httpx - INFO - HTTP Request: POST https://api.telegram.org/bot8657142758:AAGUQRm-T_ITFafMBJHzhBNQ2ZhjhuXQ4oE/getUpdates "HTTP/1.1 200 OK"
2026-06-22 00:05:01,857 - httpx - INFO - HTTP Request: POST https://api.telegram.org/bot8657142758:AAGUQRm-T_ITFafMBJHzhBNQ2ZhjhuXQ4oE/getUpdates "HTTP/1.1 200 OK"
2026-06-22 00:05:12,002 - httpx - INFO - HTTP Request: POST https://api.telegram.org/bot8657142758:AAGUQRm-T_ITFafMBJHzhBNQ2ZhjhuXQ4oE/getUpdates "HTTP/1.1 200 OK"
2026-06-22 00:05:22,176 - httpx - INFO - HTTP Request: POST https://api.telegram.org/bot8657142758:AAGUQRm-T_ITFafMBJHzhBNQ2ZhjhuXQ4oE/getUpdates "HTTP/1.1 200 OK"
2026-06-22 00:05:32,358 - httpx - INFO - HTTP Request: POST https://api.telegram.org/bot8657142758:AAGUQRm-T_ITFafMBJHzhBNQ2ZhjhuXQ4oE/getUpdates "HTTP/1.1 200 OK"
2026-06-22 00:05:42,507 - httpx - INFO - HTTP Request: POST https://api.telegram.org/bot8657142758:AAGUQRm-T_ITFafMBJHzhBNQ2ZhjhuXQ4oE/getUpdates "HTTP/1.1 200 OK"
2026-06-22 00:05:52,671 - httpx - INFO - HTTP Request: POST https://api.telegram.org/bot8657142758:AAGUQRm-T_ITFafMBJHzhBNQ2ZhjhuXQ4oE/getUpdates "HTTP/1.1 200 OK"
2026-06-22 00:06:02,816 - httpx - INFO - HTTP Request: POST https://api.telegram.org/bot8657142758:AAGUQRm-T_ITFafMBJHzhBNQ2ZhjhuXQ4oE/getUpdates "HTTP/1.1 200 OK"
2026-06-22 00:06:12,961 - httpx - INFO - HTTP Request: POST https://api.telegram.org/bot8657142758:AAGUQRm-T_ITFafMBJHzhBNQ2ZhjhuXQ4oE/getUpdates "HTTP/1.1 200 OK"
2026-06-22 00:06:23,102 - httpx - INFO - HTTP Request: POST https://api.telegram.org/bot8657142758:AAGUQRm-T_ITFafMBJHzhBNQ2ZhjhuXQ4oE/getUpdates "HTTP/1.1 200 OK"
2026-06-22 00:06:33,242 - httpx - INFO - HTTP Request: POST https://api.telegram.org/bot8657142758:AAGUQRm-T_ITFafMBJHzhBNQ2ZhjhuXQ4oE/getUpdates "HTTP/1.1 200 OK"
2026-06-22 00:06:43,430 - httpx - INFO - HTTP Request: POST https://api.telegram.org/bot8657142758:AAGUQRm-T_ITFafMBJHzhBNQ2ZhjhuXQ4oE/getUpdates "HTTP/1.1 200 OK"
2026-06-22 00:06:53,626 - httpx - INFO - HTTP Request: POST https://api.telegram.org/bot8657142758:AAGUQRm-T_ITFafMBJHzhBNQ2ZhjhuXQ4oE/getUpdates "HTTP/1.1 200 OK"
2026-06-22 00:07:03,757 - httpx - INFO - HTTP Request: POST https://api.telegram.org/bot8657142758:AAGUQRm-T_ITFafMBJHzhBNQ2ZhjhuXQ4oE/getUpdates "HTTP/1.1 200 OK"
2026-06-22 00:07:13,944 - httpx - INFO - HTTP Request: POST https://api.telegram.org/bot8657142758:AAGUQRm-T_ITFafMBJHzhBNQ2ZhjhuXQ4oE/getUpdates "HTTP/1.1 200 OK"
2026-06-22 00:07:24,077 - httpx - INFO - HTTP Request: POST https://api.telegram.org/bot8657142758:AAGUQRm-T_ITFafMBJHzhBNQ2ZhjhuXQ4oE/getUpdates "HTTP/1.1 200 OK"
2026-06-22 00:07:34,204 - httpx - INFO - HTTP Request: POST https://api.telegram.org/bot8657142758:AAGUQRm-T_ITFafMBJHzhBNQ2ZhjhuXQ4oE/getUpdates "HTTP/1.1 200 OK"
2026-06-22 00:07:44,385 - httpx - INFO - HTTP Request: POST https://api.telegram.org/bot8657142758:AAGUQRm-T_ITFafMBJHzhBNQ2ZhjhuXQ4oE/getUpdates "HTTP/1.1 200 OK"
2026-06-22 00:07:54,514 - httpx - INFO - HTTP Request: POST https://api.telegram.org/bot8657142758:AAGUQRm-T_ITFafMBJHzhBNQ2ZhjhuXQ4oE/getUpdates "HTTP/1.1 200 OK"
2026-06-22 00:08:04,680 - httpx - INFO - HTTP Request: POST https://api.telegram.org/bot8657142758:AAGUQRm-T_ITFafMBJHzhBNQ2ZhjhuXQ4oE/getUpdates "HTTP/1.1 200 OK"
2026-06-22 00:08:14,816 - httpx - INFO - HTTP Request: POST https://api.telegram.org/bot8657142758:AAGUQRm-T_ITFafMBJHzhBNQ2ZhjhuXQ4oE/getUpdates "HTTP/1.1 200 OK"
2026-06-22 00:08:24,958 - httpx - INFO - HTTP Request: POST https://api.telegram.org/bot8657142758:AAGUQRm-T_ITFafMBJHzhBNQ2ZhjhuXQ4oE/getUpdates "HTTP/1.1 200 OK"
2026-06-22 00:08:35,087 - httpx - INFO - HTTP Request: POST https://api.telegram.org/bot8657142758:AAGUQRm-T_ITFafMBJHzhBNQ2ZhjhuXQ4oE/getUpdates "HTTP/1.1 200 OK"
2026-06-22 00:08:45,226 - httpx - INFO - HTTP Request: POST https://api.telegram.org/bot8657142758:AAGUQRm-T_ITFafMBJHzhBNQ2ZhjhuXQ4oE/getUpdates "HTTP/1.1 200 OK"
2026-06-22 00:08:55,354 - httpx - INFO - HTTP Request: POST https://api.telegram.org/bot8657142758:AAGUQRm-T_ITFafMBJHzhBNQ2ZhjhuXQ4oE/getUpdates "HTTP/1.1 200 OK"
2026-06-22 00:09:05,496 - httpx - INFO - HTTP Request: POST https://api.telegram.org/bot8657142758:AAGUQRm-T_ITFafMBJHzhBNQ2ZhjhuXQ4oE/getUpdates "HTTP/1.1 200 OK"
2026-06-22 00:09:15,629 - httpx - INFO - HTTP Request: POST https://api.telegram.org/bot8657142758:AAGUQRm-T_ITFafMBJHzhBNQ2ZhjhuXQ4oE/getUpdates "HTTP/1.1 200 OK"
2026-06-22 00:09:25,755 - httpx - INFO - HTTP Request: POST https://api.telegram.org/bot8657142758:AAGUQRm-T_ITFafMBJHzhBNQ2ZhjhuXQ4oE/getUpdates "HTTP/1.1 200 OK"
2026-06-22 00:09:35,904 - httpx - INFO - HTTP Request: POST https://api.telegram.org/bot8657142758:AAGUQRm-T_ITFafMBJHzhBNQ2ZhjhuXQ4oE/getUpdates "HTTP/1.1 200 OK"
2026-06-22 00:09:39,132 - httpx - INFO - HTTP Request: POST https://api.telegram.org/bot8657142758:AAGUQRm-T_ITFafMBJHzhBNQ2ZhjhuXQ4oE/getUpdates "HTTP/1.1 200 OK"
2026-06-22 00:09:39,134 - messages - INFO - RAW UPDATE: {'message': {'channel_chat_created': False, 'delete_chat_photo': False, 'entities': [{'length': 6, 'offset': 0, 'type': <MessageEntityType.BOT_COMMAND>}], 'group_chat_created': False, 'supergroup_chat_created': False, 'text': '/start', 'chat': {'first_name': 'w', 'id': 5431095932, 'type': <ChatType.PRIVATE>}, 'date': 1782068979, 'message_id': 408, 'from': {'first_name': 'w', 'id': 5431095932, 'is_bot': False, 'language_code': 'uz'}}, 'update_id': 63033087}
2026-06-22 00:09:39,653 - httpx - INFO - HTTP Request: POST https://api.telegram.org/bot8657142758:AAGUQRm-T_ITFafMBJHzhBNQ2ZhjhuXQ4oE/sendMessage "HTTP/1.1 200 OK"
2026-06-22 00:09:44,362 - httpx - INFO - HTTP Request: POST https://api.telegram.org/bot8657142758:AAGUQRm-T_ITFafMBJHzhBNQ2ZhjhuXQ4oE/getUpdates "HTTP/1.1 200 OK"
2026-06-22 00:09:44,364 - messages - INFO - RAW UPDATE: {'message': {'channel_chat_created': False, 'contact': {'first_name': 'w', 'phone_number': '998943145898', 'user_id': 5431095932}, 'delete_chat_photo': False, 'group_chat_created': False, 'reply_to_message': {'channel_chat_created': False, 'delete_chat_photo': False, 'group_chat_created': False, 'supergroup_chat_created': False, 'text': "Xush kelibsiz! Bot xizmatlaridan foydalanish uchun telefon raqamingiz orqali ro'yxatdan o'tish tugmasini bosing:", 'chat': {'first_name': 'w', 'id': 5431095932, 'type': <ChatType.PRIVATE>}, 'date': 1782068979, 'message_id': 409, 'from': {'first_name': 'Muna Collection test', 'id': 8657142758, 'is_bot': True, 'username': 'fevrallik_noiloj_bot'}}, 'supergroup_chat_created': False, 'chat': {'first_name': 'w', 'id': 5431095932, 'type': <ChatType.PRIVATE>}, 'date': 1782068984, 'message_id': 410, 'from': {'first_name': 'w', 'id': 5431095932, 'is_bot': False, 'language_code': 'uz'}}, 'update_id': 63033088}
2026-06-22 00:09:44,563 - httpx - INFO - HTTP Request: POST https://api.telegram.org/bot8657142758:AAGUQRm-T_ITFafMBJHzhBNQ2ZhjhuXQ4oE/sendMessage "HTTP/1.1 200 OK"
2026-06-22 00:09:47,785 - httpx - INFO - HTTP Request: POST https://api.telegram.org/bot8657142758:AAGUQRm-T_ITFafMBJHzhBNQ2ZhjhuXQ4oE/getUpdates "HTTP/1.1 200 OK"
2026-06-22 00:09:47,788 - messages - INFO - RAW UPDATE: {'message': {'channel_chat_created': False, 'delete_chat_photo': False, 'group_chat_created': False, 'supergroup_chat_created': False, 'text': 'Bozor 🛍', 'chat': {'first_name': 'w', 'id': 5431095932, 'type': <ChatType.PRIVATE>}, 'date': 1782068987, 'message_id': 412, 'from': {'first_name': 'w', 'id': 5431095932, 'is_bot': False, 'language_code': 'uz'}}, 'update_id': 63033089}
2026-06-22 00:09:47,788 - messages - INFO - Message received from user_id=5431095932: state=None, text=Bozor 🛍
2026-06-22 00:09:47,961 - httpx - INFO - HTTP Request: POST https://api.telegram.org/bot8657142758:AAGUQRm-T_ITFafMBJHzhBNQ2ZhjhuXQ4oE/sendPhoto "HTTP/1.1 200 OK"
2026-06-22 00:09:55,608 - httpx - INFO - HTTP Request: POST https://api.telegram.org/bot8657142758:AAGUQRm-T_ITFafMBJHzhBNQ2ZhjhuXQ4oE/getUpdates "HTTP/1.1 200 OK"
2026-06-22 00:09:55,611 - messages - INFO - RAW UPDATE: {'callback_query': {'chat_instance': '-8985800416122169411', 'data': 'cat_idx_1', 'id': '4879635339264375682', 'message': {'caption': "🛍 Bozor mahsuloti (1/4)\n\n📍 Kelish joyi: Do'kondan\n⏱ Kelish muddati: 1 kun\n💵 Narxi: 10k\n📝 Izoh: Ayron", 'caption_entities': [{'length': 21, 'offset': 3, 'type': <MessageEntityType.BOLD>}], 'channel_chat_created': False, 'delete_chat_photo': False, 'group_chat_created': False, 'photo': [{'height': 90, 'width': 51, 'file_id': 'AgACAgIAAxkBAAIBgWo23kgN7njroosKDGtyZkh6k-aGAAKcGGsbHb-5Se0IpMAFegOkAQADAgADcwADPAQ', 'file_size': 1276, 'file_unique_id': 'AQADnBhrGx2_uUl4'}, {'height': 320, 'width': 180, 'file_id': 'AgACAgIAAxkBAAIBgWo23kgN7njroosKDGtyZkh6k-aGAAKcGGsbHb-5Se0IpMAFegOkAQADAgADbQADPAQ', 'file_size': 14629, 'file_unique_id': 'AQADnBhrGx2_uUly'}, {'height': 800, 'width': 450, 'file_id': 'AgACAgIAAxkBAAIBgWo23kgN7njroosKDGtyZkh6k-aGAAKcGGsbHb-5Se0IpMAFegOkAQADAgADeAADPAQ', 'file_size': 55453, 'file_unique_id': 'AQADnBhrGx2_uUl9'}, {'height': 1280, 'width': 720, 'file_id': 'AgACAgIAAxkBAAIBgWo23kgN7njroosKDGtyZkh6k-aGAAKcGGsbHb-5Se0IpMAFegOkAQADAgADeQADPAQ', 'file_size': 124957, 'file_unique_id': 'AQADnBhrGx2_uUl-'}, {'height': 1920, 'width': 1080, 'file_id': 'AgACAgIAAxkBAAIBgWo23kgN7njroosKDGtyZkh6k-aGAAKcGGsbHb-5Se0IpMAFegOkAQADAgADdwADPAQ', 'file_size': 202818, 'file_unique_id': 'AQADnBhrGx2_uUl8'}], 'reply_markup': {'inline_keyboard': [[{'callback_data': 'buy_prod_5', 'text': 'Sotib olish 💳'}], [{'callback_data': 'noop', 'text': '1/4'}, {'callback_data': 'cat_idx_1', 'text': 'Keyingi Mahsulot ➡️'}]]}, 'supergroup_chat_created': False, 'chat': {'first_name': 'w', 'id': 5431095932, 'type': <ChatType.PRIVATE>}, 'date': 1782068987, 'message_id': 413, 'from': {'first_name': 'Muna Collection test', 'id': 8657142758, 'is_bot': True, 'username': 'fevrallik_noiloj_bot'}}, 'from': {'first_name': 'w', 'id': 5431095932, 'is_bot': False, 'language_code': 'uz'}}, 'update_id': 63033090}
2026-06-22 00:09:55,611 - callbacks - INFO - Callback query received: user_id=5431095932, data=cat_idx_1
2026-06-22 00:09:56,022 - httpx - INFO - HTTP Request: POST https://api.telegram.org/bot8657142758:AAGUQRm-T_ITFafMBJHzhBNQ2ZhjhuXQ4oE/deleteMessage "HTTP/1.1 200 OK"
2026-06-22 00:09:56,183 - httpx - INFO - HTTP Request: POST https://api.telegram.org/bot8657142758:AAGUQRm-T_ITFafMBJHzhBNQ2ZhjhuXQ4oE/sendMediaGroup "HTTP/1.1 200 OK"
2026-06-22 00:09:56,385 - httpx - INFO - HTTP Request: POST https://api.telegram.org/bot8657142758:AAGUQRm-T_ITFafMBJHzhBNQ2ZhjhuXQ4oE/sendMessage "HTTP/1.1 200 OK"
2026-06-22 00:10:04,499 - httpx - INFO - HTTP Request: POST https://api.telegram.org/bot8657142758:AAGUQRm-T_ITFafMBJHzhBNQ2ZhjhuXQ4oE/getUpdates "HTTP/1.1 200 OK"
2026-06-22 00:10:04,502 - messages - INFO - RAW UPDATE: {'callback_query': {'chat_instance': '-8985800416122169411', 'data': 'buy_prod_4', 'id': '4879635336385522822', 'message': {'channel_chat_created': False, 'delete_chat_photo': False, 'entities': [{'length': 21, 'offset': 3, 'type': <MessageEntityType.BOLD>}], 'group_chat_created': False, 'reply_markup': {'inline_keyboard': [[{'callback_data': 'buy_prod_4', 'text': 'Sotib olish 💳'}], [{'callback_data': 'cat_idx_0', 'text': '⬅️ Oldingi Mahsulot'}, {'callback_data': 'noop', 'text': '2/4'}, {'callback_data': 'cat_idx_2', 'text': 'Keyingi Mahsulot ➡️'}]]}, 'supergroup_chat_created': False, 'text': '🛍 Bozor mahsuloti (2/4)\n\n📍 Kelish joyi: Marsdan keladi💫\n⏱ Kelish muddati: 2yil\n💵 Narxi: 9mlrd$\n📝 Izoh: Balo', 'chat': {'first_name': 'w', 'id': 5431095932, 'type': <ChatType.PRIVATE>}, 'date': 1782068996, 'message_id': 416, 'from': {'first_name': 'Muna Collection test', 'id': 8657142758, 'is_bot': True, 'username': 'fevrallik_noiloj_bot'}}, 'from': {'first_name': 'w', 'id': 5431095932, 'is_bot': False, 'language_code': 'uz'}}, 'update_id': 63033091}
2026-06-22 00:10:04,503 - callbacks - INFO - Callback query received: user_id=5431095932, data=buy_prod_4
2026-06-22 00:10:04,930 - httpx - INFO - HTTP Request: POST https://api.telegram.org/bot8657142758:AAGUQRm-T_ITFafMBJHzhBNQ2ZhjhuXQ4oE/answerCallbackQuery "HTTP/1.1 200 OK"
2026-06-22 00:10:05,098 - httpx - INFO - HTTP Request: POST https://api.telegram.org/bot8657142758:AAGUQRm-T_ITFafMBJHzhBNQ2ZhjhuXQ4oE/deleteMessage "HTTP/1.1 200 OK"
2026-06-22 00:10:05,394 - httpx - INFO - HTTP Request: POST https://api.telegram.org/bot8657142758:AAGUQRm-T_ITFafMBJHzhBNQ2ZhjhuXQ4oE/deleteMessage "HTTP/1.1 200 OK"
2026-06-22 00:10:05,539 - httpx - INFO - HTTP Request: POST https://api.telegram.org/bot8657142758:AAGUQRm-T_ITFafMBJHzhBNQ2ZhjhuXQ4oE/deleteMessage "HTTP/1.1 200 OK"
2026-06-22 00:10:05,720 - httpx - INFO - HTTP Request: POST https://api.telegram.org/bot8657142758:AAGUQRm-T_ITFafMBJHzhBNQ2ZhjhuXQ4oE/sendMediaGroup "HTTP/1.1 200 OK"
2026-06-22 00:10:05,930 - httpx - INFO - HTTP Request: POST https://api.telegram.org/bot8657142758:AAGUQRm-T_ITFafMBJHzhBNQ2ZhjhuXQ4oE/sendMessage "HTTP/1.1 200 OK"
2026-06-22 00:10:14,646 - httpx - INFO - HTTP Request: POST https://api.telegram.org/bot8657142758:AAGUQRm-T_ITFafMBJHzhBNQ2ZhjhuXQ4oE/getUpdates "HTTP/1.1 200 OK"
2026-06-22 00:10:24,807 - httpx - INFO - HTTP Request: POST https://api.telegram.org/bot8657142758:AAGUQRm-T_ITFafMBJHzhBNQ2ZhjhuXQ4oE/getUpdates "HTTP/1.1 200 OK"
2026-06-22 00:10:34,063 - httpx - INFO - HTTP Request: POST https://api.telegram.org/bot8657142758:AAGUQRm-T_ITFafMBJHzhBNQ2ZhjhuXQ4oE/getUpdates "HTTP/1.1 200 OK"
2026-06-22 00:10:34,065 - messages - INFO - RAW UPDATE: {'message': {'channel_chat_created': False, 'delete_chat_photo': False, 'group_chat_created': False, 'photo': [{'height': 90, 'width': 40, 'file_id': 'AgACAgIAAxkBAAIBpGo4NylRQwYLPIsUtcFLT0UBIlLOAAKwHWsbg83ASUEXS0qwXGL3AQADAgADcwADPAQ', 'file_size': 1098, 'file_unique_id': 'AQADsB1rG4PNwEl4'}, {'height': 320, 'width': 144, 'file_id': 'AgACAgIAAxkBAAIBpGo4NylRQwYLPIsUtcFLT0UBIlLOAAKwHWsbg83ASUEXS0qwXGL3AQADAgADbQADPAQ', 'file_size': 15351, 'file_unique_id': 'AQADsB1rG4PNwEly'}, {'height': 800, 'width': 360, 'file_id': 'AgACAgIAAxkBAAIBpGo4NylRQwYLPIsUtcFLT0UBIlLOAAKwHWsbg83ASUEXS0qwXGL3AQADAgADeAADPAQ', 'file_size': 71114, 'file_unique_id': 'AQADsB1rG4PNwEl9'}, {'height': 1280, 'width': 576, 'file_id': 'AgACAgIAAxkBAAIBpGo4NylRQwYLPIsUtcFLT0UBIlLOAAKwHWsbg83ASUEXS0qwXGL3AQADAgADeQADPAQ', 'file_size': 134418, 'file_unique_id': 'AQADsB1rG4PNwEl-'}], 'supergroup_chat_created': False, 'chat': {'first_name': 'w', 'id': 5431095932, 'type': <ChatType.PRIVATE>}, 'date': 1782069033, 'message_id': 420, 'from': {'first_name': 'w', 'id': 5431095932, 'is_bot': False, 'language_code': 'uz'}}, 'update_id': 63033092}
2026-06-22 00:10:34,066 - messages - INFO - Message received from user_id=5431095932: state=BUY_RECEIPT, text=None
2026-06-22 00:10:34,729 - httpx - INFO - HTTP Request: POST https://api.telegram.org/bot8657142758:AAGUQRm-T_ITFafMBJHzhBNQ2ZhjhuXQ4oE/sendMessage "HTTP/1.1 200 OK"
2026-06-22 00:10:34,942 - httpx - INFO - HTTP Request: POST https://api.telegram.org/bot8657142758:AAGUQRm-T_ITFafMBJHzhBNQ2ZhjhuXQ4oE/sendPhoto "HTTP/1.1 200 OK"
2026-06-22 00:10:35,190 - httpx - INFO - HTTP Request: POST https://api.telegram.org/bot8657142758:AAGUQRm-T_ITFafMBJHzhBNQ2ZhjhuXQ4oE/sendPhoto "HTTP/1.1 200 OK"
2026-06-22 00:10:42,022 - httpx - INFO - HTTP Request: POST https://api.telegram.org/bot8657142758:AAGUQRm-T_ITFafMBJHzhBNQ2ZhjhuXQ4oE/getUpdates "HTTP/1.1 200 OK"
2026-06-22 00:10:42,025 - messages - INFO - RAW UPDATE: {'message': {'channel_chat_created': False, 'delete_chat_photo': False, 'group_chat_created': False, 'supergroup_chat_created': False, 'text': 'Aloqa 📞', 'chat': {'first_name': 'w', 'id': 5431095932, 'type': <ChatType.PRIVATE>}, 'date': 1782069041, 'message_id': 424, 'from': {'first_name': 'w', 'id': 5431095932, 'is_bot': False, 'language_code': 'uz'}}, 'update_id': 63033093}
2026-06-22 00:10:42,025 - messages - INFO - Message received from user_id=5431095932: state=None, text=Aloqa 📞
2026-06-22 00:10:42,469 - httpx - INFO - HTTP Request: POST https://api.telegram.org/bot8657142758:AAGUQRm-T_ITFafMBJHzhBNQ2ZhjhuXQ4oE/sendMessage "HTTP/1.1 200 OK"
2026-06-22 00:10:52,168 - httpx - INFO - HTTP Request: POST https://api.telegram.org/bot8657142758:AAGUQRm-T_ITFafMBJHzhBNQ2ZhjhuXQ4oE/getUpdates "HTTP/1.1 200 OK"
2026-06-22 00:11:02,305 - httpx - INFO - HTTP Request: POST https://api.telegram.org/bot8657142758:AAGUQRm-T_ITFafMBJHzhBNQ2ZhjhuXQ4oE/getUpdates "HTTP/1.1 200 OK"
2026-06-22 00:11:12,429 - httpx - INFO - HTTP Request: POST https://api.telegram.org/bot8657142758:AAGUQRm-T_ITFafMBJHzhBNQ2ZhjhuXQ4oE/getUpdates "HTTP/1.1 200 OK"
2026-06-22 00:11:22,555 - httpx - INFO - HTTP Request: POST https://api.telegram.org/bot8657142758:AAGUQRm-T_ITFafMBJHzhBNQ2ZhjhuXQ4oE/getUpdates "HTTP/1.1 200 OK"
2026-06-22 00:11:32,682 - httpx - INFO - HTTP Request: POST https://api.telegram.org/bot8657142758:AAGUQRm-T_ITFafMBJHzhBNQ2ZhjhuXQ4oE/getUpdates "HTTP/1.1 200 OK"
2026-06-22 00:11:42,823 - httpx - INFO - HTTP Request: POST https://api.telegram.org/bot8657142758:AAGUQRm-T_ITFafMBJHzhBNQ2ZhjhuXQ4oE/getUpdates "HTTP/1.1 200 OK"
2026-06-22 00:11:52,956 - httpx - INFO - HTTP Request: POST https://api.telegram.org/bot8657142758:AAGUQRm-T_ITFafMBJHzhBNQ2ZhjhuXQ4oE/getUpdates "HTTP/1.1 200 OK"
2026-06-22 00:12:03,105 - httpx - INFO - HTTP Request: POST https://api.telegram.org/bot8657142758:AAGUQRm-T_ITFafMBJHzhBNQ2ZhjhuXQ4oE/getUpdates "HTTP/1.1 200 OK"
2026-06-22 00:12:13,240 - httpx - INFO - HTTP Request: POST https://api.telegram.org/bot8657142758:AAGUQRm-T_ITFafMBJHzhBNQ2ZhjhuXQ4oE/getUpdates "HTTP/1.1 200 OK"
2026-06-22 00:12:22,741 - httpx - INFO - HTTP Request: POST https://api.telegram.org/bot8657142758:AAGUQRm-T_ITFafMBJHzhBNQ2ZhjhuXQ4oE/getUpdates "HTTP/1.1 200 OK"
2026-06-22 00:12:22,743 - messages - INFO - RAW UPDATE: {'message': {'channel_chat_created': False, 'delete_chat_photo': False, 'group_chat_created': False, 'supergroup_chat_created': False, 'text': 'Bekor qilish ❌', 'chat': {'first_name': 'Ghost', 'id': 7844532860, 'type': <ChatType.PRIVATE>}, 'date': 1782069142, 'message_id': 426, 'from': {'first_name': 'Ghost', 'id': 7844532860, 'is_bot': False, 'language_code': 'uz'}}, 'update_id': 63033094}
2026-06-22 00:12:22,743 - messages - INFO - Message received from user_id=7844532860: state=AD_PHOTO, text=Bekor qilish ❌
2026-06-22 00:12:23,213 - httpx - INFO - HTTP Request: POST https://api.telegram.org/bot8657142758:AAGUQRm-T_ITFafMBJHzhBNQ2ZhjhuXQ4oE/sendMessage "HTTP/1.1 200 OK"
2026-06-22 00:12:25,008 - httpx - INFO - HTTP Request: POST https://api.telegram.org/bot8657142758:AAGUQRm-T_ITFafMBJHzhBNQ2ZhjhuXQ4oE/getUpdates "HTTP/1.1 200 OK"
2026-06-22 00:12:25,010 - messages - INFO - RAW UPDATE: {'message': {'channel_chat_created': False, 'delete_chat_photo': False, 'group_chat_created': False, 'supergroup_chat_created': False, 'text': 'Elon Joylashtirish ➕', 'chat': {'first_name': 'Ghost', 'id': 7844532860, 'type': <ChatType.PRIVATE>}, 'date': 1782069144, 'message_id': 428, 'from': {'first_name': 'Ghost', 'id': 7844532860, 'is_bot': False, 'language_code': 'uz'}}, 'update_id': 63033095}
2026-06-22 00:12:25,010 - messages - INFO - Message received from user_id=7844532860: state=None, text=Elon Joylashtirish ➕
2026-06-22 00:12:25,176 - httpx - INFO - HTTP Request: POST https://api.telegram.org/bot8657142758:AAGUQRm-T_ITFafMBJHzhBNQ2ZhjhuXQ4oE/sendMessage "HTTP/1.1 200 OK"
2026-06-22 00:12:35,141 - httpx - INFO - HTTP Request: POST https://api.telegram.org/bot8657142758:AAGUQRm-T_ITFafMBJHzhBNQ2ZhjhuXQ4oE/getUpdates "HTTP/1.1 200 OK"
2026-06-22 00:12:45,283 - httpx - INFO - HTTP Request: POST https://api.telegram.org/bot8657142758:AAGUQRm-T_ITFafMBJHzhBNQ2ZhjhuXQ4oE/getUpdates "HTTP/1.1 200 OK"
2026-06-22 00:12:55,423 - httpx - INFO - HTTP Request: POST https://api.telegram.org/bot8657142758:AAGUQRm-T_ITFafMBJHzhBNQ2ZhjhuXQ4oE/getUpdates "HTTP/1.1 200 OK"
2026-06-22 00:12:59,915 - httpx - INFO - HTTP Request: POST https://api.telegram.org/bot8657142758:AAGUQRm-T_ITFafMBJHzhBNQ2ZhjhuXQ4oE/getUpdates "HTTP/1.1 200 OK"
2026-06-22 00:12:59,919 - messages - INFO - RAW UPDATE: {'message': {'channel_chat_created': False, 'delete_chat_photo': False, 'group_chat_created': False, 'media_group_id': '14256553438736514', 'photo': [{'height': 68, 'width': 90, 'file_id': 'AgACAgIAAxkBAAIBrmo4N7sT-hL1N5GYUQzQDvmMHQABTgACJx1rGwx2wUkZGUMNxFlCUwEAAwIAA3MAAzwE', 'file_size': 1736, 'file_unique_id': 'AQADJx1rGwx2wUl4'}, {'height': 241, 'width': 320, 'file_id': 'AgACAgIAAxkBAAIBrmo4N7sT-hL1N5GYUQzQDvmMHQABTgACJx1rGwx2wUkZGUMNxFlCUwEAAwIAA20AAzwE', 'file_size': 28152, 'file_unique_id': 'AQADJx1rGwx2wUly'}, {'height': 602, 'width': 800, 'file_id': 'AgACAgIAAxkBAAIBrmo4N7sT-hL1N5GYUQzQDvmMHQABTgACJx1rGwx2wUkZGUMNxFlCUwEAAwIAA3gAAzwE', 'file_size': 119125, 'file_unique_id': 'AQADJx1rGwx2wUl9'}, {'height': 964, 'width': 1280, 'file_id': 'AgACAgIAAxkBAAIBrmo4N7sT-hL1N5GYUQzQDvmMHQABTgACJx1rGwx2wUkZGUMNxFlCUwEAAwIAA3kAAzwE', 'file_size': 218025, 'file_unique_id': 'AQADJx1rGwx2wUl-'}], 'supergroup_chat_created': False, 'chat': {'first_name': 'Ghost', 'id': 7844532860, 'type': <ChatType.PRIVATE>}, 'date': 1782069179, 'message_id': 430, 'from': {'first_name': 'Ghost', 'id': 7844532860, 'is_bot': False, 'language_code': 'uz'}}, 'update_id': 63033096}
2026-06-22 00:12:59,920 - messages - INFO - Message received from user_id=7844532860: state=AD_PHOTO, text=None
2026-06-22 00:12:59,920 - messages - INFO - RAW UPDATE: {'message': {'channel_chat_created': False, 'delete_chat_photo': False, 'group_chat_created': False, 'media_group_id': '14256553438736514', 'photo': [{'height': 90, 'width': 76, 'file_id': 'AgACAgIAAxkBAAIBr2o4N7uKLoq2MiM5B7lIC96ir7AUAAIoHWsbDHbBSTDhvVMPB2cRAQADAgADcwADPAQ', 'file_size': 1247, 'file_unique_id': 'AQADKB1rGwx2wUl4'}, {'height': 320, 'width': 271, 'file_id': 'AgACAgIAAxkBAAIBr2o4N7uKLoq2MiM5B7lIC96ir7AUAAIoHWsbDHbBSTDhvVMPB2cRAQADAgADbQADPAQ', 'file_size': 15257, 'file_unique_id': 'AQADKB1rGwx2wUly'}, {'height': 800, 'width': 678, 'file_id': 'AgACAgIAAxkBAAIBr2o4N7uKLoq2MiM5B7lIC96ir7AUAAIoHWsbDHbBSTDhvVMPB2cRAQADAgADeAADPAQ', 'file_size': 61706, 'file_unique_id': 'AQADKB1rGwx2wUl9'}, {'height': 1274, 'width': 1080, 'file_id': 'AgACAgIAAxkBAAIBr2o4N7uKLoq2MiM5B7lIC96ir7AUAAIoHWsbDHbBSTDhvVMPB2cRAQADAgADeQADPAQ', 'file_size': 105037, 'file_unique_id': 'AQADKB1rGwx2wUl-'}], 'supergroup_chat_created': False, 'chat': {'first_name': 'Ghost', 'id': 7844532860, 'type': <ChatType.PRIVATE>}, 'date': 1782069179, 'message_id': 431, 'from': {'first_name': 'Ghost', 'id': 7844532860, 'is_bot': False, 'language_code': 'uz'}}, 'update_id': 63033097}
2026-06-22 00:12:59,921 - messages - INFO - Message received from user_id=7844532860: state=AD_PHOTO, text=None
2026-06-22 00:13:03,374 - httpx - INFO - HTTP Request: POST https://api.telegram.org/bot8657142758:AAGUQRm-T_ITFafMBJHzhBNQ2ZhjhuXQ4oE/sendMessage "HTTP/1.1 200 OK"
2026-06-22 00:13:10,057 - httpx - INFO - HTTP Request: POST https://api.telegram.org/bot8657142758:AAGUQRm-T_ITFafMBJHzhBNQ2ZhjhuXQ4oE/getUpdates "HTTP/1.1 200 OK"
2026-06-22 00:13:10,187 - httpx - INFO - HTTP Request: POST https://api.telegram.org/bot8657142758:AAGUQRm-T_ITFafMBJHzhBNQ2ZhjhuXQ4oE/getUpdates "HTTP/1.1 200 OK"
2026-06-22 00:13:10,189 - messages - INFO - RAW UPDATE: {'message': {'channel_chat_created': False, 'delete_chat_photo': False, 'group_chat_created': False, 'supergroup_chat_created': False, 'text': 'Xitoy', 'chat': {'first_name': 'Ghost', 'id': 7844532860, 'type': <ChatType.PRIVATE>}, 'date': 1782069190, 'message_id': 433, 'from': {'first_name': 'Ghost', 'id': 7844532860, 'is_bot': False, 'language_code': 'uz'}}, 'update_id': 63033098}
2026-06-22 00:13:10,189 - messages - INFO - Message received from user_id=7844532860: state=AD_LOCATION, text=Xitoy
2026-06-22 00:13:10,700 - httpx - INFO - HTTP Request: POST https://api.telegram.org/bot8657142758:AAGUQRm-T_ITFafMBJHzhBNQ2ZhjhuXQ4oE/sendMessage "HTTP/1.1 200 OK"
2026-06-22 00:13:16,212 - httpx - INFO - HTTP Request: POST https://api.telegram.org/bot8657142758:AAGUQRm-T_ITFafMBJHzhBNQ2ZhjhuXQ4oE/getUpdates "HTTP/1.1 200 OK"
2026-06-22 00:13:16,214 - messages - INFO - RAW UPDATE: {'message': {'channel_chat_created': False, 'delete_chat_photo': False, 'group_chat_created': False, 'supergroup_chat_created': False, 'text': '14-15', 'chat': {'first_name': 'Ghost', 'id': 7844532860, 'type': <ChatType.PRIVATE>}, 'date': 1782069196, 'message_id': 435, 'from': {'first_name': 'Ghost', 'id': 7844532860, 'is_bot': False, 'language_code': 'uz'}}, 'update_id': 63033099}
2026-06-22 00:13:16,214 - messages - INFO - Message received from user_id=7844532860: state=AD_DELIVERY, text=14-15
2026-06-22 00:13:16,673 - httpx - INFO - HTTP Request: POST https://api.telegram.org/bot8657142758:AAGUQRm-T_ITFafMBJHzhBNQ2ZhjhuXQ4oE/sendMessage "HTTP/1.1 200 OK"
2026-06-22 00:13:21,655 - httpx - INFO - HTTP Request: POST https://api.telegram.org/bot8657142758:AAGUQRm-T_ITFafMBJHzhBNQ2ZhjhuXQ4oE/getUpdates "HTTP/1.1 200 OK"
2026-06-22 00:13:21,657 - messages - INFO - RAW UPDATE: {'message': {'channel_chat_created': False, 'delete_chat_photo': False, 'group_chat_created': False, 'supergroup_chat_created': False, 'text': '12$', 'chat': {'first_name': 'Ghost', 'id': 7844532860, 'type': <ChatType.PRIVATE>}, 'date': 1782069201, 'message_id': 437, 'from': {'first_name': 'Ghost', 'id': 7844532860, 'is_bot': False, 'language_code': 'uz'}}, 'update_id': 63033100}
2026-06-22 00:13:21,657 - messages - INFO - Message received from user_id=7844532860: state=AD_PRICE, text=12$
2026-06-22 00:13:21,805 - httpx - INFO - HTTP Request: POST https://api.telegram.org/bot8657142758:AAGUQRm-T_ITFafMBJHzhBNQ2ZhjhuXQ4oE/sendMessage "HTTP/1.1 200 OK"
2026-06-22 00:13:26,205 - httpx - INFO - HTTP Request: POST https://api.telegram.org/bot8657142758:AAGUQRm-T_ITFafMBJHzhBNQ2ZhjhuXQ4oE/getUpdates "HTTP/1.1 200 OK"
2026-06-22 00:13:26,207 - messages - INFO - RAW UPDATE: {'message': {'channel_chat_created': False, 'delete_chat_photo': False, 'group_chat_created': False, 'supergroup_chat_created': False, 'text': 'ajoyib', 'chat': {'first_name': 'Ghost', 'id': 7844532860, 'type': <ChatType.PRIVATE>}, 'date': 1782069206, 'message_id': 439, 'from': {'first_name': 'Ghost', 'id': 7844532860, 'is_bot': False, 'language_code': 'uz'}}, 'update_id': 63033101}
2026-06-22 00:13:26,207 - messages - INFO - Message received from user_id=7844532860: state=AD_DESCRIPTION, text=ajoyib
2026-06-22 00:13:26,353 - httpx - INFO - HTTP Request: POST https://api.telegram.org/bot8657142758:AAGUQRm-T_ITFafMBJHzhBNQ2ZhjhuXQ4oE/sendPhoto "HTTP/1.1 200 OK"
2026-06-22 00:13:32,539 - httpx - INFO - HTTP Request: POST https://api.telegram.org/bot8657142758:AAGUQRm-T_ITFafMBJHzhBNQ2ZhjhuXQ4oE/getUpdates "HTTP/1.1 200 OK"
2026-06-22 00:13:32,540 - messages - INFO - RAW UPDATE: {'callback_query': {'chat_instance': '-3220911182468524995', 'data': 'ad_publish', 'id': '6021895977136868143', 'message': {'caption': "📦 E'lon Preview:\n\n📍 Kelish joyi: Xitoy\n⏱ Kelish muddati: 14-15\n💵 Narxi: 12$\n📝 Izoh: ajoyib\n🖼 Jami rasmlar: 2 ta\n\nUshbu e'lonni chop etishni xohlaysizmi?", 'caption_entities': [{'length': 14, 'offset': 3, 'type': <MessageEntityType.BOLD>}], 'channel_chat_created': False, 'delete_chat_photo': False, 'group_chat_created': False, 'photo': [{'height': 68, 'width': 90, 'file_id': 'AgACAgIAAxkBAAIBrmo4N7sT-hL1N5GYUQzQDvmMHQABTgACJx1rGwx2wUkZGUMNxFlCUwEAAwIAA3MAAzwE', 'file_size': 1736, 'file_unique_id': 'AQADJx1rGwx2wUl4'}, {'height': 241, 'width': 320, 'file_id': 'AgACAgIAAxkBAAIBrmo4N7sT-hL1N5GYUQzQDvmMHQABTgACJx1rGwx2wUkZGUMNxFlCUwEAAwIAA20AAzwE', 'file_size': 28152, 'file_unique_id': 'AQADJx1rGwx2wUly'}, {'height': 602, 'width': 800, 'file_id': 'AgACAgIAAxkBAAIBrmo4N7sT-hL1N5GYUQzQDvmMHQABTgACJx1rGwx2wUkZGUMNxFlCUwEAAwIAA3gAAzwE', 'file_size': 119125, 'file_unique_id': 'AQADJx1rGwx2wUl9'}, {'height': 964, 'width': 1280, 'file_id': 'AgACAgIAAxkBAAIBrmo4N7sT-hL1N5GYUQzQDvmMHQABTgACJx1rGwx2wUkZGUMNxFlCUwEAAwIAA3kAAzwE', 'file_size': 218025, 'file_unique_id': 'AQADJx1rGwx2wUl-'}], 'reply_markup': {'inline_keyboard': [[{'callback_data': 'ad_publish', 'text': 'Chop etish 🚀'}, {'callback_data': 'ad_cancel', 'text': 'Bekor qilish ❌'}]]}, 'supergroup_chat_created': False, 'chat': {'first_name': 'Ghost', 'id': 7844532860, 'type': <ChatType.PRIVATE>}, 'date': 1782069206, 'message_id': 440, 'from': {'first_name': 'Muna Collection test', 'id': 8657142758, 'is_bot': True, 'username': 'fevrallik_noiloj_bot'}}, 'from': {'first_name': 'Ghost', 'id': 7844532860, 'is_bot': False, 'language_code': 'uz'}}, 'update_id': 63033102}
2026-06-22 00:13:32,540 - callbacks - INFO - Callback query received: user_id=7844532860, data=ad_publish
2026-06-22 00:13:32,943 - httpx - INFO - HTTP Request: POST https://api.telegram.org/bot8657142758:AAGUQRm-T_ITFafMBJHzhBNQ2ZhjhuXQ4oE/answerCallbackQuery "HTTP/1.1 200 OK"
2026-06-22 00:13:32,944 - callbacks - INFO - ad_publish callback triggered. user_data keys: ['state', 'new_ad_photo', 'new_ad_location', 'new_ad_delivery', 'new_ad_price', 'new_ad_description']
2026-06-22 00:13:32,944 - callbacks - INFO - ad_publish details: photo=True, location=Xitoy, delivery=14-15, price=12$, description=ajoyib
2026-06-22 00:13:33,104 - httpx - INFO - HTTP Request: POST https://api.telegram.org/bot8657142758:AAGUQRm-T_ITFafMBJHzhBNQ2ZhjhuXQ4oE/getMe "HTTP/1.1 200 OK"
2026-06-22 00:13:33,296 - httpx - INFO - HTTP Request: POST https://api.telegram.org/bot8657142758:AAGUQRm-T_ITFafMBJHzhBNQ2ZhjhuXQ4oE/sendPhoto "HTTP/1.1 200 OK"
2026-06-22 00:13:33,463 - httpx - INFO - HTTP Request: POST https://api.telegram.org/bot8657142758:AAGUQRm-T_ITFafMBJHzhBNQ2ZhjhuXQ4oE/sendMessage "HTTP/1.1 200 OK"
2026-06-22 00:13:33,608 - httpx - INFO - HTTP Request: POST https://api.telegram.org/bot8657142758:AAGUQRm-T_ITFafMBJHzhBNQ2ZhjhuXQ4oE/deleteMessage "HTTP/1.1 200 OK"
2026-06-22 00:13:33,740 - httpx - INFO - HTTP Request: POST https://api.telegram.org/bot8657142758:AAGUQRm-T_ITFafMBJHzhBNQ2ZhjhuXQ4oE/answerCallbackQuery "HTTP/1.1 200 OK"
2026-06-22 00:13:39,046 - httpx - INFO - HTTP Request: POST https://api.telegram.org/bot8657142758:AAGUQRm-T_ITFafMBJHzhBNQ2ZhjhuXQ4oE/getUpdates "HTTP/1.1 200 OK"
2026-06-22 00:13:39,048 - messages - INFO - RAW UPDATE: {'message': {'channel_chat_created': False, 'delete_chat_photo': False, 'group_chat_created': False, 'supergroup_chat_created': False, 'text': 'Statistika 📊', 'chat': {'first_name': 'Ghost', 'id': 7844532860, 'type': <ChatType.PRIVATE>}, 'date': 1782069218, 'message_id': 442, 'from': {'first_name': 'Ghost', 'id': 7844532860, 'is_bot': False, 'language_code': 'uz'}}, 'update_id': 63033103}
2026-06-22 00:13:39,049 - messages - INFO - Message received from user_id=7844532860: state=None, text=Statistika 📊
2026-06-22 00:13:39,482 - httpx - INFO - HTTP Request: POST https://api.telegram.org/bot8657142758:AAGUQRm-T_ITFafMBJHzhBNQ2ZhjhuXQ4oE/sendMessage "HTTP/1.1 200 OK"
2026-06-22 00:13:49,181 - httpx - INFO - HTTP Request: POST https://api.telegram.org/bot8657142758:AAGUQRm-T_ITFafMBJHzhBNQ2ZhjhuXQ4oE/getUpdates "HTTP/1.1 200 OK"
2026-06-22 00:13:59,312 - httpx - INFO - HTTP Request: POST https://api.telegram.org/bot8657142758:AAGUQRm-T_ITFafMBJHzhBNQ2ZhjhuXQ4oE/getUpdates "HTTP/1.1 200 OK"
2026-06-22 00:14:09,455 - httpx - INFO - HTTP Request: POST https://api.telegram.org/bot8657142758:AAGUQRm-T_ITFafMBJHzhBNQ2ZhjhuXQ4oE/getUpdates "HTTP/1.1 200 OK"
2026-06-22 00:14:19,596 - httpx - INFO - HTTP Request: POST https://api.telegram.org/bot8657142758:AAGUQRm-T_ITFafMBJHzhBNQ2ZhjhuXQ4oE/getUpdates "HTTP/1.1 200 OK"
2026-06-22 00:14:29,730 - httpx - INFO - HTTP Request: POST https://api.telegram.org/bot8657142758:AAGUQRm-T_ITFafMBJHzhBNQ2ZhjhuXQ4oE/getUpdates "HTTP/1.1 200 OK"
2026-06-22 00:14:34,820 - httpx - INFO - HTTP Request: POST https://api.telegram.org/bot8657142758:AAGUQRm-T_ITFafMBJHzhBNQ2ZhjhuXQ4oE/getUpdates "HTTP/1.1 200 OK"
2026-06-22 00:14:34,823 - messages - INFO - RAW UPDATE: {'message': {'channel_chat_created': False, 'delete_chat_photo': False, 'entities': [{'length': 6, 'offset': 0, 'type': <MessageEntityType.BOT_COMMAND>}], 'group_chat_created': False, 'supergroup_chat_created': False, 'text': '/start buy_6', 'chat': {'first_name': 'Ghost', 'id': 7844532860, 'type': <ChatType.PRIVATE>}, 'date': 1782069274, 'message_id': 444, 'from': {'first_name': 'Ghost', 'id': 7844532860, 'is_bot': False, 'language_code': 'uz'}}, 'update_id': 63033104}
2026-06-22 00:14:35,244 - httpx - INFO - HTTP Request: POST https://api.telegram.org/bot8657142758:AAGUQRm-T_ITFafMBJHzhBNQ2ZhjhuXQ4oE/sendMediaGroup "HTTP/1.1 200 OK"
2026-06-22 00:14:35,396 - httpx - INFO - HTTP Request: POST https://api.telegram.org/bot8657142758:AAGUQRm-T_ITFafMBJHzhBNQ2ZhjhuXQ4oE/sendMessage "HTTP/1.1 200 OK"
2026-06-22 00:14:44,965 - httpx - INFO - HTTP Request: POST https://api.telegram.org/bot8657142758:AAGUQRm-T_ITFafMBJHzhBNQ2ZhjhuXQ4oE/getUpdates "HTTP/1.1 200 OK"
2026-06-22 00:14:55,090 - httpx - INFO - HTTP Request: POST https://api.telegram.org/bot8657142758:AAGUQRm-T_ITFafMBJHzhBNQ2ZhjhuXQ4oE/getUpdates "HTTP/1.1 200 OK"
2026-06-22 00:14:59,608 - httpx - INFO - HTTP Request: POST https://api.telegram.org/bot8657142758:AAGUQRm-T_ITFafMBJHzhBNQ2ZhjhuXQ4oE/getUpdates "HTTP/1.1 200 OK"
2026-06-22 00:14:59,609 - messages - INFO - RAW UPDATE: {'message': {'channel_chat_created': False, 'delete_chat_photo': False, 'group_chat_created': False, 'supergroup_chat_created': False, 'text': 'Bozor 🛍', 'chat': {'first_name': 'w', 'id': 5431095932, 'type': <ChatType.PRIVATE>}, 'date': 1782069299, 'message_id': 448, 'from': {'first_name': 'w', 'id': 5431095932, 'is_bot': False, 'language_code': 'uz'}}, 'update_id': 63033105}
2026-06-22 00:14:59,609 - messages - INFO - Message received from user_id=5431095932: state=None, text=Bozor 🛍
2026-06-22 00:15:00,018 - httpx - INFO - HTTP Request: POST https://api.telegram.org/bot8657142758:AAGUQRm-T_ITFafMBJHzhBNQ2ZhjhuXQ4oE/deleteMessage "HTTP/1.1 200 OK"
2026-06-22 00:15:00,162 - httpx - INFO - HTTP Request: POST https://api.telegram.org/bot8657142758:AAGUQRm-T_ITFafMBJHzhBNQ2ZhjhuXQ4oE/deleteMessage "HTTP/1.1 200 OK"
2026-06-22 00:15:00,295 - httpx - INFO - HTTP Request: POST https://api.telegram.org/bot8657142758:AAGUQRm-T_ITFafMBJHzhBNQ2ZhjhuXQ4oE/deleteMessage "HTTP/1.1 200 OK"
2026-06-22 00:15:00,495 - httpx - INFO - HTTP Request: POST https://api.telegram.org/bot8657142758:AAGUQRm-T_ITFafMBJHzhBNQ2ZhjhuXQ4oE/sendMediaGroup "HTTP/1.1 200 OK"
2026-06-22 00:15:00,688 - httpx - INFO - HTTP Request: POST https://api.telegram.org/bot8657142758:AAGUQRm-T_ITFafMBJHzhBNQ2ZhjhuXQ4oE/sendMessage "HTTP/1.1 200 OK"
2026-06-22 00:15:09,751 - httpx - INFO - HTTP Request: POST https://api.telegram.org/bot8657142758:AAGUQRm-T_ITFafMBJHzhBNQ2ZhjhuXQ4oE/getUpdates "HTTP/1.1 200 OK"
2026-06-22 00:15:19,895 - httpx - INFO - HTTP Request: POST https://api.telegram.org/bot8657142758:AAGUQRm-T_ITFafMBJHzhBNQ2ZhjhuXQ4oE/getUpdates "HTTP/1.1 200 OK"
2026-06-22 00:15:30,033 - httpx - INFO - HTTP Request: POST https://api.telegram.org/bot8657142758:AAGUQRm-T_ITFafMBJHzhBNQ2ZhjhuXQ4oE/getUpdates "HTTP/1.1 200 OK"
2026-06-22 00:15:40,174 - httpx - INFO - HTTP Request: POST https://api.telegram.org/bot8657142758:AAGUQRm-T_ITFafMBJHzhBNQ2ZhjhuXQ4oE/getUpdates "HTTP/1.1 200 OK"
2026-06-22 00:15:50,309 - httpx - INFO - HTTP Request: POST https://api.telegram.org/bot8657142758:AAGUQRm-T_ITFafMBJHzhBNQ2ZhjhuXQ4oE/getUpdates "HTTP/1.1 200 OK"
2026-06-22 00:16:00,439 - httpx - INFO - HTTP Request: POST https://api.telegram.org/bot8657142758:AAGUQRm-T_ITFafMBJHzhBNQ2ZhjhuXQ4oE/getUpdates "HTTP/1.1 200 OK"
2026-06-22 00:16:10,572 - httpx - INFO - HTTP Request: POST https://api.telegram.org/bot8657142758:AAGUQRm-T_ITFafMBJHzhBNQ2ZhjhuXQ4oE/getUpdates "HTTP/1.1 200 OK"
2026-06-22 00:16:20,723 - httpx - INFO - HTTP Request: POST https://api.telegram.org/bot8657142758:AAGUQRm-T_ITFafMBJHzhBNQ2ZhjhuXQ4oE/getUpdates "HTTP/1.1 200 OK"
2026-06-22 00:16:30,853 - httpx - INFO - HTTP Request: POST https://api.telegram.org/bot8657142758:AAGUQRm-T_ITFafMBJHzhBNQ2ZhjhuXQ4oE/getUpdates "HTTP/1.1 200 OK"
2026-06-22 00:16:41,095 - httpx - INFO - HTTP Request: POST https://api.telegram.org/bot8657142758:AAGUQRm-T_ITFafMBJHzhBNQ2ZhjhuXQ4oE/getUpdates "HTTP/1.1 200 OK"
2026-06-22 00:16:51,234 - httpx - INFO - HTTP Request: POST https://api.telegram.org/bot8657142758:AAGUQRm-T_ITFafMBJHzhBNQ2ZhjhuXQ4oE/getUpdates "HTTP/1.1 200 OK"
2026-06-22 00:17:01,365 - httpx - INFO - HTTP Request: POST https://api.telegram.org/bot8657142758:AAGUQRm-T_ITFafMBJHzhBNQ2ZhjhuXQ4oE/getUpdates "HTTP/1.1 200 OK"
2026-06-22 00:17:11,492 - httpx - INFO - HTTP Request: POST https://api.telegram.org/bot8657142758:AAGUQRm-T_ITFafMBJHzhBNQ2ZhjhuXQ4oE/getUpdates "HTTP/1.1 200 OK"
2026-06-22 00:17:21,626 - httpx - INFO - HTTP Request: POST https://api.telegram.org/bot8657142758:AAGUQRm-T_ITFafMBJHzhBNQ2ZhjhuXQ4oE/getUpdates "HTTP/1.1 200 OK"
2026-06-22 00:17:31,752 - httpx - INFO - HTTP Request: POST https://api.telegram.org/bot8657142758:AAGUQRm-T_ITFafMBJHzhBNQ2ZhjhuXQ4oE/getUpdates "HTTP/1.1 200 OK"
2026-06-22 00:17:41,881 - httpx - INFO - HTTP Request: POST https://api.telegram.org/bot8657142758:AAGUQRm-T_ITFafMBJHzhBNQ2ZhjhuXQ4oE/getUpdates "HTTP/1.1 200 OK"
2026-06-22 00:17:52,014 - httpx - INFO - HTTP Request: POST https://api.telegram.org/bot8657142758:AAGUQRm-T_ITFafMBJHzhBNQ2ZhjhuXQ4oE/getUpdates "HTTP/1.1 200 OK"
2026-06-22 00:18:02,149 - httpx - INFO - HTTP Request: POST https://api.telegram.org/bot8657142758:AAGUQRm-T_ITFafMBJHzhBNQ2ZhjhuXQ4oE/getUpdates "HTTP/1.1 200 OK"
2026-06-22 00:18:12,285 - httpx - INFO - HTTP Request: POST https://api.telegram.org/bot8657142758:AAGUQRm-T_ITFafMBJHzhBNQ2ZhjhuXQ4oE/getUpdates "HTTP/1.1 200 OK"
2026-06-22 00:18:22,429 - httpx - INFO - HTTP Request: POST https://api.telegram.org/bot8657142758:AAGUQRm-T_ITFafMBJHzhBNQ2ZhjhuXQ4oE/getUpdates "HTTP/1.1 200 OK"
2026-06-22 00:18:32,571 - httpx - INFO - HTTP Request: POST https://api.telegram.org/bot8657142758:AAGUQRm-T_ITFafMBJHzhBNQ2ZhjhuXQ4oE/getUpdates "HTTP/1.1 200 OK"
2026-06-22 00:18:42,712 - httpx - INFO - HTTP Request: POST https://api.telegram.org/bot8657142758:AAGUQRm-T_ITFafMBJHzhBNQ2ZhjhuXQ4oE/getUpdates "HTTP/1.1 200 OK"
2026-06-22 00:18:52,846 - httpx - INFO - HTTP Request: POST https://api.telegram.org/bot8657142758:AAGUQRm-T_ITFafMBJHzhBNQ2ZhjhuXQ4oE/getUpdates "HTTP/1.1 200 OK"
2026-06-22 00:19:03,001 - httpx - INFO - HTTP Request: POST https://api.telegram.org/bot8657142758:AAGUQRm-T_ITFafMBJHzhBNQ2ZhjhuXQ4oE/getUpdates "HTTP/1.1 200 OK"
2026-06-22 00:19:13,132 - httpx - INFO - HTTP Request: POST https://api.telegram.org/bot8657142758:AAGUQRm-T_ITFafMBJHzhBNQ2ZhjhuXQ4oE/getUpdates "HTTP/1.1 200 OK"
2026-06-22 00:19:23,273 - httpx - INFO - HTTP Request: POST https://api.telegram.org/bot8657142758:AAGUQRm-T_ITFafMBJHzhBNQ2ZhjhuXQ4oE/getUpdates "HTTP/1.1 200 OK"
2026-06-22 00:19:33,412 - httpx - INFO - HTTP Request: POST https://api.telegram.org/bot8657142758:AAGUQRm-T_ITFafMBJHzhBNQ2ZhjhuXQ4oE/getUpdates "HTTP/1.1 200 OK"
2026-06-22 00:19:43,549 - httpx - INFO - HTTP Request: POST https://api.telegram.org/bot8657142758:AAGUQRm-T_ITFafMBJHzhBNQ2ZhjhuXQ4oE/getUpdates "HTTP/1.1 200 OK"
2026-06-22 00:19:53,673 - httpx - INFO - HTTP Request: POST https://api.telegram.org/bot8657142758:AAGUQRm-T_ITFafMBJHzhBNQ2ZhjhuXQ4oE/getUpdates "HTTP/1.1 200 OK"
2026-06-22 00:20:03,797 - httpx - INFO - HTTP Request: POST https://api.telegram.org/bot8657142758:AAGUQRm-T_ITFafMBJHzhBNQ2ZhjhuXQ4oE/getUpdates "HTTP/1.1 200 OK"
2026-06-22 00:20:13,920 - httpx - INFO - HTTP Request: POST https://api.telegram.org/bot8657142758:AAGUQRm-T_ITFafMBJHzhBNQ2ZhjhuXQ4oE/getUpdates "HTTP/1.1 200 OK"
2026-06-22 00:20:24,093 - httpx - INFO - HTTP Request: POST https://api.telegram.org/bot8657142758:AAGUQRm-T_ITFafMBJHzhBNQ2ZhjhuXQ4oE/getUpdates "HTTP/1.1 200 OK"
2026-06-22 00:20:34,226 - httpx - INFO - HTTP Request: POST https://api.telegram.org/bot8657142758:AAGUQRm-T_ITFafMBJHzhBNQ2ZhjhuXQ4oE/getUpdates "HTTP/1.1 200 OK"
2026-06-22 00:20:44,396 - httpx - INFO - HTTP Request: POST https://api.telegram.org/bot8657142758:AAGUQRm-T_ITFafMBJHzhBNQ2ZhjhuXQ4oE/getUpdates "HTTP/1.1 200 OK"
2026-06-22 00:20:54,561 - httpx - INFO - HTTP Request: POST https://api.telegram.org/bot8657142758:AAGUQRm-T_ITFafMBJHzhBNQ2ZhjhuXQ4oE/getUpdates "HTTP/1.1 200 OK"
2026-06-22 00:21:04,708 - httpx - INFO - HTTP Request: POST https://api.telegram.org/bot8657142758:AAGUQRm-T_ITFafMBJHzhBNQ2ZhjhuXQ4oE/getUpdates "HTTP/1.1 200 OK"
2026-06-22 00:21:14,841 - httpx - INFO - HTTP Request: POST https://api.telegram.org/bot8657142758:AAGUQRm-T_ITFafMBJHzhBNQ2ZhjhuXQ4oE/getUpdates "HTTP/1.1 200 OK"
2026-06-22 00:21:24,973 - httpx - INFO - HTTP Request: POST https://api.telegram.org/bot8657142758:AAGUQRm-T_ITFafMBJHzhBNQ2ZhjhuXQ4oE/getUpdates "HTTP/1.1 200 OK"
2026-06-22 00:21:35,106 - httpx - INFO - HTTP Request: POST https://api.telegram.org/bot8657142758:AAGUQRm-T_ITFafMBJHzhBNQ2ZhjhuXQ4oE/getUpdates "HTTP/1.1 200 OK"
2026-06-22 00:21:45,237 - httpx - INFO - HTTP Request: POST https://api.telegram.org/bot8657142758:AAGUQRm-T_ITFafMBJHzhBNQ2ZhjhuXQ4oE/getUpdates "HTTP/1.1 200 OK"
2026-06-22 00:21:55,406 - httpx - INFO - HTTP Request: POST https://api.telegram.org/bot8657142758:AAGUQRm-T_ITFafMBJHzhBNQ2ZhjhuXQ4oE/getUpdates "HTTP/1.1 200 OK"
2026-06-22 00:22:05,549 - httpx - INFO - HTTP Request: POST https://api.telegram.org/bot8657142758:AAGUQRm-T_ITFafMBJHzhBNQ2ZhjhuXQ4oE/getUpdates "HTTP/1.1 200 OK"
2026-06-22 00:22:15,734 - httpx - INFO - HTTP Request: POST https://api.telegram.org/bot8657142758:AAGUQRm-T_ITFafMBJHzhBNQ2ZhjhuXQ4oE/getUpdates "HTTP/1.1 200 OK"
2026-06-22 00:22:25,872 - httpx - INFO - HTTP Request: POST https://api.telegram.org/bot8657142758:AAGUQRm-T_ITFafMBJHzhBNQ2ZhjhuXQ4oE/getUpdates "HTTP/1.1 200 OK"
2026-06-22 00:22:36,008 - httpx - INFO - HTTP Request: POST https://api.telegram.org/bot8657142758:AAGUQRm-T_ITFafMBJHzhBNQ2ZhjhuXQ4oE/getUpdates "HTTP/1.1 200 OK"
2026-06-22 00:22:46,188 - httpx - INFO - HTTP Request: POST https://api.telegram.org/bot8657142758:AAGUQRm-T_ITFafMBJHzhBNQ2ZhjhuXQ4oE/getUpdates "HTTP/1.1 200 OK"
2026-06-22 00:22:56,371 - httpx - INFO - HTTP Request: POST https://api.telegram.org/bot8657142758:AAGUQRm-T_ITFafMBJHzhBNQ2ZhjhuXQ4oE/getUpdates "HTTP/1.1 200 OK"
2026-06-22 00:23:06,549 - httpx - INFO - HTTP Request: POST https://api.telegram.org/bot8657142758:AAGUQRm-T_ITFafMBJHzhBNQ2ZhjhuXQ4oE/getUpdates "HTTP/1.1 200 OK"
2026-06-22 00:23:16,683 - httpx - INFO - HTTP Request: POST https://api.telegram.org/bot8657142758:AAGUQRm-T_ITFafMBJHzhBNQ2ZhjhuXQ4oE/getUpdates "HTTP/1.1 200 OK"
2026-06-22 00:23:26,832 - httpx - INFO - HTTP Request: POST https://api.telegram.org/bot8657142758:AAGUQRm-T_ITFafMBJHzhBNQ2ZhjhuXQ4oE/getUpdates "HTTP/1.1 200 OK"
2026-06-22 00:23:36,976 - httpx - INFO - HTTP Request: POST https://api.telegram.org/bot8657142758:AAGUQRm-T_ITFafMBJHzhBNQ2ZhjhuXQ4oE/getUpdates "HTTP/1.1 200 OK"
2026-06-22 00:23:47,099 - httpx - INFO - HTTP Request: POST https://api.telegram.org/bot8657142758:AAGUQRm-T_ITFafMBJHzhBNQ2ZhjhuXQ4oE/getUpdates "HTTP/1.1 200 OK"
2026-06-22 00:23:57,282 - httpx - INFO - HTTP Request: POST https://api.telegram.org/bot8657142758:AAGUQRm-T_ITFafMBJHzhBNQ2ZhjhuXQ4oE/getUpdates "HTTP/1.1 200 OK"
2026-06-22 00:24:07,460 - httpx - INFO - HTTP Request: POST https://api.telegram.org/bot8657142758:AAGUQRm-T_ITFafMBJHzhBNQ2ZhjhuXQ4oE/getUpdates "HTTP/1.1 200 OK"
2026-06-22 00:24:17,638 - httpx - INFO - HTTP Request: POST https://api.telegram.org/bot8657142758:AAGUQRm-T_ITFafMBJHzhBNQ2ZhjhuXQ4oE/getUpdates "HTTP/1.1 200 OK"
2026-06-22 00:24:27,825 - httpx - INFO - HTTP Request: POST https://api.telegram.org/bot8657142758:AAGUQRm-T_ITFafMBJHzhBNQ2ZhjhuXQ4oE/getUpdates "HTTP/1.1 200 OK"
2026-06-22 00:24:37,967 - httpx - INFO - HTTP Request: POST https://api.telegram.org/bot8657142758:AAGUQRm-T_ITFafMBJHzhBNQ2ZhjhuXQ4oE/getUpdates "HTTP/1.1 200 OK"
2026-06-22 00:24:48,095 - httpx - INFO - HTTP Request: POST https://api.telegram.org/bot8657142758:AAGUQRm-T_ITFafMBJHzhBNQ2ZhjhuXQ4oE/getUpdates "HTTP/1.1 200 OK"
2026-06-22 00:24:58,228 - httpx - INFO - HTTP Request: POST https://api.telegram.org/bot8657142758:AAGUQRm-T_ITFafMBJHzhBNQ2ZhjhuXQ4oE/getUpdates "HTTP/1.1 200 OK"
2026-06-22 00:25:08,355 - httpx - INFO - HTTP Request: POST https://api.telegram.org/bot8657142758:AAGUQRm-T_ITFafMBJHzhBNQ2ZhjhuXQ4oE/getUpdates "HTTP/1.1 200 OK"
2026-06-22 00:25:18,527 - httpx - INFO - HTTP Request: POST https://api.telegram.org/bot8657142758:AAGUQRm-T_ITFafMBJHzhBNQ2ZhjhuXQ4oE/getUpdates "HTTP/1.1 200 OK"
2026-06-22 00:25:28,705 - httpx - INFO - HTTP Request: POST https://api.telegram.org/bot8657142758:AAGUQRm-T_ITFafMBJHzhBNQ2ZhjhuXQ4oE/getUpdates "HTTP/1.1 200 OK"
2026-06-22 00:25:38,901 - httpx - INFO - HTTP Request: POST https://api.telegram.org/bot8657142758:AAGUQRm-T_ITFafMBJHzhBNQ2ZhjhuXQ4oE/getUpdates "HTTP/1.1 200 OK"
2026-06-22 00:25:49,051 - httpx - INFO - HTTP Request: POST https://api.telegram.org/bot8657142758:AAGUQRm-T_ITFafMBJHzhBNQ2ZhjhuXQ4oE/getUpdates "HTTP/1.1 200 OK"
2026-06-22 00:25:59,219 - httpx - INFO - HTTP Request: POST https://api.telegram.org/bot8657142758:AAGUQRm-T_ITFafMBJHzhBNQ2ZhjhuXQ4oE/getUpdates "HTTP/1.1 200 OK"
2026-06-22 00:26:09,384 - httpx - INFO - HTTP Request: POST https://api.telegram.org/bot8657142758:AAGUQRm-T_ITFafMBJHzhBNQ2ZhjhuXQ4oE/getUpdates "HTTP/1.1 200 OK"
2026-06-22 00:26:19,555 - httpx - INFO - HTTP Request: POST https://api.telegram.org/bot8657142758:AAGUQRm-T_ITFafMBJHzhBNQ2ZhjhuXQ4oE/getUpdates "HTTP/1.1 200 OK"
2026-06-22 00:26:29,740 - httpx - INFO - HTTP Request: POST https://api.telegram.org/bot8657142758:AAGUQRm-T_ITFafMBJHzhBNQ2ZhjhuXQ4oE/getUpdates "HTTP/1.1 200 OK"
2026-06-22 00:26:39,885 - httpx - INFO - HTTP Request: POST https://api.telegram.org/bot8657142758:AAGUQRm-T_ITFafMBJHzhBNQ2ZhjhuXQ4oE/getUpdates "HTTP/1.1 200 OK"
2026-06-22 00:26:50,057 - httpx - INFO - HTTP Request: POST https://api.telegram.org/bot8657142758:AAGUQRm-T_ITFafMBJHzhBNQ2ZhjhuXQ4oE/getUpdates "HTTP/1.1 200 OK"
2026-06-22 00:27:00,256 - httpx - INFO - HTTP Request: POST https://api.telegram.org/bot8657142758:AAGUQRm-T_ITFafMBJHzhBNQ2ZhjhuXQ4oE/getUpdates "HTTP/1.1 200 OK"
2026-06-22 00:27:10,431 - httpx - INFO - HTTP Request: POST https://api.telegram.org/bot8657142758:AAGUQRm-T_ITFafMBJHzhBNQ2ZhjhuXQ4oE/getUpdates "HTTP/1.1 200 OK"
2026-06-22 00:27:20,571 - httpx - INFO - HTTP Request: POST https://api.telegram.org/bot8657142758:AAGUQRm-T_ITFafMBJHzhBNQ2ZhjhuXQ4oE/getUpdates "HTTP/1.1 200 OK"
2026-06-22 00:27:30,706 - httpx - INFO - HTTP Request: POST https://api.telegram.org/bot8657142758:AAGUQRm-T_ITFafMBJHzhBNQ2ZhjhuXQ4oE/getUpdates "HTTP/1.1 200 OK"
2026-06-22 00:27:40,872 - httpx - INFO - HTTP Request: POST https://api.telegram.org/bot8657142758:AAGUQRm-T_ITFafMBJHzhBNQ2ZhjhuXQ4oE/getUpdates "HTTP/1.1 200 OK"
2026-06-22 00:27:51,006 - httpx - INFO - HTTP Request: POST https://api.telegram.org/bot8657142758:AAGUQRm-T_ITFafMBJHzhBNQ2ZhjhuXQ4oE/getUpdates "HTTP/1.1 200 OK"
2026-06-22 00:28:01,171 - httpx - INFO - HTTP Request: POST https://api.telegram.org/bot8657142758:AAGUQRm-T_ITFafMBJHzhBNQ2ZhjhuXQ4oE/getUpdates "HTTP/1.1 200 OK"
2026-06-22 00:28:11,306 - httpx - INFO - HTTP Request: POST https://api.telegram.org/bot8657142758:AAGUQRm-T_ITFafMBJHzhBNQ2ZhjhuXQ4oE/getUpdates "HTTP/1.1 200 OK"
2026-06-22 00:28:21,448 - httpx - INFO - HTTP Request: POST https://api.telegram.org/bot8657142758:AAGUQRm-T_ITFafMBJHzhBNQ2ZhjhuXQ4oE/getUpdates "HTTP/1.1 200 OK"
2026-06-22 00:28:31,615 - httpx - INFO - HTTP Request: POST https://api.telegram.org/bot8657142758:AAGUQRm-T_ITFafMBJHzhBNQ2ZhjhuXQ4oE/getUpdates "HTTP/1.1 200 OK"
2026-06-22 00:28:41,749 - httpx - INFO - HTTP Request: POST https://api.telegram.org/bot8657142758:AAGUQRm-T_ITFafMBJHzhBNQ2ZhjhuXQ4oE/getUpdates "HTTP/1.1 200 OK"
2026-06-22 00:28:51,878 - httpx - INFO - HTTP Request: POST https://api.telegram.org/bot8657142758:AAGUQRm-T_ITFafMBJHzhBNQ2ZhjhuXQ4oE/getUpdates "HTTP/1.1 200 OK"
2026-06-22 00:29:02,010 - httpx - INFO - HTTP Request: POST https://api.telegram.org/bot8657142758:AAGUQRm-T_ITFafMBJHzhBNQ2ZhjhuXQ4oE/getUpdates "HTTP/1.1 200 OK"
2026-06-22 00:29:12,178 - httpx - INFO - HTTP Request: POST https://api.telegram.org/bot8657142758:AAGUQRm-T_ITFafMBJHzhBNQ2ZhjhuXQ4oE/getUpdates "HTTP/1.1 200 OK"
2026-06-22 00:29:22,369 - httpx - INFO - HTTP Request: POST https://api.telegram.org/bot8657142758:AAGUQRm-T_ITFafMBJHzhBNQ2ZhjhuXQ4oE/getUpdates "HTTP/1.1 200 OK"
2026-06-22 00:29:32,556 - httpx - INFO - HTTP Request: POST https://api.telegram.org/bot8657142758:AAGUQRm-T_ITFafMBJHzhBNQ2ZhjhuXQ4oE/getUpdates "HTTP/1.1 200 OK"
2026-06-22 00:29:42,736 - httpx - INFO - HTTP Request: POST https://api.telegram.org/bot8657142758:AAGUQRm-T_ITFafMBJHzhBNQ2ZhjhuXQ4oE/getUpdates "HTTP/1.1 200 OK"
2026-06-22 00:29:52,928 - httpx - INFO - HTTP Request: POST https://api.telegram.org/bot8657142758:AAGUQRm-T_ITFafMBJHzhBNQ2ZhjhuXQ4oE/getUpdates "HTTP/1.1 200 OK"
2026-06-22 00:30:03,096 - httpx - INFO - HTTP Request: POST https://api.telegram.org/bot8657142758:AAGUQRm-T_ITFafMBJHzhBNQ2ZhjhuXQ4oE/getUpdates "HTTP/1.1 200 OK"
2026-06-22 00:30:13,282 - httpx - INFO - HTTP Request: POST https://api.telegram.org/bot8657142758:AAGUQRm-T_ITFafMBJHzhBNQ2ZhjhuXQ4oE/getUpdates "HTTP/1.1 200 OK"
2026-06-22 00:30:23,422 - httpx - INFO - HTTP Request: POST https://api.telegram.org/bot8657142758:AAGUQRm-T_ITFafMBJHzhBNQ2ZhjhuXQ4oE/getUpdates "HTTP/1.1 200 OK"
2026-06-22 00:30:33,557 - httpx - INFO - HTTP Request: POST https://api.telegram.org/bot8657142758:AAGUQRm-T_ITFafMBJHzhBNQ2ZhjhuXQ4oE/getUpdates "HTTP/1.1 200 OK"
2026-06-22 00:30:43,696 - httpx - INFO - HTTP Request: POST https://api.telegram.org/bot8657142758:AAGUQRm-T_ITFafMBJHzhBNQ2ZhjhuXQ4oE/getUpdates "HTTP/1.1 200 OK"
2026-06-22 00:30:53,826 - httpx - INFO - HTTP Request: POST https://api.telegram.org/bot8657142758:AAGUQRm-T_ITFafMBJHzhBNQ2ZhjhuXQ4oE/getUpdates "HTTP/1.1 200 OK"
2026-06-22 00:31:03,959 - httpx - INFO - HTTP Request: POST https://api.telegram.org/bot8657142758:AAGUQRm-T_ITFafMBJHzhBNQ2ZhjhuXQ4oE/getUpdates "HTTP/1.1 200 OK"
2026-06-22 00:31:14,134 - httpx - INFO - HTTP Request: POST https://api.telegram.org/bot8657142758:AAGUQRm-T_ITFafMBJHzhBNQ2ZhjhuXQ4oE/getUpdates "HTTP/1.1 200 OK"
2026-06-22 00:31:24,271 - httpx - INFO - HTTP Request: POST https://api.telegram.org/bot8657142758:AAGUQRm-T_ITFafMBJHzhBNQ2ZhjhuXQ4oE/getUpdates "HTTP/1.1 200 OK"
2026-06-22 00:31:34,425 - httpx - INFO - HTTP Request: POST https://api.telegram.org/bot8657142758:AAGUQRm-T_ITFafMBJHzhBNQ2ZhjhuXQ4oE/getUpdates "HTTP/1.1 200 OK"
2026-06-22 00:31:44,551 - httpx - INFO - HTTP Request: POST https://api.telegram.org/bot8657142758:AAGUQRm-T_ITFafMBJHzhBNQ2ZhjhuXQ4oE/getUpdates "HTTP/1.1 200 OK"
2026-06-22 00:31:54,722 - httpx - INFO - HTTP Request: POST https://api.telegram.org/bot8657142758:AAGUQRm-T_ITFafMBJHzhBNQ2ZhjhuXQ4oE/getUpdates "HTTP/1.1 200 OK"
2026-06-22 00:32:04,865 - httpx - INFO - HTTP Request: POST https://api.telegram.org/bot8657142758:AAGUQRm-T_ITFafMBJHzhBNQ2ZhjhuXQ4oE/getUpdates "HTTP/1.1 200 OK"
2026-06-22 00:32:14,991 - httpx - INFO - HTTP Request: POST https://api.telegram.org/bot8657142758:AAGUQRm-T_ITFafMBJHzhBNQ2ZhjhuXQ4oE/getUpdates "HTTP/1.1 200 OK"
2026-06-22 00:32:25,157 - httpx - INFO - HTTP Request: POST https://api.telegram.org/bot8657142758:AAGUQRm-T_ITFafMBJHzhBNQ2ZhjhuXQ4oE/getUpdates "HTTP/1.1 200 OK"
2026-06-22 00:32:35,295 - httpx - INFO - HTTP Request: POST https://api.telegram.org/bot8657142758:AAGUQRm-T_ITFafMBJHzhBNQ2ZhjhuXQ4oE/getUpdates "HTTP/1.1 200 OK"
2026-06-22 00:32:45,424 - httpx - INFO - HTTP Request: POST https://api.telegram.org/bot8657142758:AAGUQRm-T_ITFafMBJHzhBNQ2ZhjhuXQ4oE/getUpdates "HTTP/1.1 200 OK"
2026-06-22 00:32:55,568 - httpx - INFO - HTTP Request: POST https://api.telegram.org/bot8657142758:AAGUQRm-T_ITFafMBJHzhBNQ2ZhjhuXQ4oE/getUpdates "HTTP/1.1 200 OK"
2026-06-22 00:33:05,699 - httpx - INFO - HTTP Request: POST https://api.telegram.org/bot8657142758:AAGUQRm-T_ITFafMBJHzhBNQ2ZhjhuXQ4oE/getUpdates "HTTP/1.1 200 OK"
2026-06-22 00:33:15,839 - httpx - INFO - HTTP Request: POST https://api.telegram.org/bot8657142758:AAGUQRm-T_ITFafMBJHzhBNQ2ZhjhuXQ4oE/getUpdates "HTTP/1.1 200 OK"
2026-06-22 00:33:26,025 - httpx - INFO - HTTP Request: POST https://api.telegram.org/bot8657142758:AAGUQRm-T_ITFafMBJHzhBNQ2ZhjhuXQ4oE/getUpdates "HTTP/1.1 200 OK"
2026-06-22 00:33:36,179 - httpx - INFO - HTTP Request: POST https://api.telegram.org/bot8657142758:AAGUQRm-T_ITFafMBJHzhBNQ2ZhjhuXQ4oE/getUpdates "HTTP/1.1 200 OK"
2026-06-22 00:33:46,323 - httpx - INFO - HTTP Request: POST https://api.telegram.org/bot8657142758:AAGUQRm-T_ITFafMBJHzhBNQ2ZhjhuXQ4oE/getUpdates "HTTP/1.1 200 OK"
2026-06-22 00:33:56,448 - httpx - INFO - HTTP Request: POST https://api.telegram.org/bot8657142758:AAGUQRm-T_ITFafMBJHzhBNQ2ZhjhuXQ4oE/getUpdates "HTTP/1.1 200 OK"
2026-06-22 00:34:06,592 - httpx - INFO - HTTP Request: POST https://api.telegram.org/bot8657142758:AAGUQRm-T_ITFafMBJHzhBNQ2ZhjhuXQ4oE/getUpdates "HTTP/1.1 200 OK"
2026-06-22 00:34:16,711 - httpx - INFO - HTTP Request: POST https://api.telegram.org/bot8657142758:AAGUQRm-T_ITFafMBJHzhBNQ2ZhjhuXQ4oE/getUpdates "HTTP/1.1 200 OK"
2026-06-22 00:34:26,845 - httpx - INFO - HTTP Request: POST https://api.telegram.org/bot8657142758:AAGUQRm-T_ITFafMBJHzhBNQ2ZhjhuXQ4oE/getUpdates "HTTP/1.1 200 OK"
2026-06-22 00:34:36,979 - httpx - INFO - HTTP Request: POST https://api.telegram.org/bot8657142758:AAGUQRm-T_ITFafMBJHzhBNQ2ZhjhuXQ4oE/getUpdates "HTTP/1.1 200 OK"
2026-06-22 00:34:47,113 - httpx - INFO - HTTP Request: POST https://api.telegram.org/bot8657142758:AAGUQRm-T_ITFafMBJHzhBNQ2ZhjhuXQ4oE/getUpdates "HTTP/1.1 200 OK"
2026-06-22 00:34:57,244 - httpx - INFO - HTTP Request: POST https://api.telegram.org/bot8657142758:AAGUQRm-T_ITFafMBJHzhBNQ2ZhjhuXQ4oE/getUpdates "HTTP/1.1 200 OK"
2026-06-22 00:35:07,383 - httpx - INFO - HTTP Request: POST https://api.telegram.org/bot8657142758:AAGUQRm-T_ITFafMBJHzhBNQ2ZhjhuXQ4oE/getUpdates "HTTP/1.1 200 OK"
2026-06-22 00:35:17,514 - httpx - INFO - HTTP Request: POST https://api.telegram.org/bot8657142758:AAGUQRm-T_ITFafMBJHzhBNQ2ZhjhuXQ4oE/getUpdates "HTTP/1.1 200 OK"
2026-06-22 00:35:27,648 - httpx - INFO - HTTP Request: POST https://api.telegram.org/bot8657142758:AAGUQRm-T_ITFafMBJHzhBNQ2ZhjhuXQ4oE/getUpdates "HTTP/1.1 200 OK"
2026-06-22 00:35:37,786 - httpx - INFO - HTTP Request: POST https://api.telegram.org/bot8657142758:AAGUQRm-T_ITFafMBJHzhBNQ2ZhjhuXQ4oE/getUpdates "HTTP/1.1 200 OK"
2026-06-22 00:35:47,920 - httpx - INFO - HTTP Request: POST https://api.telegram.org/bot8657142758:AAGUQRm-T_ITFafMBJHzhBNQ2ZhjhuXQ4oE/getUpdates "HTTP/1.1 200 OK"
2026-06-22 00:35:58,069 - httpx - INFO - HTTP Request: POST https://api.telegram.org/bot8657142758:AAGUQRm-T_ITFafMBJHzhBNQ2ZhjhuXQ4oE/getUpdates "HTTP/1.1 200 OK"
2026-06-22 00:36:08,238 - httpx - INFO - HTTP Request: POST https://api.telegram.org/bot8657142758:AAGUQRm-T_ITFafMBJHzhBNQ2ZhjhuXQ4oE/getUpdates "HTTP/1.1 200 OK"
2026-06-22 00:36:18,378 - httpx - INFO - HTTP Request: POST https://api.telegram.org/bot8657142758:AAGUQRm-T_ITFafMBJHzhBNQ2ZhjhuXQ4oE/getUpdates "HTTP/1.1 200 OK"
2026-06-22 00:36:28,506 - httpx - INFO - HTTP Request: POST https://api.telegram.org/bot8657142758:AAGUQRm-T_ITFafMBJHzhBNQ2ZhjhuXQ4oE/getUpdates "HTTP/1.1 200 OK"
2026-06-22 00:36:38,634 - httpx - INFO - HTTP Request: POST https://api.telegram.org/bot8657142758:AAGUQRm-T_ITFafMBJHzhBNQ2ZhjhuXQ4oE/getUpdates "HTTP/1.1 200 OK"
2026-06-22 00:36:48,767 - httpx - INFO - HTTP Request: POST https://api.telegram.org/bot8657142758:AAGUQRm-T_ITFafMBJHzhBNQ2ZhjhuXQ4oE/getUpdates "HTTP/1.1 200 OK"
2026-06-22 00:36:58,926 - httpx - INFO - HTTP Request: POST https://api.telegram.org/bot8657142758:AAGUQRm-T_ITFafMBJHzhBNQ2ZhjhuXQ4oE/getUpdates "HTTP/1.1 200 OK"
2026-06-22 00:37:09,059 - httpx - INFO - HTTP Request: POST https://api.telegram.org/bot8657142758:AAGUQRm-T_ITFafMBJHzhBNQ2ZhjhuXQ4oE/getUpdates "HTTP/1.1 200 OK"
2026-06-22 00:37:10,638 - httpx - INFO - HTTP Request: POST https://api.telegram.org/bot8657142758:AAGUQRm-T_ITFafMBJHzhBNQ2ZhjhuXQ4oE/getUpdates "HTTP/1.1 200 OK"
2026-06-22 00:37:10,641 - messages - INFO - RAW UPDATE: {'message': {'channel_chat_created': False, 'delete_chat_photo': False, 'group_chat_created': False, 'supergroup_chat_created': False, 'text': 'Bekor qilish ❌', 'chat': {'first_name': 'Ghost', 'id': 7844532860, 'type': <ChatType.PRIVATE>}, 'date': 1782070630, 'message_id': 452, 'from': {'first_name': 'Ghost', 'id': 7844532860, 'is_bot': False, 'language_code': 'uz'}}, 'update_id': 63033106}
2026-06-22 00:37:10,641 - messages - INFO - Message received from user_id=7844532860: state=BUY_RECEIPT, text=Bekor qilish ❌
2026-06-22 00:37:11,056 - httpx - INFO - HTTP Request: POST https://api.telegram.org/bot8657142758:AAGUQRm-T_ITFafMBJHzhBNQ2ZhjhuXQ4oE/deleteMessage "HTTP/1.1 200 OK"
2026-06-22 00:37:11,208 - httpx - INFO - HTTP Request: POST https://api.telegram.org/bot8657142758:AAGUQRm-T_ITFafMBJHzhBNQ2ZhjhuXQ4oE/deleteMessage "HTTP/1.1 200 OK"
2026-06-22 00:37:11,350 - httpx - INFO - HTTP Request: POST https://api.telegram.org/bot8657142758:AAGUQRm-T_ITFafMBJHzhBNQ2ZhjhuXQ4oE/deleteMessage "HTTP/1.1 200 OK"
2026-06-22 00:37:11,533 - httpx - INFO - HTTP Request: POST https://api.telegram.org/bot8657142758:AAGUQRm-T_ITFafMBJHzhBNQ2ZhjhuXQ4oE/sendMessage "HTTP/1.1 200 OK"
2026-06-22 00:37:16,832 - httpx - INFO - HTTP Request: POST https://api.telegram.org/bot8657142758:AAGUQRm-T_ITFafMBJHzhBNQ2ZhjhuXQ4oE/getUpdates "HTTP/1.1 200 OK"
2026-06-22 00:37:16,834 - messages - INFO - RAW UPDATE: {'message': {'channel_chat_created': False, 'delete_chat_photo': False, 'group_chat_created': False, 'supergroup_chat_created': False, 'text': 'Yetkazilgan buyurtmalar ✅', 'chat': {'first_name': 'Ghost', 'id': 7844532860, 'type': <ChatType.PRIVATE>}, 'date': 1782070636, 'message_id': 454, 'from': {'first_name': 'Ghost', 'id': 7844532860, 'is_bot': False, 'language_code': 'uz'}}, 'update_id': 63033107}
2026-06-22 00:37:16,834 - messages - INFO - Message received from user_id=7844532860: state=None, text=Yetkazilgan buyurtmalar ✅
2026-06-22 00:37:17,253 - httpx - INFO - HTTP Request: POST https://api.telegram.org/bot8657142758:AAGUQRm-T_ITFafMBJHzhBNQ2ZhjhuXQ4oE/sendMessage "HTTP/1.1 200 OK"
2026-06-22 00:37:17,410 - httpx - INFO - HTTP Request: POST https://api.telegram.org/bot8657142758:AAGUQRm-T_ITFafMBJHzhBNQ2ZhjhuXQ4oE/sendPhoto "HTTP/1.1 200 OK"
2026-06-22 00:37:26,964 - httpx - INFO - HTTP Request: POST https://api.telegram.org/bot8657142758:AAGUQRm-T_ITFafMBJHzhBNQ2ZhjhuXQ4oE/getUpdates "HTTP/1.1 200 OK"
2026-06-22 00:37:29,965 - httpx - INFO - HTTP Request: POST https://api.telegram.org/bot8657142758:AAGUQRm-T_ITFafMBJHzhBNQ2ZhjhuXQ4oE/getUpdates "HTTP/1.1 200 OK"
2026-06-22 00:37:29,967 - messages - INFO - RAW UPDATE: {'message': {'channel_chat_created': False, 'delete_chat_photo': False, 'group_chat_created': False, 'supergroup_chat_created': False, 'text': 'Yetkazilmagan buyurtmalar ⏳', 'chat': {'first_name': 'Ghost', 'id': 7844532860, 'type': <ChatType.PRIVATE>}, 'date': 1782070649, 'message_id': 457, 'from': {'first_name': 'Ghost', 'id': 7844532860, 'is_bot': False, 'language_code': 'uz'}}, 'update_id': 63033108}
2026-06-22 00:37:29,967 - messages - INFO - Message received from user_id=7844532860: state=None, text=Yetkazilmagan buyurtmalar ⏳
2026-06-22 00:37:30,440 - httpx - INFO - HTTP Request: POST https://api.telegram.org/bot8657142758:AAGUQRm-T_ITFafMBJHzhBNQ2ZhjhuXQ4oE/sendMessage "HTTP/1.1 200 OK"
2026-06-22 00:37:30,628 - httpx - INFO - HTTP Request: POST https://api.telegram.org/bot8657142758:AAGUQRm-T_ITFafMBJHzhBNQ2ZhjhuXQ4oE/sendMediaGroup "HTTP/1.1 200 OK"
2026-06-22 00:37:30,813 - httpx - INFO - HTTP Request: POST https://api.telegram.org/bot8657142758:AAGUQRm-T_ITFafMBJHzhBNQ2ZhjhuXQ4oE/sendMessage "HTTP/1.1 200 OK"
2026-06-22 00:37:35,045 - httpx - INFO - HTTP Request: POST https://api.telegram.org/bot8657142758:AAGUQRm-T_ITFafMBJHzhBNQ2ZhjhuXQ4oE/getUpdates "HTTP/1.1 200 OK"
2026-06-22 00:37:35,047 - messages - INFO - RAW UPDATE: {'message': {'channel_chat_created': False, 'delete_chat_photo': False, 'group_chat_created': False, 'supergroup_chat_created': False, 'text': 'Bozor 🛍', 'chat': {'first_name': 'Ghost', 'id': 7844532860, 'type': <ChatType.PRIVATE>}, 'date': 1782070654, 'message_id': 462, 'from': {'first_name': 'Ghost', 'id': 7844532860, 'is_bot': False, 'language_code': 'uz'}}, 'update_id': 63033109}
2026-06-22 00:37:35,047 - messages - INFO - Message received from user_id=7844532860: state=None, text=Bozor 🛍
2026-06-22 00:37:35,242 - httpx - INFO - HTTP Request: POST https://api.telegram.org/bot8657142758:AAGUQRm-T_ITFafMBJHzhBNQ2ZhjhuXQ4oE/sendMediaGroup "HTTP/1.1 200 OK"
2026-06-22 00:37:35,392 - httpx - INFO - HTTP Request: POST https://api.telegram.org/bot8657142758:AAGUQRm-T_ITFafMBJHzhBNQ2ZhjhuXQ4oE/sendMessage "HTTP/1.1 200 OK"
2026-06-22 00:37:40,452 - httpx - INFO - HTTP Request: POST https://api.telegram.org/bot8657142758:AAGUQRm-T_ITFafMBJHzhBNQ2ZhjhuXQ4oE/getUpdates "HTTP/1.1 200 OK"
2026-06-22 00:37:40,455 - messages - INFO - RAW UPDATE: {'callback_query': {'chat_instance': '-3220911182468524995', 'data': 'admin_edit_6', 'id': '6021895976247836942', 'message': {'channel_chat_created': False, 'delete_chat_photo': False, 'entities': [{'length': 21, 'offset': 3, 'type': <MessageEntityType.BOLD>}], 'group_chat_created': False, 'reply_markup': {'inline_keyboard': [[{'callback_data': 'buy_prod_6', 'text': 'Sotib olish 💳'}], [{'callback_data': 'noop', 'text': '1/5'}, {'callback_data': 'cat_idx_1', 'text': 'Keyingi Mahsulot ➡️'}], [{'callback_data': 'admin_edit_6', 'text': 'Tahrirlash ✏️'}, {'callback_data': 'admin_del_6', 'text': "O'chirish ❌"}]]}, 'supergroup_chat_created': False, 'text': '🛍 Bozor mahsuloti (1/5)\n\n📍 Kelish joyi: Xitoy\n⏱ Kelish muddati: 14-15\n💵 Narxi: 12$\n📝 Izoh: ajoyib', 'chat': {'first_name': 'Ghost', 'id': 7844532860, 'type': <ChatType.PRIVATE>}, 'date': 1782070655, 'message_id': 465, 'from': {'first_name': 'Muna Collection test', 'id': 8657142758, 'is_bot': True, 'username': 'fevrallik_noiloj_bot'}}, 'from': {'first_name': 'Ghost', 'id': 7844532860, 'is_bot': False, 'language_code': 'uz'}}, 'update_id': 63033110}
2026-06-22 00:37:40,455 - callbacks - INFO - Callback query received: user_id=7844532860, data=admin_edit_6
2026-06-22 00:37:40,867 - httpx - INFO - HTTP Request: POST https://api.telegram.org/bot8657142758:AAGUQRm-T_ITFafMBJHzhBNQ2ZhjhuXQ4oE/answerCallbackQuery "HTTP/1.1 200 OK"
2026-06-22 00:37:41,033 - httpx - INFO - HTTP Request: POST https://api.telegram.org/bot8657142758:AAGUQRm-T_ITFafMBJHzhBNQ2ZhjhuXQ4oE/sendMessage "HTTP/1.1 200 OK"
2026-06-22 00:37:50,585 - httpx - INFO - HTTP Request: POST https://api.telegram.org/bot8657142758:AAGUQRm-T_ITFafMBJHzhBNQ2ZhjhuXQ4oE/getUpdates "HTTP/1.1 200 OK"
2026-06-22 00:38:00,728 - httpx - INFO - HTTP Request: POST https://api.telegram.org/bot8657142758:AAGUQRm-T_ITFafMBJHzhBNQ2ZhjhuXQ4oE/getUpdates "HTTP/1.1 200 OK"
2026-06-22 00:38:10,868 - httpx - INFO - HTTP Request: POST https://api.telegram.org/bot8657142758:AAGUQRm-T_ITFafMBJHzhBNQ2ZhjhuXQ4oE/getUpdates "HTTP/1.1 200 OK"
2026-06-22 00:38:21,021 - httpx - INFO - HTTP Request: POST https://api.telegram.org/bot8657142758:AAGUQRm-T_ITFafMBJHzhBNQ2ZhjhuXQ4oE/getUpdates "HTTP/1.1 200 OK"
2026-06-22 00:38:31,142 - httpx - INFO - HTTP Request: POST https://api.telegram.org/bot8657142758:AAGUQRm-T_ITFafMBJHzhBNQ2ZhjhuXQ4oE/getUpdates "HTTP/1.1 200 OK"
2026-06-22 00:38:41,277 - httpx - INFO - HTTP Request: POST https://api.telegram.org/bot8657142758:AAGUQRm-T_ITFafMBJHzhBNQ2ZhjhuXQ4oE/getUpdates "HTTP/1.1 200 OK"
2026-06-22 00:38:51,421 - httpx - INFO - HTTP Request: POST https://api.telegram.org/bot8657142758:AAGUQRm-T_ITFafMBJHzhBNQ2ZhjhuXQ4oE/getUpdates "HTTP/1.1 200 OK"
2026-06-22 00:39:01,556 - httpx - INFO - HTTP Request: POST https://api.telegram.org/bot8657142758:AAGUQRm-T_ITFafMBJHzhBNQ2ZhjhuXQ4oE/getUpdates "HTTP/1.1 200 OK"
2026-06-22 00:39:11,684 - httpx - INFO - HTTP Request: POST https://api.telegram.org/bot8657142758:AAGUQRm-T_ITFafMBJHzhBNQ2ZhjhuXQ4oE/getUpdates "HTTP/1.1 200 OK"
2026-06-22 00:39:21,858 - httpx - INFO - HTTP Request: POST https://api.telegram.org/bot8657142758:AAGUQRm-T_ITFafMBJHzhBNQ2ZhjhuXQ4oE/getUpdates "HTTP/1.1 200 OK"
2026-06-22 00:39:32,014 - httpx - INFO - HTTP Request: POST https://api.telegram.org/bot8657142758:AAGUQRm-T_ITFafMBJHzhBNQ2ZhjhuXQ4oE/getUpdates "HTTP/1.1 200 OK"
2026-06-22 00:39:42,175 - httpx - INFO - HTTP Request: POST https://api.telegram.org/bot8657142758:AAGUQRm-T_ITFafMBJHzhBNQ2ZhjhuXQ4oE/getUpdates "HTTP/1.1 200 OK"
2026-06-22 00:39:52,308 - httpx - INFO - HTTP Request: POST https://api.telegram.org/bot8657142758:AAGUQRm-T_ITFafMBJHzhBNQ2ZhjhuXQ4oE/getUpdates "HTTP/1.1 200 OK"
2026-06-22 00:40:02,442 - httpx - INFO - HTTP Request: POST https://api.telegram.org/bot8657142758:AAGUQRm-T_ITFafMBJHzhBNQ2ZhjhuXQ4oE/getUpdates "HTTP/1.1 200 OK"
2026-06-22 00:40:12,571 - httpx - INFO - HTTP Request: POST https://api.telegram.org/bot8657142758:AAGUQRm-T_ITFafMBJHzhBNQ2ZhjhuXQ4oE/getUpdates "HTTP/1.1 200 OK"
2026-06-22 00:40:22,699 - httpx - INFO - HTTP Request: POST https://api.telegram.org/bot8657142758:AAGUQRm-T_ITFafMBJHzhBNQ2ZhjhuXQ4oE/getUpdates "HTTP/1.1 200 OK"
2026-06-22 00:40:32,826 - httpx - INFO - HTTP Request: POST https://api.telegram.org/bot8657142758:AAGUQRm-T_ITFafMBJHzhBNQ2ZhjhuXQ4oE/getUpdates "HTTP/1.1 200 OK"
2026-06-22 00:40:42,955 - httpx - INFO - HTTP Request: POST https://api.telegram.org/bot8657142758:AAGUQRm-T_ITFafMBJHzhBNQ2ZhjhuXQ4oE/getUpdates "HTTP/1.1 200 OK"
2026-06-22 00:40:53,079 - httpx - INFO - HTTP Request: POST https://api.telegram.org/bot8657142758:AAGUQRm-T_ITFafMBJHzhBNQ2ZhjhuXQ4oE/getUpdates "HTTP/1.1 200 OK"
2026-06-22 00:41:03,213 - httpx - INFO - HTTP Request: POST https://api.telegram.org/bot8657142758:AAGUQRm-T_ITFafMBJHzhBNQ2ZhjhuXQ4oE/getUpdates "HTTP/1.1 200 OK"
2026-06-22 00:41:13,340 - httpx - INFO - HTTP Request: POST https://api.telegram.org/bot8657142758:AAGUQRm-T_ITFafMBJHzhBNQ2ZhjhuXQ4oE/getUpdates "HTTP/1.1 200 OK"
2026-06-22 00:41:23,500 - httpx - INFO - HTTP Request: POST https://api.telegram.org/bot8657142758:AAGUQRm-T_ITFafMBJHzhBNQ2ZhjhuXQ4oE/getUpdates "HTTP/1.1 200 OK"
2026-06-22 00:41:33,623 - httpx - INFO - HTTP Request: POST https://api.telegram.org/bot8657142758:AAGUQRm-T_ITFafMBJHzhBNQ2ZhjhuXQ4oE/getUpdates "HTTP/1.1 200 OK"
2026-06-22 00:41:43,748 - httpx - INFO - HTTP Request: POST https://api.telegram.org/bot8657142758:AAGUQRm-T_ITFafMBJHzhBNQ2ZhjhuXQ4oE/getUpdates "HTTP/1.1 200 OK"
2026-06-22 00:41:53,880 - httpx - INFO - HTTP Request: POST https://api.telegram.org/bot8657142758:AAGUQRm-T_ITFafMBJHzhBNQ2ZhjhuXQ4oE/getUpdates "HTTP/1.1 200 OK"
2026-06-22 00:42:04,005 - httpx - INFO - HTTP Request: POST https://api.telegram.org/bot8657142758:AAGUQRm-T_ITFafMBJHzhBNQ2ZhjhuXQ4oE/getUpdates "HTTP/1.1 200 OK"
2026-06-22 00:42:14,134 - httpx - INFO - HTTP Request: POST https://api.telegram.org/bot8657142758:AAGUQRm-T_ITFafMBJHzhBNQ2ZhjhuXQ4oE/getUpdates "HTTP/1.1 200 OK"
2026-06-22 00:42:24,259 - httpx - INFO - HTTP Request: POST https://api.telegram.org/bot8657142758:AAGUQRm-T_ITFafMBJHzhBNQ2ZhjhuXQ4oE/getUpdates "HTTP/1.1 200 OK"
2026-06-22 00:42:34,389 - httpx - INFO - HTTP Request: POST https://api.telegram.org/bot8657142758:AAGUQRm-T_ITFafMBJHzhBNQ2ZhjhuXQ4oE/getUpdates "HTTP/1.1 200 OK"
2026-06-22 00:42:44,517 - httpx - INFO - HTTP Request: POST https://api.telegram.org/bot8657142758:AAGUQRm-T_ITFafMBJHzhBNQ2ZhjhuXQ4oE/getUpdates "HTTP/1.1 200 OK"
2026-06-22 00:42:54,653 - httpx - INFO - HTTP Request: POST https://api.telegram.org/bot8657142758:AAGUQRm-T_ITFafMBJHzhBNQ2ZhjhuXQ4oE/getUpdates "HTTP/1.1 200 OK"
2026-06-22 00:43:04,777 - httpx - INFO - HTTP Request: POST https://api.telegram.org/bot8657142758:AAGUQRm-T_ITFafMBJHzhBNQ2ZhjhuXQ4oE/getUpdates "HTTP/1.1 200 OK"
2026-06-22 00:43:14,901 - httpx - INFO - HTTP Request: POST https://api.telegram.org/bot8657142758:AAGUQRm-T_ITFafMBJHzhBNQ2ZhjhuXQ4oE/getUpdates "HTTP/1.1 200 OK"
2026-06-22 00:43:25,022 - httpx - INFO - HTTP Request: POST https://api.telegram.org/bot8657142758:AAGUQRm-T_ITFafMBJHzhBNQ2ZhjhuXQ4oE/getUpdates "HTTP/1.1 200 OK"
2026-06-22 00:43:35,154 - httpx - INFO - HTTP Request: POST https://api.telegram.org/bot8657142758:AAGUQRm-T_ITFafMBJHzhBNQ2ZhjhuXQ4oE/getUpdates "HTTP/1.1 200 OK"
2026-06-22 00:43:45,280 - httpx - INFO - HTTP Request: POST https://api.telegram.org/bot8657142758:AAGUQRm-T_ITFafMBJHzhBNQ2ZhjhuXQ4oE/getUpdates "HTTP/1.1 200 OK"
2026-06-22 00:43:55,421 - httpx - INFO - HTTP Request: POST https://api.telegram.org/bot8657142758:AAGUQRm-T_ITFafMBJHzhBNQ2ZhjhuXQ4oE/getUpdates "HTTP/1.1 200 OK"
2026-06-22 00:44:05,578 - httpx - INFO - HTTP Request: POST https://api.telegram.org/bot8657142758:AAGUQRm-T_ITFafMBJHzhBNQ2ZhjhuXQ4oE/getUpdates "HTTP/1.1 200 OK"
2026-06-22 00:44:15,708 - httpx - INFO - HTTP Request: POST https://api.telegram.org/bot8657142758:AAGUQRm-T_ITFafMBJHzhBNQ2ZhjhuXQ4oE/getUpdates "HTTP/1.1 200 OK"
2026-06-22 00:44:25,858 - httpx - INFO - HTTP Request: POST https://api.telegram.org/bot8657142758:AAGUQRm-T_ITFafMBJHzhBNQ2ZhjhuXQ4oE/getUpdates "HTTP/1.1 200 OK"
2026-06-22 00:44:35,982 - httpx - INFO - HTTP Request: POST https://api.telegram.org/bot8657142758:AAGUQRm-T_ITFafMBJHzhBNQ2ZhjhuXQ4oE/getUpdates "HTTP/1.1 200 OK"
2026-06-22 00:44:46,114 - httpx - INFO - HTTP Request: POST https://api.telegram.org/bot8657142758:AAGUQRm-T_ITFafMBJHzhBNQ2ZhjhuXQ4oE/getUpdates "HTTP/1.1 200 OK"
2026-06-22 00:44:56,255 - httpx - INFO - HTTP Request: POST https://api.telegram.org/bot8657142758:AAGUQRm-T_ITFafMBJHzhBNQ2ZhjhuXQ4oE/getUpdates "HTTP/1.1 200 OK"
2026-06-22 00:45:06,381 - httpx - INFO - HTTP Request: POST https://api.telegram.org/bot8657142758:AAGUQRm-T_ITFafMBJHzhBNQ2ZhjhuXQ4oE/getUpdates "HTTP/1.1 200 OK"
2026-06-22 00:45:16,553 - httpx - INFO - HTTP Request: POST https://api.telegram.org/bot8657142758:AAGUQRm-T_ITFafMBJHzhBNQ2ZhjhuXQ4oE/getUpdates "HTTP/1.1 200 OK"
2026-06-22 00:45:26,684 - httpx - INFO - HTTP Request: POST https://api.telegram.org/bot8657142758:AAGUQRm-T_ITFafMBJHzhBNQ2ZhjhuXQ4oE/getUpdates "HTTP/1.1 200 OK"
2026-06-22 00:45:36,803 - httpx - INFO - HTTP Request: POST https://api.telegram.org/bot8657142758:AAGUQRm-T_ITFafMBJHzhBNQ2ZhjhuXQ4oE/getUpdates "HTTP/1.1 200 OK"
2026-06-22 00:45:46,930 - httpx - INFO - HTTP Request: POST https://api.telegram.org/bot8657142758:AAGUQRm-T_ITFafMBJHzhBNQ2ZhjhuXQ4oE/getUpdates "HTTP/1.1 200 OK"
2026-06-22 00:45:57,063 - httpx - INFO - HTTP Request: POST https://api.telegram.org/bot8657142758:AAGUQRm-T_ITFafMBJHzhBNQ2ZhjhuXQ4oE/getUpdates "HTTP/1.1 200 OK"
2026-06-22 00:46:07,196 - httpx - INFO - HTTP Request: POST https://api.telegram.org/bot8657142758:AAGUQRm-T_ITFafMBJHzhBNQ2ZhjhuXQ4oE/getUpdates "HTTP/1.1 200 OK"
2026-06-22 00:46:17,333 - httpx - INFO - HTTP Request: POST https://api.telegram.org/bot8657142758:AAGUQRm-T_ITFafMBJHzhBNQ2ZhjhuXQ4oE/getUpdates "HTTP/1.1 200 OK"
2026-06-22 00:46:27,451 - httpx - INFO - HTTP Request: POST https://api.telegram.org/bot8657142758:AAGUQRm-T_ITFafMBJHzhBNQ2ZhjhuXQ4oE/getUpdates "HTTP/1.1 200 OK"
2026-06-22 00:46:37,571 - httpx - INFO - HTTP Request: POST https://api.telegram.org/bot8657142758:AAGUQRm-T_ITFafMBJHzhBNQ2ZhjhuXQ4oE/getUpdates "HTTP/1.1 200 OK"
2026-06-22 00:46:47,700 - httpx - INFO - HTTP Request: POST https://api.telegram.org/bot8657142758:AAGUQRm-T_ITFafMBJHzhBNQ2ZhjhuXQ4oE/getUpdates "HTTP/1.1 200 OK"
2026-06-22 00:46:57,832 - httpx - INFO - HTTP Request: POST https://api.telegram.org/bot8657142758:AAGUQRm-T_ITFafMBJHzhBNQ2ZhjhuXQ4oE/getUpdates "HTTP/1.1 200 OK"
2026-06-22 00:47:07,963 - httpx - INFO - HTTP Request: POST https://api.telegram.org/bot8657142758:AAGUQRm-T_ITFafMBJHzhBNQ2ZhjhuXQ4oE/getUpdates "HTTP/1.1 200 OK"
2026-06-22 00:47:18,128 - httpx - INFO - HTTP Request: POST https://api.telegram.org/bot8657142758:AAGUQRm-T_ITFafMBJHzhBNQ2ZhjhuXQ4oE/getUpdates "HTTP/1.1 200 OK"
2026-06-22 00:47:28,274 - httpx - INFO - HTTP Request: POST https://api.telegram.org/bot8657142758:AAGUQRm-T_ITFafMBJHzhBNQ2ZhjhuXQ4oE/getUpdates "HTTP/1.1 200 OK"
2026-06-22 00:47:38,404 - httpx - INFO - HTTP Request: POST https://api.telegram.org/bot8657142758:AAGUQRm-T_ITFafMBJHzhBNQ2ZhjhuXQ4oE/getUpdates "HTTP/1.1 200 OK"
2026-06-22 00:47:48,533 - httpx - INFO - HTTP Request: POST https://api.telegram.org/bot8657142758:AAGUQRm-T_ITFafMBJHzhBNQ2ZhjhuXQ4oE/getUpdates "HTTP/1.1 200 OK"
2026-06-22 00:47:58,717 - httpx - INFO - HTTP Request: POST https://api.telegram.org/bot8657142758:AAGUQRm-T_ITFafMBJHzhBNQ2ZhjhuXQ4oE/getUpdates "HTTP/1.1 200 OK"
2026-06-22 00:48:08,852 - httpx - INFO - HTTP Request: POST https://api.telegram.org/bot8657142758:AAGUQRm-T_ITFafMBJHzhBNQ2ZhjhuXQ4oE/getUpdates "HTTP/1.1 200 OK"
2026-06-22 00:48:18,975 - httpx - INFO - HTTP Request: POST https://api.telegram.org/bot8657142758:AAGUQRm-T_ITFafMBJHzhBNQ2ZhjhuXQ4oE/getUpdates "HTTP/1.1 200 OK"
2026-06-22 00:48:29,099 - httpx - INFO - HTTP Request: POST https://api.telegram.org/bot8657142758:AAGUQRm-T_ITFafMBJHzhBNQ2ZhjhuXQ4oE/getUpdates "HTTP/1.1 200 OK"
2026-06-22 00:48:39,228 - httpx - INFO - HTTP Request: POST https://api.telegram.org/bot8657142758:AAGUQRm-T_ITFafMBJHzhBNQ2ZhjhuXQ4oE/getUpdates "HTTP/1.1 200 OK"
2026-06-22 00:48:49,390 - httpx - INFO - HTTP Request: POST https://api.telegram.org/bot8657142758:AAGUQRm-T_ITFafMBJHzhBNQ2ZhjhuXQ4oE/getUpdates "HTTP/1.1 200 OK"
2026-06-22 00:48:59,546 - httpx - INFO - HTTP Request: POST https://api.telegram.org/bot8657142758:AAGUQRm-T_ITFafMBJHzhBNQ2ZhjhuXQ4oE/getUpdates "HTTP/1.1 200 OK"
2026-06-22 00:49:09,669 - httpx - INFO - HTTP Request: POST https://api.telegram.org/bot8657142758:AAGUQRm-T_ITFafMBJHzhBNQ2ZhjhuXQ4oE/getUpdates "HTTP/1.1 200 OK"
2026-06-22 00:49:19,799 - httpx - INFO - HTTP Request: POST https://api.telegram.org/bot8657142758:AAGUQRm-T_ITFafMBJHzhBNQ2ZhjhuXQ4oE/getUpdates "HTTP/1.1 200 OK"
2026-06-22 00:49:29,932 - httpx - INFO - HTTP Request: POST https://api.telegram.org/bot8657142758:AAGUQRm-T_ITFafMBJHzhBNQ2ZhjhuXQ4oE/getUpdates "HTTP/1.1 200 OK"
2026-06-22 00:49:40,092 - httpx - INFO - HTTP Request: POST https://api.telegram.org/bot8657142758:AAGUQRm-T_ITFafMBJHzhBNQ2ZhjhuXQ4oE/getUpdates "HTTP/1.1 200 OK"
2026-06-22 00:49:50,234 - httpx - INFO - HTTP Request: POST https://api.telegram.org/bot8657142758:AAGUQRm-T_ITFafMBJHzhBNQ2ZhjhuXQ4oE/getUpdates "HTTP/1.1 200 OK"
2026-06-22 00:50:00,368 - httpx - INFO - HTTP Request: POST https://api.telegram.org/bot8657142758:AAGUQRm-T_ITFafMBJHzhBNQ2ZhjhuXQ4oE/getUpdates "HTTP/1.1 200 OK"
2026-06-22 00:50:10,496 - httpx - INFO - HTTP Request: POST https://api.telegram.org/bot8657142758:AAGUQRm-T_ITFafMBJHzhBNQ2ZhjhuXQ4oE/getUpdates "HTTP/1.1 200 OK"
2026-06-22 00:50:20,627 - httpx - INFO - HTTP Request: POST https://api.telegram.org/bot8657142758:AAGUQRm-T_ITFafMBJHzhBNQ2ZhjhuXQ4oE/getUpdates "HTTP/1.1 200 OK"
2026-06-22 00:50:30,758 - httpx - INFO - HTTP Request: POST https://api.telegram.org/bot8657142758:AAGUQRm-T_ITFafMBJHzhBNQ2ZhjhuXQ4oE/getUpdates "HTTP/1.1 200 OK"
2026-06-22 00:50:40,890 - httpx - INFO - HTTP Request: POST https://api.telegram.org/bot8657142758:AAGUQRm-T_ITFafMBJHzhBNQ2ZhjhuXQ4oE/getUpdates "HTTP/1.1 200 OK"
2026-06-22 00:50:51,012 - httpx - INFO - HTTP Request: POST https://api.telegram.org/bot8657142758:AAGUQRm-T_ITFafMBJHzhBNQ2ZhjhuXQ4oE/getUpdates "HTTP/1.1 200 OK"
2026-06-22 00:51:01,186 - httpx - INFO - HTTP Request: POST https://api.telegram.org/bot8657142758:AAGUQRm-T_ITFafMBJHzhBNQ2ZhjhuXQ4oE/getUpdates "HTTP/1.1 200 OK"
2026-06-22 00:51:11,355 - httpx - INFO - HTTP Request: POST https://api.telegram.org/bot8657142758:AAGUQRm-T_ITFafMBJHzhBNQ2ZhjhuXQ4oE/getUpdates "HTTP/1.1 200 OK"
2026-06-22 00:51:21,485 - httpx - INFO - HTTP Request: POST https://api.telegram.org/bot8657142758:AAGUQRm-T_ITFafMBJHzhBNQ2ZhjhuXQ4oE/getUpdates "HTTP/1.1 200 OK"
2026-06-22 00:51:31,614 - httpx - INFO - HTTP Request: POST https://api.telegram.org/bot8657142758:AAGUQRm-T_ITFafMBJHzhBNQ2ZhjhuXQ4oE/getUpdates "HTTP/1.1 200 OK"
2026-06-22 00:51:41,806 - httpx - INFO - HTTP Request: POST https://api.telegram.org/bot8657142758:AAGUQRm-T_ITFafMBJHzhBNQ2ZhjhuXQ4oE/getUpdates "HTTP/1.1 200 OK"
2026-06-22 00:51:51,966 - httpx - INFO - HTTP Request: POST https://api.telegram.org/bot8657142758:AAGUQRm-T_ITFafMBJHzhBNQ2ZhjhuXQ4oE/getUpdates "HTTP/1.1 200 OK"
2026-06-22 00:52:02,137 - httpx - INFO - HTTP Request: POST https://api.telegram.org/bot8657142758:AAGUQRm-T_ITFafMBJHzhBNQ2ZhjhuXQ4oE/getUpdates "HTTP/1.1 200 OK"
2026-06-22 00:52:12,334 - httpx - INFO - HTTP Request: POST https://api.telegram.org/bot8657142758:AAGUQRm-T_ITFafMBJHzhBNQ2ZhjhuXQ4oE/getUpdates "HTTP/1.1 200 OK"
2026-06-22 00:52:22,525 - httpx - INFO - HTTP Request: POST https://api.telegram.org/bot8657142758:AAGUQRm-T_ITFafMBJHzhBNQ2ZhjhuXQ4oE/getUpdates "HTTP/1.1 200 OK"
2026-06-22 00:52:32,662 - httpx - INFO - HTTP Request: POST https://api.telegram.org/bot8657142758:AAGUQRm-T_ITFafMBJHzhBNQ2ZhjhuXQ4oE/getUpdates "HTTP/1.1 200 OK"
2026-06-22 00:52:42,826 - httpx - INFO - HTTP Request: POST https://api.telegram.org/bot8657142758:AAGUQRm-T_ITFafMBJHzhBNQ2ZhjhuXQ4oE/getUpdates "HTTP/1.1 200 OK"
2026-06-22 00:52:52,965 - httpx - INFO - HTTP Request: POST https://api.telegram.org/bot8657142758:AAGUQRm-T_ITFafMBJHzhBNQ2ZhjhuXQ4oE/getUpdates "HTTP/1.1 200 OK"
2026-06-22 00:53:03,107 - httpx - INFO - HTTP Request: POST https://api.telegram.org/bot8657142758:AAGUQRm-T_ITFafMBJHzhBNQ2ZhjhuXQ4oE/getUpdates "HTTP/1.1 200 OK"
2026-06-22 00:53:13,271 - httpx - INFO - HTTP Request: POST https://api.telegram.org/bot8657142758:AAGUQRm-T_ITFafMBJHzhBNQ2ZhjhuXQ4oE/getUpdates "HTTP/1.1 200 OK"
2026-06-22 00:53:23,455 - httpx - INFO - HTTP Request: POST https://api.telegram.org/bot8657142758:AAGUQRm-T_ITFafMBJHzhBNQ2ZhjhuXQ4oE/getUpdates "HTTP/1.1 200 OK"
2026-06-22 00:53:33,596 - httpx - INFO - HTTP Request: POST https://api.telegram.org/bot8657142758:AAGUQRm-T_ITFafMBJHzhBNQ2ZhjhuXQ4oE/getUpdates "HTTP/1.1 200 OK"
2026-06-22 00:53:43,726 - httpx - INFO - HTTP Request: POST https://api.telegram.org/bot8657142758:AAGUQRm-T_ITFafMBJHzhBNQ2ZhjhuXQ4oE/getUpdates "HTTP/1.1 200 OK"
2026-06-22 00:53:53,881 - httpx - INFO - HTTP Request: POST https://api.telegram.org/bot8657142758:AAGUQRm-T_ITFafMBJHzhBNQ2ZhjhuXQ4oE/getUpdates "HTTP/1.1 200 OK"
2026-06-22 00:54:04,043 - httpx - INFO - HTTP Request: POST https://api.telegram.org/bot8657142758:AAGUQRm-T_ITFafMBJHzhBNQ2ZhjhuXQ4oE/getUpdates "HTTP/1.1 200 OK"
2026-06-22 00:54:14,185 - httpx - INFO - HTTP Request: POST https://api.telegram.org/bot8657142758:AAGUQRm-T_ITFafMBJHzhBNQ2ZhjhuXQ4oE/getUpdates "HTTP/1.1 200 OK"
2026-06-22 00:54:24,347 - httpx - INFO - HTTP Request: POST https://api.telegram.org/bot8657142758:AAGUQRm-T_ITFafMBJHzhBNQ2ZhjhuXQ4oE/getUpdates "HTTP/1.1 200 OK"
2026-06-22 00:54:34,533 - httpx - INFO - HTTP Request: POST https://api.telegram.org/bot8657142758:AAGUQRm-T_ITFafMBJHzhBNQ2ZhjhuXQ4oE/getUpdates "HTTP/1.1 200 OK"
2026-06-22 00:54:44,684 - httpx - INFO - HTTP Request: POST https://api.telegram.org/bot8657142758:AAGUQRm-T_ITFafMBJHzhBNQ2ZhjhuXQ4oE/getUpdates "HTTP/1.1 200 OK"
2026-06-22 00:54:54,826 - httpx - INFO - HTTP Request: POST https://api.telegram.org/bot8657142758:AAGUQRm-T_ITFafMBJHzhBNQ2ZhjhuXQ4oE/getUpdates "HTTP/1.1 200 OK"
2026-06-22 00:55:04,996 - httpx - INFO - HTTP Request: POST https://api.telegram.org/bot8657142758:AAGUQRm-T_ITFafMBJHzhBNQ2ZhjhuXQ4oE/getUpdates "HTTP/1.1 200 OK"
2026-06-22 00:55:15,132 - httpx - INFO - HTTP Request: POST https://api.telegram.org/bot8657142758:AAGUQRm-T_ITFafMBJHzhBNQ2ZhjhuXQ4oE/getUpdates "HTTP/1.1 200 OK"
2026-06-22 00:55:25,292 - httpx - INFO - HTTP Request: POST https://api.telegram.org/bot8657142758:AAGUQRm-T_ITFafMBJHzhBNQ2ZhjhuXQ4oE/getUpdates "HTTP/1.1 200 OK"
2026-06-22 00:55:35,442 - httpx - INFO - HTTP Request: POST https://api.telegram.org/bot8657142758:AAGUQRm-T_ITFafMBJHzhBNQ2ZhjhuXQ4oE/getUpdates "HTTP/1.1 200 OK"
2026-06-22 00:55:45,567 - httpx - INFO - HTTP Request: POST https://api.telegram.org/bot8657142758:AAGUQRm-T_ITFafMBJHzhBNQ2ZhjhuXQ4oE/getUpdates "HTTP/1.1 200 OK"
2026-06-22 00:55:55,688 - httpx - INFO - HTTP Request: POST https://api.telegram.org/bot8657142758:AAGUQRm-T_ITFafMBJHzhBNQ2ZhjhuXQ4oE/getUpdates "HTTP/1.1 200 OK"
2026-06-22 00:56:05,833 - httpx - INFO - HTTP Request: POST https://api.telegram.org/bot8657142758:AAGUQRm-T_ITFafMBJHzhBNQ2ZhjhuXQ4oE/getUpdates "HTTP/1.1 200 OK"
2026-06-22 00:56:15,962 - httpx - INFO - HTTP Request: POST https://api.telegram.org/bot8657142758:AAGUQRm-T_ITFafMBJHzhBNQ2ZhjhuXQ4oE/getUpdates "HTTP/1.1 200 OK"
2026-06-22 00:56:26,087 - httpx - INFO - HTTP Request: POST https://api.telegram.org/bot8657142758:AAGUQRm-T_ITFafMBJHzhBNQ2ZhjhuXQ4oE/getUpdates "HTTP/1.1 200 OK"
2026-06-22 00:56:36,214 - httpx - INFO - HTTP Request: POST https://api.telegram.org/bot8657142758:AAGUQRm-T_ITFafMBJHzhBNQ2ZhjhuXQ4oE/getUpdates "HTTP/1.1 200 OK"
2026-06-22 00:56:46,369 - httpx - INFO - HTTP Request: POST https://api.telegram.org/bot8657142758:AAGUQRm-T_ITFafMBJHzhBNQ2ZhjhuXQ4oE/getUpdates "HTTP/1.1 200 OK"
2026-06-22 00:56:56,494 - httpx - INFO - HTTP Request: POST https://api.telegram.org/bot8657142758:AAGUQRm-T_ITFafMBJHzhBNQ2ZhjhuXQ4oE/getUpdates "HTTP/1.1 200 OK"
2026-06-22 00:57:06,620 - httpx - INFO - HTTP Request: POST https://api.telegram.org/bot8657142758:AAGUQRm-T_ITFafMBJHzhBNQ2ZhjhuXQ4oE/getUpdates "HTTP/1.1 200 OK"
2026-06-22 00:57:16,760 - httpx - INFO - HTTP Request: POST https://api.telegram.org/bot8657142758:AAGUQRm-T_ITFafMBJHzhBNQ2ZhjhuXQ4oE/getUpdates "HTTP/1.1 200 OK"
2026-06-22 00:57:26,900 - httpx - INFO - HTTP Request: POST https://api.telegram.org/bot8657142758:AAGUQRm-T_ITFafMBJHzhBNQ2ZhjhuXQ4oE/getUpdates "HTTP/1.1 200 OK"
2026-06-22 00:57:37,034 - httpx - INFO - HTTP Request: POST https://api.telegram.org/bot8657142758:AAGUQRm-T_ITFafMBJHzhBNQ2ZhjhuXQ4oE/getUpdates "HTTP/1.1 200 OK"
2026-06-22 00:57:47,167 - httpx - INFO - HTTP Request: POST https://api.telegram.org/bot8657142758:AAGUQRm-T_ITFafMBJHzhBNQ2ZhjhuXQ4oE/getUpdates "HTTP/1.1 200 OK"
2026-06-22 00:57:57,301 - httpx - INFO - HTTP Request: POST https://api.telegram.org/bot8657142758:AAGUQRm-T_ITFafMBJHzhBNQ2ZhjhuXQ4oE/getUpdates "HTTP/1.1 200 OK"
2026-06-22 00:58:07,430 - httpx - INFO - HTTP Request: POST https://api.telegram.org/bot8657142758:AAGUQRm-T_ITFafMBJHzhBNQ2ZhjhuXQ4oE/getUpdates "HTTP/1.1 200 OK"
2026-06-22 00:58:17,565 - httpx - INFO - HTTP Request: POST https://api.telegram.org/bot8657142758:AAGUQRm-T_ITFafMBJHzhBNQ2ZhjhuXQ4oE/getUpdates "HTTP/1.1 200 OK"
2026-06-22 00:58:27,725 - httpx - INFO - HTTP Request: POST https://api.telegram.org/bot8657142758:AAGUQRm-T_ITFafMBJHzhBNQ2ZhjhuXQ4oE/getUpdates "HTTP/1.1 200 OK"
2026-06-22 00:58:37,847 - httpx - INFO - HTTP Request: POST https://api.telegram.org/bot8657142758:AAGUQRm-T_ITFafMBJHzhBNQ2ZhjhuXQ4oE/getUpdates "HTTP/1.1 200 OK"
2026-06-22 00:58:47,989 - httpx - INFO - HTTP Request: POST https://api.telegram.org/bot8657142758:AAGUQRm-T_ITFafMBJHzhBNQ2ZhjhuXQ4oE/getUpdates "HTTP/1.1 200 OK"
2026-06-22 00:58:58,120 - httpx - INFO - HTTP Request: POST https://api.telegram.org/bot8657142758:AAGUQRm-T_ITFafMBJHzhBNQ2ZhjhuXQ4oE/getUpdates "HTTP/1.1 200 OK"
2026-06-22 00:59:08,260 - httpx - INFO - HTTP Request: POST https://api.telegram.org/bot8657142758:AAGUQRm-T_ITFafMBJHzhBNQ2ZhjhuXQ4oE/getUpdates "HTTP/1.1 200 OK"
2026-06-22 00:59:18,409 - httpx - INFO - HTTP Request: POST https://api.telegram.org/bot8657142758:AAGUQRm-T_ITFafMBJHzhBNQ2ZhjhuXQ4oE/getUpdates "HTTP/1.1 200 OK"
2026-06-22 00:59:28,538 - httpx - INFO - HTTP Request: POST https://api.telegram.org/bot8657142758:AAGUQRm-T_ITFafMBJHzhBNQ2ZhjhuXQ4oE/getUpdates "HTTP/1.1 200 OK"
2026-06-22 00:59:38,665 - httpx - INFO - HTTP Request: POST https://api.telegram.org/bot8657142758:AAGUQRm-T_ITFafMBJHzhBNQ2ZhjhuXQ4oE/getUpdates "HTTP/1.1 200 OK"
2026-06-22 00:59:48,801 - httpx - INFO - HTTP Request: POST https://api.telegram.org/bot8657142758:AAGUQRm-T_ITFafMBJHzhBNQ2ZhjhuXQ4oE/getUpdates "HTTP/1.1 200 OK"
2026-06-22 00:59:58,925 - httpx - INFO - HTTP Request: POST https://api.telegram.org/bot8657142758:AAGUQRm-T_ITFafMBJHzhBNQ2ZhjhuXQ4oE/getUpdates "HTTP/1.1 200 OK"
2026-06-22 01:00:09,058 - httpx - INFO - HTTP Request: POST https://api.telegram.org/bot8657142758:AAGUQRm-T_ITFafMBJHzhBNQ2ZhjhuXQ4oE/getUpdates "HTTP/1.1 200 OK"
2026-06-22 01:00:19,188 - httpx - INFO - HTTP Request: POST https://api.telegram.org/bot8657142758:AAGUQRm-T_ITFafMBJHzhBNQ2ZhjhuXQ4oE/getUpdates "HTTP/1.1 200 OK"
2026-06-22 01:00:29,327 - httpx - INFO - HTTP Request: POST https://api.telegram.org/bot8657142758:AAGUQRm-T_ITFafMBJHzhBNQ2ZhjhuXQ4oE/getUpdates "HTTP/1.1 200 OK"
2026-06-22 01:00:39,736 - httpx - INFO - HTTP Request: POST https://api.telegram.org/bot8657142758:AAGUQRm-T_ITFafMBJHzhBNQ2ZhjhuXQ4oE/getUpdates "HTTP/1.1 200 OK"
2026-06-22 01:00:49,869 - httpx - INFO - HTTP Request: POST https://api.telegram.org/bot8657142758:AAGUQRm-T_ITFafMBJHzhBNQ2ZhjhuXQ4oE/getUpdates "HTTP/1.1 200 OK"
2026-06-22 01:01:00,002 - httpx - INFO - HTTP Request: POST https://api.telegram.org/bot8657142758:AAGUQRm-T_ITFafMBJHzhBNQ2ZhjhuXQ4oE/getUpdates "HTTP/1.1 200 OK"
2026-06-22 01:01:10,138 - httpx - INFO - HTTP Request: POST https://api.telegram.org/bot8657142758:AAGUQRm-T_ITFafMBJHzhBNQ2ZhjhuXQ4oE/getUpdates "HTTP/1.1 200 OK"
2026-06-22 01:01:20,273 - httpx - INFO - HTTP Request: POST https://api.telegram.org/bot8657142758:AAGUQRm-T_ITFafMBJHzhBNQ2ZhjhuXQ4oE/getUpdates "HTTP/1.1 200 OK"
2026-06-22 01:01:30,416 - httpx - INFO - HTTP Request: POST https://api.telegram.org/bot8657142758:AAGUQRm-T_ITFafMBJHzhBNQ2ZhjhuXQ4oE/getUpdates "HTTP/1.1 200 OK"
2026-06-22 01:01:40,563 - httpx - INFO - HTTP Request: POST https://api.telegram.org/bot8657142758:AAGUQRm-T_ITFafMBJHzhBNQ2ZhjhuXQ4oE/getUpdates "HTTP/1.1 200 OK"
2026-06-22 01:01:50,706 - httpx - INFO - HTTP Request: POST https://api.telegram.org/bot8657142758:AAGUQRm-T_ITFafMBJHzhBNQ2ZhjhuXQ4oE/getUpdates "HTTP/1.1 200 OK"
2026-06-22 01:02:00,844 - httpx - INFO - HTTP Request: POST https://api.telegram.org/bot8657142758:AAGUQRm-T_ITFafMBJHzhBNQ2ZhjhuXQ4oE/getUpdates "HTTP/1.1 200 OK"
2026-06-22 01:02:10,978 - httpx - INFO - HTTP Request: POST https://api.telegram.org/bot8657142758:AAGUQRm-T_ITFafMBJHzhBNQ2ZhjhuXQ4oE/getUpdates "HTTP/1.1 200 OK"
2026-06-22 01:02:21,107 - httpx - INFO - HTTP Request: POST https://api.telegram.org/bot8657142758:AAGUQRm-T_ITFafMBJHzhBNQ2ZhjhuXQ4oE/getUpdates "HTTP/1.1 200 OK"
2026-06-22 01:02:31,233 - httpx - INFO - HTTP Request: POST https://api.telegram.org/bot8657142758:AAGUQRm-T_ITFafMBJHzhBNQ2ZhjhuXQ4oE/getUpdates "HTTP/1.1 200 OK"
2026-06-22 01:02:41,372 - httpx - INFO - HTTP Request: POST https://api.telegram.org/bot8657142758:AAGUQRm-T_ITFafMBJHzhBNQ2ZhjhuXQ4oE/getUpdates "HTTP/1.1 200 OK"
2026-06-22 01:02:51,509 - httpx - INFO - HTTP Request: POST https://api.telegram.org/bot8657142758:AAGUQRm-T_ITFafMBJHzhBNQ2ZhjhuXQ4oE/getUpdates "HTTP/1.1 200 OK"
2026-06-22 01:03:01,652 - httpx - INFO - HTTP Request: POST https://api.telegram.org/bot8657142758:AAGUQRm-T_ITFafMBJHzhBNQ2ZhjhuXQ4oE/getUpdates "HTTP/1.1 200 OK"
2026-06-22 01:03:11,780 - httpx - INFO - HTTP Request: POST https://api.telegram.org/bot8657142758:AAGUQRm-T_ITFafMBJHzhBNQ2ZhjhuXQ4oE/getUpdates "HTTP/1.1 200 OK"
2026-06-22 01:03:21,920 - httpx - INFO - HTTP Request: POST https://api.telegram.org/bot8657142758:AAGUQRm-T_ITFafMBJHzhBNQ2ZhjhuXQ4oE/getUpdates "HTTP/1.1 200 OK"
2026-06-22 01:03:32,053 - httpx - INFO - HTTP Request: POST https://api.telegram.org/bot8657142758:AAGUQRm-T_ITFafMBJHzhBNQ2ZhjhuXQ4oE/getUpdates "HTTP/1.1 200 OK"
2026-06-22 01:03:42,187 - httpx - INFO - HTTP Request: POST https://api.telegram.org/bot8657142758:AAGUQRm-T_ITFafMBJHzhBNQ2ZhjhuXQ4oE/getUpdates "HTTP/1.1 200 OK"
2026-06-22 01:03:52,320 - httpx - INFO - HTTP Request: POST https://api.telegram.org/bot8657142758:AAGUQRm-T_ITFafMBJHzhBNQ2ZhjhuXQ4oE/getUpdates "HTTP/1.1 200 OK"
2026-06-22 01:04:02,478 - httpx - INFO - HTTP Request: POST https://api.telegram.org/bot8657142758:AAGUQRm-T_ITFafMBJHzhBNQ2ZhjhuXQ4oE/getUpdates "HTTP/1.1 200 OK"
2026-06-22 01:04:12,614 - httpx - INFO - HTTP Request: POST https://api.telegram.org/bot8657142758:AAGUQRm-T_ITFafMBJHzhBNQ2ZhjhuXQ4oE/getUpdates "HTTP/1.1 200 OK"
2026-06-22 01:04:22,743 - httpx - INFO - HTTP Request: POST https://api.telegram.org/bot8657142758:AAGUQRm-T_ITFafMBJHzhBNQ2ZhjhuXQ4oE/getUpdates "HTTP/1.1 200 OK"
2026-06-22 01:04:32,877 - httpx - INFO - HTTP Request: POST https://api.telegram.org/bot8657142758:AAGUQRm-T_ITFafMBJHzhBNQ2ZhjhuXQ4oE/getUpdates "HTTP/1.1 200 OK"
2026-06-22 01:04:43,001 - httpx - INFO - HTTP Request: POST https://api.telegram.org/bot8657142758:AAGUQRm-T_ITFafMBJHzhBNQ2ZhjhuXQ4oE/getUpdates "HTTP/1.1 200 OK"
2026-06-22 01:04:53,139 - httpx - INFO - HTTP Request: POST https://api.telegram.org/bot8657142758:AAGUQRm-T_ITFafMBJHzhBNQ2ZhjhuXQ4oE/getUpdates "HTTP/1.1 200 OK"
2026-06-22 01:05:03,281 - httpx - INFO - HTTP Request: POST https://api.telegram.org/bot8657142758:AAGUQRm-T_ITFafMBJHzhBNQ2ZhjhuXQ4oE/getUpdates "HTTP/1.1 200 OK"
2026-06-22 01:05:13,413 - httpx - INFO - HTTP Request: POST https://api.telegram.org/bot8657142758:AAGUQRm-T_ITFafMBJHzhBNQ2ZhjhuXQ4oE/getUpdates "HTTP/1.1 200 OK"
2026-06-22 01:05:23,548 - httpx - INFO - HTTP Request: POST https://api.telegram.org/bot8657142758:AAGUQRm-T_ITFafMBJHzhBNQ2ZhjhuXQ4oE/getUpdates "HTTP/1.1 200 OK"
2026-06-22 01:05:33,681 - httpx - INFO - HTTP Request: POST https://api.telegram.org/bot8657142758:AAGUQRm-T_ITFafMBJHzhBNQ2ZhjhuXQ4oE/getUpdates "HTTP/1.1 200 OK"
2026-06-22 01:05:43,827 - httpx - INFO - HTTP Request: POST https://api.telegram.org/bot8657142758:AAGUQRm-T_ITFafMBJHzhBNQ2ZhjhuXQ4oE/getUpdates "HTTP/1.1 200 OK"
2026-06-22 01:05:53,961 - httpx - INFO - HTTP Request: POST https://api.telegram.org/bot8657142758:AAGUQRm-T_ITFafMBJHzhBNQ2ZhjhuXQ4oE/getUpdates "HTTP/1.1 200 OK"
2026-06-22 01:06:04,100 - httpx - INFO - HTTP Request: POST https://api.telegram.org/bot8657142758:AAGUQRm-T_ITFafMBJHzhBNQ2ZhjhuXQ4oE/getUpdates "HTTP/1.1 200 OK"
2026-06-22 01:06:14,243 - httpx - INFO - HTTP Request: POST https://api.telegram.org/bot8657142758:AAGUQRm-T_ITFafMBJHzhBNQ2ZhjhuXQ4oE/getUpdates "HTTP/1.1 200 OK"
2026-06-22 01:06:24,386 - httpx - INFO - HTTP Request: POST https://api.telegram.org/bot8657142758:AAGUQRm-T_ITFafMBJHzhBNQ2ZhjhuXQ4oE/getUpdates "HTTP/1.1 200 OK"
2026-06-22 01:06:34,518 - httpx - INFO - HTTP Request: POST https://api.telegram.org/bot8657142758:AAGUQRm-T_ITFafMBJHzhBNQ2ZhjhuXQ4oE/getUpdates "HTTP/1.1 200 OK"
2026-06-22 01:06:44,649 - httpx - INFO - HTTP Request: POST https://api.telegram.org/bot8657142758:AAGUQRm-T_ITFafMBJHzhBNQ2ZhjhuXQ4oE/getUpdates "HTTP/1.1 200 OK"
2026-06-22 01:06:54,785 - httpx - INFO - HTTP Request: POST https://api.telegram.org/bot8657142758:AAGUQRm-T_ITFafMBJHzhBNQ2ZhjhuXQ4oE/getUpdates "HTTP/1.1 200 OK"
2026-06-22 01:07:04,915 - httpx - INFO - HTTP Request: POST https://api.telegram.org/bot8657142758:AAGUQRm-T_ITFafMBJHzhBNQ2ZhjhuXQ4oE/getUpdates "HTTP/1.1 200 OK"
2026-06-22 01:07:15,045 - httpx - INFO - HTTP Request: POST https://api.telegram.org/bot8657142758:AAGUQRm-T_ITFafMBJHzhBNQ2ZhjhuXQ4oE/getUpdates "HTTP/1.1 200 OK"
2026-06-22 01:07:25,188 - httpx - INFO - HTTP Request: POST https://api.telegram.org/bot8657142758:AAGUQRm-T_ITFafMBJHzhBNQ2ZhjhuXQ4oE/getUpdates "HTTP/1.1 200 OK"
2026-06-22 01:07:35,321 - httpx - INFO - HTTP Request: POST https://api.telegram.org/bot8657142758:AAGUQRm-T_ITFafMBJHzhBNQ2ZhjhuXQ4oE/getUpdates "HTTP/1.1 200 OK"
2026-06-22 01:07:45,463 - httpx - INFO - HTTP Request: POST https://api.telegram.org/bot8657142758:AAGUQRm-T_ITFafMBJHzhBNQ2ZhjhuXQ4oE/getUpdates "HTTP/1.1 200 OK"
2026-06-22 01:07:55,599 - httpx - INFO - HTTP Request: POST https://api.telegram.org/bot8657142758:AAGUQRm-T_ITFafMBJHzhBNQ2ZhjhuXQ4oE/getUpdates "HTTP/1.1 200 OK"
2026-06-22 01:08:05,730 - httpx - INFO - HTTP Request: POST https://api.telegram.org/bot8657142758:AAGUQRm-T_ITFafMBJHzhBNQ2ZhjhuXQ4oE/getUpdates "HTTP/1.1 200 OK"
2026-06-22 01:08:15,869 - httpx - INFO - HTTP Request: POST https://api.telegram.org/bot8657142758:AAGUQRm-T_ITFafMBJHzhBNQ2ZhjhuXQ4oE/getUpdates "HTTP/1.1 200 OK"
2026-06-22 01:08:26,143 - httpx - INFO - HTTP Request: POST https://api.telegram.org/bot8657142758:AAGUQRm-T_ITFafMBJHzhBNQ2ZhjhuXQ4oE/getUpdates "HTTP/1.1 200 OK"
2026-06-22 01:08:36,270 - httpx - INFO - HTTP Request: POST https://api.telegram.org/bot8657142758:AAGUQRm-T_ITFafMBJHzhBNQ2ZhjhuXQ4oE/getUpdates "HTTP/1.1 200 OK"
2026-06-22 01:08:46,406 - httpx - INFO - HTTP Request: POST https://api.telegram.org/bot8657142758:AAGUQRm-T_ITFafMBJHzhBNQ2ZhjhuXQ4oE/getUpdates "HTTP/1.1 200 OK"
2026-06-22 01:08:56,535 - httpx - INFO - HTTP Request: POST https://api.telegram.org/bot8657142758:AAGUQRm-T_ITFafMBJHzhBNQ2ZhjhuXQ4oE/getUpdates "HTTP/1.1 200 OK"
2026-06-22 01:09:06,655 - httpx - INFO - HTTP Request: POST https://api.telegram.org/bot8657142758:AAGUQRm-T_ITFafMBJHzhBNQ2ZhjhuXQ4oE/getUpdates "HTTP/1.1 200 OK"
2026-06-22 01:09:16,789 - httpx - INFO - HTTP Request: POST https://api.telegram.org/bot8657142758:AAGUQRm-T_ITFafMBJHzhBNQ2ZhjhuXQ4oE/getUpdates "HTTP/1.1 200 OK"
2026-06-22 01:09:26,924 - httpx - INFO - HTTP Request: POST https://api.telegram.org/bot8657142758:AAGUQRm-T_ITFafMBJHzhBNQ2ZhjhuXQ4oE/getUpdates "HTTP/1.1 200 OK"
2026-06-22 01:09:37,061 - httpx - INFO - HTTP Request: POST https://api.telegram.org/bot8657142758:AAGUQRm-T_ITFafMBJHzhBNQ2ZhjhuXQ4oE/getUpdates "HTTP/1.1 200 OK"
2026-06-22 01:09:47,191 - httpx - INFO - HTTP Request: POST https://api.telegram.org/bot8657142758:AAGUQRm-T_ITFafMBJHzhBNQ2ZhjhuXQ4oE/getUpdates "HTTP/1.1 200 OK"
2026-06-22 01:09:57,329 - httpx - INFO - HTTP Request: POST https://api.telegram.org/bot8657142758:AAGUQRm-T_ITFafMBJHzhBNQ2ZhjhuXQ4oE/getUpdates "HTTP/1.1 200 OK"
2026-06-22 01:10:07,461 - httpx - INFO - HTTP Request: POST https://api.telegram.org/bot8657142758:AAGUQRm-T_ITFafMBJHzhBNQ2ZhjhuXQ4oE/getUpdates "HTTP/1.1 200 OK"
2026-06-22 01:10:17,603 - httpx - INFO - HTTP Request: POST https://api.telegram.org/bot8657142758:AAGUQRm-T_ITFafMBJHzhBNQ2ZhjhuXQ4oE/getUpdates "HTTP/1.1 200 OK"
2026-06-22 01:10:27,737 - httpx - INFO - HTTP Request: POST https://api.telegram.org/bot8657142758:AAGUQRm-T_ITFafMBJHzhBNQ2ZhjhuXQ4oE/getUpdates "HTTP/1.1 200 OK"
2026-06-22 01:10:37,886 - httpx - INFO - HTTP Request: POST https://api.telegram.org/bot8657142758:AAGUQRm-T_ITFafMBJHzhBNQ2ZhjhuXQ4oE/getUpdates "HTTP/1.1 200 OK"
2026-06-22 01:10:48,036 - httpx - INFO - HTTP Request: POST https://api.telegram.org/bot8657142758:AAGUQRm-T_ITFafMBJHzhBNQ2ZhjhuXQ4oE/getUpdates "HTTP/1.1 200 OK"
2026-06-22 01:10:58,181 - httpx - INFO - HTTP Request: POST https://api.telegram.org/bot8657142758:AAGUQRm-T_ITFafMBJHzhBNQ2ZhjhuXQ4oE/getUpdates "HTTP/1.1 200 OK"
2026-06-22 01:11:08,325 - httpx - INFO - HTTP Request: POST https://api.telegram.org/bot8657142758:AAGUQRm-T_ITFafMBJHzhBNQ2ZhjhuXQ4oE/getUpdates "HTTP/1.1 200 OK"
2026-06-22 01:11:18,467 - httpx - INFO - HTTP Request: POST https://api.telegram.org/bot8657142758:AAGUQRm-T_ITFafMBJHzhBNQ2ZhjhuXQ4oE/getUpdates "HTTP/1.1 200 OK"
2026-06-22 01:11:28,606 - httpx - INFO - HTTP Request: POST https://api.telegram.org/bot8657142758:AAGUQRm-T_ITFafMBJHzhBNQ2ZhjhuXQ4oE/getUpdates "HTTP/1.1 200 OK"
2026-06-22 01:11:38,750 - httpx - INFO - HTTP Request: POST https://api.telegram.org/bot8657142758:AAGUQRm-T_ITFafMBJHzhBNQ2ZhjhuXQ4oE/getUpdates "HTTP/1.1 200 OK"
2026-06-22 01:11:48,873 - httpx - INFO - HTTP Request: POST https://api.telegram.org/bot8657142758:AAGUQRm-T_ITFafMBJHzhBNQ2ZhjhuXQ4oE/getUpdates "HTTP/1.1 200 OK"
2026-06-22 01:11:59,006 - httpx - INFO - HTTP Request: POST https://api.telegram.org/bot8657142758:AAGUQRm-T_ITFafMBJHzhBNQ2ZhjhuXQ4oE/getUpdates "HTTP/1.1 200 OK"
2026-06-22 01:12:09,132 - httpx - INFO - HTTP Request: POST https://api.telegram.org/bot8657142758:AAGUQRm-T_ITFafMBJHzhBNQ2ZhjhuXQ4oE/getUpdates "HTTP/1.1 200 OK"
2026-06-22 01:12:19,299 - httpx - INFO - HTTP Request: POST https://api.telegram.org/bot8657142758:AAGUQRm-T_ITFafMBJHzhBNQ2ZhjhuXQ4oE/getUpdates "HTTP/1.1 200 OK"
2026-06-22 01:12:29,466 - httpx - INFO - HTTP Request: POST https://api.telegram.org/bot8657142758:AAGUQRm-T_ITFafMBJHzhBNQ2ZhjhuXQ4oE/getUpdates "HTTP/1.1 200 OK"
2026-06-22 01:12:39,595 - httpx - INFO - HTTP Request: POST https://api.telegram.org/bot8657142758:AAGUQRm-T_ITFafMBJHzhBNQ2ZhjhuXQ4oE/getUpdates "HTTP/1.1 200 OK"
2026-06-22 01:12:49,734 - httpx - INFO - HTTP Request: POST https://api.telegram.org/bot8657142758:AAGUQRm-T_ITFafMBJHzhBNQ2ZhjhuXQ4oE/getUpdates "HTTP/1.1 200 OK"
2026-06-22 01:12:59,931 - httpx - INFO - HTTP Request: POST https://api.telegram.org/bot8657142758:AAGUQRm-T_ITFafMBJHzhBNQ2ZhjhuXQ4oE/getUpdates "HTTP/1.1 200 OK"
2026-06-22 01:13:10,598 - httpx - INFO - HTTP Request: POST https://api.telegram.org/bot8657142758:AAGUQRm-T_ITFafMBJHzhBNQ2ZhjhuXQ4oE/getUpdates "HTTP/1.1 200 OK"
2026-06-22 01:13:20,744 - httpx - INFO - HTTP Request: POST https://api.telegram.org/bot8657142758:AAGUQRm-T_ITFafMBJHzhBNQ2ZhjhuXQ4oE/getUpdates "HTTP/1.1 200 OK"
2026-06-22 01:13:30,878 - httpx - INFO - HTTP Request: POST https://api.telegram.org/bot8657142758:AAGUQRm-T_ITFafMBJHzhBNQ2ZhjhuXQ4oE/getUpdates "HTTP/1.1 200 OK"
2026-06-22 01:13:41,014 - httpx - INFO - HTTP Request: POST https://api.telegram.org/bot8657142758:AAGUQRm-T_ITFafMBJHzhBNQ2ZhjhuXQ4oE/getUpdates "HTTP/1.1 200 OK"
2026-06-22 01:13:51,156 - httpx - INFO - HTTP Request: POST https://api.telegram.org/bot8657142758:AAGUQRm-T_ITFafMBJHzhBNQ2ZhjhuXQ4oE/getUpdates "HTTP/1.1 200 OK"
2026-06-22 01:14:01,292 - httpx - INFO - HTTP Request: POST https://api.telegram.org/bot8657142758:AAGUQRm-T_ITFafMBJHzhBNQ2ZhjhuXQ4oE/getUpdates "HTTP/1.1 200 OK"
2026-06-22 01:14:11,428 - httpx - INFO - HTTP Request: POST https://api.telegram.org/bot8657142758:AAGUQRm-T_ITFafMBJHzhBNQ2ZhjhuXQ4oE/getUpdates "HTTP/1.1 200 OK"
2026-06-22 01:14:21,565 - httpx - INFO - HTTP Request: POST https://api.telegram.org/bot8657142758:AAGUQRm-T_ITFafMBJHzhBNQ2ZhjhuXQ4oE/getUpdates "HTTP/1.1 200 OK"
2026-06-22 01:14:31,734 - httpx - INFO - HTTP Request: POST https://api.telegram.org/bot8657142758:AAGUQRm-T_ITFafMBJHzhBNQ2ZhjhuXQ4oE/getUpdates "HTTP/1.1 200 OK"
2026-06-22 01:14:41,905 - httpx - INFO - HTTP Request: POST https://api.telegram.org/bot8657142758:AAGUQRm-T_ITFafMBJHzhBNQ2ZhjhuXQ4oE/getUpdates "HTTP/1.1 200 OK"
2026-06-22 01:14:52,051 - httpx - INFO - HTTP Request: POST https://api.telegram.org/bot8657142758:AAGUQRm-T_ITFafMBJHzhBNQ2ZhjhuXQ4oE/getUpdates "HTTP/1.1 200 OK"
2026-06-22 01:15:02,204 - httpx - INFO - HTTP Request: POST https://api.telegram.org/bot8657142758:AAGUQRm-T_ITFafMBJHzhBNQ2ZhjhuXQ4oE/getUpdates "HTTP/1.1 200 OK"
2026-06-22 01:15:12,337 - httpx - INFO - HTTP Request: POST https://api.telegram.org/bot8657142758:AAGUQRm-T_ITFafMBJHzhBNQ2ZhjhuXQ4oE/getUpdates "HTTP/1.1 200 OK"
2026-06-22 01:15:22,475 - httpx - INFO - HTTP Request: POST https://api.telegram.org/bot8657142758:AAGUQRm-T_ITFafMBJHzhBNQ2ZhjhuXQ4oE/getUpdates "HTTP/1.1 200 OK"
2026-06-22 01:15:32,614 - httpx - INFO - HTTP Request: POST https://api.telegram.org/bot8657142758:AAGUQRm-T_ITFafMBJHzhBNQ2ZhjhuXQ4oE/getUpdates "HTTP/1.1 200 OK"
2026-06-22 01:15:42,752 - httpx - INFO - HTTP Request: POST https://api.telegram.org/bot8657142758:AAGUQRm-T_ITFafMBJHzhBNQ2ZhjhuXQ4oE/getUpdates "HTTP/1.1 200 OK"
2026-06-22 01:15:52,891 - httpx - INFO - HTTP Request: POST https://api.telegram.org/bot8657142758:AAGUQRm-T_ITFafMBJHzhBNQ2ZhjhuXQ4oE/getUpdates "HTTP/1.1 200 OK"
2026-06-22 01:16:03,117 - httpx - INFO - HTTP Request: POST https://api.telegram.org/bot8657142758:AAGUQRm-T_ITFafMBJHzhBNQ2ZhjhuXQ4oE/getUpdates "HTTP/1.1 200 OK"
2026-06-22 01:16:13,257 - httpx - INFO - HTTP Request: POST https://api.telegram.org/bot8657142758:AAGUQRm-T_ITFafMBJHzhBNQ2ZhjhuXQ4oE/getUpdates "HTTP/1.1 200 OK"
2026-06-22 01:16:23,400 - httpx - INFO - HTTP Request: POST https://api.telegram.org/bot8657142758:AAGUQRm-T_ITFafMBJHzhBNQ2ZhjhuXQ4oE/getUpdates "HTTP/1.1 200 OK"
2026-06-22 01:16:33,556 - httpx - INFO - HTTP Request: POST https://api.telegram.org/bot8657142758:AAGUQRm-T_ITFafMBJHzhBNQ2ZhjhuXQ4oE/getUpdates "HTTP/1.1 200 OK"
2026-06-22 01:16:43,699 - httpx - INFO - HTTP Request: POST https://api.telegram.org/bot8657142758:AAGUQRm-T_ITFafMBJHzhBNQ2ZhjhuXQ4oE/getUpdates "HTTP/1.1 200 OK"
2026-06-22 01:16:53,827 - httpx - INFO - HTTP Request: POST https://api.telegram.org/bot8657142758:AAGUQRm-T_ITFafMBJHzhBNQ2ZhjhuXQ4oE/getUpdates "HTTP/1.1 200 OK"
2026-06-22 01:17:04,005 - httpx - INFO - HTTP Request: POST https://api.telegram.org/bot8657142758:AAGUQRm-T_ITFafMBJHzhBNQ2ZhjhuXQ4oE/getUpdates "HTTP/1.1 200 OK"
2026-06-22 01:17:14,188 - httpx - INFO - HTTP Request: POST https://api.telegram.org/bot8657142758:AAGUQRm-T_ITFafMBJHzhBNQ2ZhjhuXQ4oE/getUpdates "HTTP/1.1 200 OK"
2026-06-22 01:17:24,332 - httpx - INFO - HTTP Request: POST https://api.telegram.org/bot8657142758:AAGUQRm-T_ITFafMBJHzhBNQ2ZhjhuXQ4oE/getUpdates "HTTP/1.1 200 OK"
2026-06-22 01:17:34,461 - httpx - INFO - HTTP Request: POST https://api.telegram.org/bot8657142758:AAGUQRm-T_ITFafMBJHzhBNQ2ZhjhuXQ4oE/getUpdates "HTTP/1.1 200 OK"
2026-06-22 01:17:44,644 - httpx - INFO - HTTP Request: POST https://api.telegram.org/bot8657142758:AAGUQRm-T_ITFafMBJHzhBNQ2ZhjhuXQ4oE/getUpdates "HTTP/1.1 200 OK"
2026-06-22 01:17:54,803 - httpx - INFO - HTTP Request: POST https://api.telegram.org/bot8657142758:AAGUQRm-T_ITFafMBJHzhBNQ2ZhjhuXQ4oE/getUpdates "HTTP/1.1 200 OK"
2026-06-22 01:18:04,930 - httpx - INFO - HTTP Request: POST https://api.telegram.org/bot8657142758:AAGUQRm-T_ITFafMBJHzhBNQ2ZhjhuXQ4oE/getUpdates "HTTP/1.1 200 OK"
2026-06-22 01:18:15,058 - httpx - INFO - HTTP Request: POST https://api.telegram.org/bot8657142758:AAGUQRm-T_ITFafMBJHzhBNQ2ZhjhuXQ4oE/getUpdates "HTTP/1.1 200 OK"
2026-06-22 01:18:25,186 - httpx - INFO - HTTP Request: POST https://api.telegram.org/bot8657142758:AAGUQRm-T_ITFafMBJHzhBNQ2ZhjhuXQ4oE/getUpdates "HTTP/1.1 200 OK"
2026-06-22 01:18:35,340 - httpx - INFO - HTTP Request: POST https://api.telegram.org/bot8657142758:AAGUQRm-T_ITFafMBJHzhBNQ2ZhjhuXQ4oE/getUpdates "HTTP/1.1 200 OK"
2026-06-22 01:18:45,470 - httpx - INFO - HTTP Request: POST https://api.telegram.org/bot8657142758:AAGUQRm-T_ITFafMBJHzhBNQ2ZhjhuXQ4oE/getUpdates "HTTP/1.1 200 OK"
2026-06-22 01:18:55,602 - httpx - INFO - HTTP Request: POST https://api.telegram.org/bot8657142758:AAGUQRm-T_ITFafMBJHzhBNQ2ZhjhuXQ4oE/getUpdates "HTTP/1.1 200 OK"
2026-06-22 01:19:05,736 - httpx - INFO - HTTP Request: POST https://api.telegram.org/bot8657142758:AAGUQRm-T_ITFafMBJHzhBNQ2ZhjhuXQ4oE/getUpdates "HTTP/1.1 200 OK"
2026-06-22 01:19:15,874 - httpx - INFO - HTTP Request: POST https://api.telegram.org/bot8657142758:AAGUQRm-T_ITFafMBJHzhBNQ2ZhjhuXQ4oE/getUpdates "HTTP/1.1 200 OK"
2026-06-22 01:19:26,013 - httpx - INFO - HTTP Request: POST https://api.telegram.org/bot8657142758:AAGUQRm-T_ITFafMBJHzhBNQ2ZhjhuXQ4oE/getUpdates "HTTP/1.1 200 OK"
2026-06-22 01:19:36,155 - httpx - INFO - HTTP Request: POST https://api.telegram.org/bot8657142758:AAGUQRm-T_ITFafMBJHzhBNQ2ZhjhuXQ4oE/getUpdates "HTTP/1.1 200 OK"
2026-06-22 01:19:46,298 - httpx - INFO - HTTP Request: POST https://api.telegram.org/bot8657142758:AAGUQRm-T_ITFafMBJHzhBNQ2ZhjhuXQ4oE/getUpdates "HTTP/1.1 200 OK"
2026-06-22 01:19:56,433 - httpx - INFO - HTTP Request: POST https://api.telegram.org/bot8657142758:AAGUQRm-T_ITFafMBJHzhBNQ2ZhjhuXQ4oE/getUpdates "HTTP/1.1 200 OK"
2026-06-22 01:20:06,574 - httpx - INFO - HTTP Request: POST https://api.telegram.org/bot8657142758:AAGUQRm-T_ITFafMBJHzhBNQ2ZhjhuXQ4oE/getUpdates "HTTP/1.1 200 OK"
2026-06-22 01:20:16,714 - httpx - INFO - HTTP Request: POST https://api.telegram.org/bot8657142758:AAGUQRm-T_ITFafMBJHzhBNQ2ZhjhuXQ4oE/getUpdates "HTTP/1.1 200 OK"
2026-06-22 01:20:26,848 - httpx - INFO - HTTP Request: POST https://api.telegram.org/bot8657142758:AAGUQRm-T_ITFafMBJHzhBNQ2ZhjhuXQ4oE/getUpdates "HTTP/1.1 200 OK"
2026-06-22 01:20:36,989 - httpx - INFO - HTTP Request: POST https://api.telegram.org/bot8657142758:AAGUQRm-T_ITFafMBJHzhBNQ2ZhjhuXQ4oE/getUpdates "HTTP/1.1 200 OK"
2026-06-22 01:20:47,119 - httpx - INFO - HTTP Request: POST https://api.telegram.org/bot8657142758:AAGUQRm-T_ITFafMBJHzhBNQ2ZhjhuXQ4oE/getUpdates "HTTP/1.1 200 OK"
2026-06-22 01:20:57,248 - httpx - INFO - HTTP Request: POST https://api.telegram.org/bot8657142758:AAGUQRm-T_ITFafMBJHzhBNQ2ZhjhuXQ4oE/getUpdates "HTTP/1.1 200 OK"
2026-06-22 01:21:07,386 - httpx - INFO - HTTP Request: POST https://api.telegram.org/bot8657142758:AAGUQRm-T_ITFafMBJHzhBNQ2ZhjhuXQ4oE/getUpdates "HTTP/1.1 200 OK"
2026-06-22 01:21:17,515 - httpx - INFO - HTTP Request: POST https://api.telegram.org/bot8657142758:AAGUQRm-T_ITFafMBJHzhBNQ2ZhjhuXQ4oE/getUpdates "HTTP/1.1 200 OK"
2026-06-22 01:21:27,687 - httpx - INFO - HTTP Request: POST https://api.telegram.org/bot8657142758:AAGUQRm-T_ITFafMBJHzhBNQ2ZhjhuXQ4oE/getUpdates "HTTP/1.1 200 OK"
2026-06-22 01:21:37,842 - httpx - INFO - HTTP Request: POST https://api.telegram.org/bot8657142758:AAGUQRm-T_ITFafMBJHzhBNQ2ZhjhuXQ4oE/getUpdates "HTTP/1.1 200 OK"
2026-06-22 01:21:47,976 - httpx - INFO - HTTP Request: POST https://api.telegram.org/bot8657142758:AAGUQRm-T_ITFafMBJHzhBNQ2ZhjhuXQ4oE/getUpdates "HTTP/1.1 200 OK"
2026-06-22 01:21:58,102 - httpx - INFO - HTTP Request: POST https://api.telegram.org/bot8657142758:AAGUQRm-T_ITFafMBJHzhBNQ2ZhjhuXQ4oE/getUpdates "HTTP/1.1 200 OK"
2026-06-22 01:22:08,263 - httpx - INFO - HTTP Request: POST https://api.telegram.org/bot8657142758:AAGUQRm-T_ITFafMBJHzhBNQ2ZhjhuXQ4oE/getUpdates "HTTP/1.1 200 OK"
2026-06-22 01:22:18,426 - httpx - INFO - HTTP Request: POST https://api.telegram.org/bot8657142758:AAGUQRm-T_ITFafMBJHzhBNQ2ZhjhuXQ4oE/getUpdates "HTTP/1.1 200 OK"
2026-06-22 01:22:28,554 - httpx - INFO - HTTP Request: POST https://api.telegram.org/bot8657142758:AAGUQRm-T_ITFafMBJHzhBNQ2ZhjhuXQ4oE/getUpdates "HTTP/1.1 200 OK"
2026-06-22 01:22:38,701 - httpx - INFO - HTTP Request: POST https://api.telegram.org/bot8657142758:AAGUQRm-T_ITFafMBJHzhBNQ2ZhjhuXQ4oE/getUpdates "HTTP/1.1 200 OK"
2026-06-22 01:22:48,835 - httpx - INFO - HTTP Request: POST https://api.telegram.org/bot8657142758:AAGUQRm-T_ITFafMBJHzhBNQ2ZhjhuXQ4oE/getUpdates "HTTP/1.1 200 OK"
2026-06-22 01:22:59,005 - httpx - INFO - HTTP Request: POST https://api.telegram.org/bot8657142758:AAGUQRm-T_ITFafMBJHzhBNQ2ZhjhuXQ4oE/getUpdates "HTTP/1.1 200 OK"
2026-06-22 01:23:09,147 - httpx - INFO - HTTP Request: POST https://api.telegram.org/bot8657142758:AAGUQRm-T_ITFafMBJHzhBNQ2ZhjhuXQ4oE/getUpdates "HTTP/1.1 200 OK"
2026-06-22 01:23:19,276 - httpx - INFO - HTTP Request: POST https://api.telegram.org/bot8657142758:AAGUQRm-T_ITFafMBJHzhBNQ2ZhjhuXQ4oE/getUpdates "HTTP/1.1 200 OK"
2026-06-22 01:23:29,409 - httpx - INFO - HTTP Request: POST https://api.telegram.org/bot8657142758:AAGUQRm-T_ITFafMBJHzhBNQ2ZhjhuXQ4oE/getUpdates "HTTP/1.1 200 OK"
2026-06-22 01:23:39,581 - httpx - INFO - HTTP Request: POST https://api.telegram.org/bot8657142758:AAGUQRm-T_ITFafMBJHzhBNQ2ZhjhuXQ4oE/getUpdates "HTTP/1.1 200 OK"
2026-06-22 01:23:49,758 - httpx - INFO - HTTP Request: POST https://api.telegram.org/bot8657142758:AAGUQRm-T_ITFafMBJHzhBNQ2ZhjhuXQ4oE/getUpdates "HTTP/1.1 200 OK"
2026-06-22 01:23:59,908 - httpx - INFO - HTTP Request: POST https://api.telegram.org/bot8657142758:AAGUQRm-T_ITFafMBJHzhBNQ2ZhjhuXQ4oE/getUpdates "HTTP/1.1 200 OK"
2026-06-22 01:24:10,053 - httpx - INFO - HTTP Request: POST https://api.telegram.org/bot8657142758:AAGUQRm-T_ITFafMBJHzhBNQ2ZhjhuXQ4oE/getUpdates "HTTP/1.1 200 OK"
2026-06-22 01:24:20,233 - httpx - INFO - HTTP Request: POST https://api.telegram.org/bot8657142758:AAGUQRm-T_ITFafMBJHzhBNQ2ZhjhuXQ4oE/getUpdates "HTTP/1.1 200 OK"
2026-06-22 01:24:30,373 - httpx - INFO - HTTP Request: POST https://api.telegram.org/bot8657142758:AAGUQRm-T_ITFafMBJHzhBNQ2ZhjhuXQ4oE/getUpdates "HTTP/1.1 200 OK"
2026-06-22 01:24:40,556 - httpx - INFO - HTTP Request: POST https://api.telegram.org/bot8657142758:AAGUQRm-T_ITFafMBJHzhBNQ2ZhjhuXQ4oE/getUpdates "HTTP/1.1 200 OK"
2026-06-22 01:24:50,747 - httpx - INFO - HTTP Request: POST https://api.telegram.org/bot8657142758:AAGUQRm-T_ITFafMBJHzhBNQ2ZhjhuXQ4oE/getUpdates "HTTP/1.1 200 OK"
2026-06-22 01:25:00,892 - httpx - INFO - HTTP Request: POST https://api.telegram.org/bot8657142758:AAGUQRm-T_ITFafMBJHzhBNQ2ZhjhuXQ4oE/getUpdates "HTTP/1.1 200 OK"
2026-06-22 01:25:11,029 - httpx - INFO - HTTP Request: POST https://api.telegram.org/bot8657142758:AAGUQRm-T_ITFafMBJHzhBNQ2ZhjhuXQ4oE/getUpdates "HTTP/1.1 200 OK"
2026-06-22 01:25:21,168 - httpx - INFO - HTTP Request: POST https://api.telegram.org/bot8657142758:AAGUQRm-T_ITFafMBJHzhBNQ2ZhjhuXQ4oE/getUpdates "HTTP/1.1 200 OK"
2026-06-22 01:25:31,345 - httpx - INFO - HTTP Request: POST https://api.telegram.org/bot8657142758:AAGUQRm-T_ITFafMBJHzhBNQ2ZhjhuXQ4oE/getUpdates "HTTP/1.1 200 OK"
2026-06-22 01:25:41,525 - httpx - INFO - HTTP Request: POST https://api.telegram.org/bot8657142758:AAGUQRm-T_ITFafMBJHzhBNQ2ZhjhuXQ4oE/getUpdates "HTTP/1.1 200 OK"
2026-06-22 01:25:51,663 - httpx - INFO - HTTP Request: POST https://api.telegram.org/bot8657142758:AAGUQRm-T_ITFafMBJHzhBNQ2ZhjhuXQ4oE/getUpdates "HTTP/1.1 200 OK"
2026-06-22 01:26:01,805 - httpx - INFO - HTTP Request: POST https://api.telegram.org/bot8657142758:AAGUQRm-T_ITFafMBJHzhBNQ2ZhjhuXQ4oE/getUpdates "HTTP/1.1 200 OK"
2026-06-22 01:26:11,949 - httpx - INFO - HTTP Request: POST https://api.telegram.org/bot8657142758:AAGUQRm-T_ITFafMBJHzhBNQ2ZhjhuXQ4oE/getUpdates "HTTP/1.1 200 OK"
2026-06-22 01:26:22,095 - httpx - INFO - HTTP Request: POST https://api.telegram.org/bot8657142758:AAGUQRm-T_ITFafMBJHzhBNQ2ZhjhuXQ4oE/getUpdates "HTTP/1.1 200 OK"
2026-06-22 01:26:32,236 - httpx - INFO - HTTP Request: POST https://api.telegram.org/bot8657142758:AAGUQRm-T_ITFafMBJHzhBNQ2ZhjhuXQ4oE/getUpdates "HTTP/1.1 200 OK"
2026-06-22 01:26:42,379 - httpx - INFO - HTTP Request: POST https://api.telegram.org/bot8657142758:AAGUQRm-T_ITFafMBJHzhBNQ2ZhjhuXQ4oE/getUpdates "HTTP/1.1 200 OK"
2026-06-22 01:26:52,520 - httpx - INFO - HTTP Request: POST https://api.telegram.org/bot8657142758:AAGUQRm-T_ITFafMBJHzhBNQ2ZhjhuXQ4oE/getUpdates "HTTP/1.1 200 OK"
2026-06-22 01:27:02,655 - httpx - INFO - HTTP Request: POST https://api.telegram.org/bot8657142758:AAGUQRm-T_ITFafMBJHzhBNQ2ZhjhuXQ4oE/getUpdates "HTTP/1.1 200 OK"
2026-06-22 01:27:12,793 - httpx - INFO - HTTP Request: POST https://api.telegram.org/bot8657142758:AAGUQRm-T_ITFafMBJHzhBNQ2ZhjhuXQ4oE/getUpdates "HTTP/1.1 200 OK"
2026-06-22 01:27:22,928 - httpx - INFO - HTTP Request: POST https://api.telegram.org/bot8657142758:AAGUQRm-T_ITFafMBJHzhBNQ2ZhjhuXQ4oE/getUpdates "HTTP/1.1 200 OK"
2026-06-22 01:27:33,067 - httpx - INFO - HTTP Request: POST https://api.telegram.org/bot8657142758:AAGUQRm-T_ITFafMBJHzhBNQ2ZhjhuXQ4oE/getUpdates "HTTP/1.1 200 OK"
2026-06-22 01:27:43,210 - httpx - INFO - HTTP Request: POST https://api.telegram.org/bot8657142758:AAGUQRm-T_ITFafMBJHzhBNQ2ZhjhuXQ4oE/getUpdates "HTTP/1.1 200 OK"
2026-06-22 01:27:53,346 - httpx - INFO - HTTP Request: POST https://api.telegram.org/bot8657142758:AAGUQRm-T_ITFafMBJHzhBNQ2ZhjhuXQ4oE/getUpdates "HTTP/1.1 200 OK"
2026-06-22 01:28:03,475 - httpx - INFO - HTTP Request: POST https://api.telegram.org/bot8657142758:AAGUQRm-T_ITFafMBJHzhBNQ2ZhjhuXQ4oE/getUpdates "HTTP/1.1 200 OK"
2026-06-22 01:28:13,609 - httpx - INFO - HTTP Request: POST https://api.telegram.org/bot8657142758:AAGUQRm-T_ITFafMBJHzhBNQ2ZhjhuXQ4oE/getUpdates "HTTP/1.1 200 OK"
2026-06-22 01:28:23,754 - httpx - INFO - HTTP Request: POST https://api.telegram.org/bot8657142758:AAGUQRm-T_ITFafMBJHzhBNQ2ZhjhuXQ4oE/getUpdates "HTTP/1.1 200 OK"
2026-06-22 01:28:33,881 - httpx - INFO - HTTP Request: POST https://api.telegram.org/bot8657142758:AAGUQRm-T_ITFafMBJHzhBNQ2ZhjhuXQ4oE/getUpdates "HTTP/1.1 200 OK"
2026-06-22 01:28:44,018 - httpx - INFO - HTTP Request: POST https://api.telegram.org/bot8657142758:AAGUQRm-T_ITFafMBJHzhBNQ2ZhjhuXQ4oE/getUpdates "HTTP/1.1 200 OK"
2026-06-22 01:28:54,146 - httpx - INFO - HTTP Request: POST https://api.telegram.org/bot8657142758:AAGUQRm-T_ITFafMBJHzhBNQ2ZhjhuXQ4oE/getUpdates "HTTP/1.1 200 OK"
2026-06-22 01:29:04,290 - httpx - INFO - HTTP Request: POST https://api.telegram.org/bot8657142758:AAGUQRm-T_ITFafMBJHzhBNQ2ZhjhuXQ4oE/getUpdates "HTTP/1.1 200 OK"
2026-06-22 01:29:14,453 - httpx - INFO - HTTP Request: POST https://api.telegram.org/bot8657142758:AAGUQRm-T_ITFafMBJHzhBNQ2ZhjhuXQ4oE/getUpdates "HTTP/1.1 200 OK"
2026-06-22 01:29:24,626 - httpx - INFO - HTTP Request: POST https://api.telegram.org/bot8657142758:AAGUQRm-T_ITFafMBJHzhBNQ2ZhjhuXQ4oE/getUpdates "HTTP/1.1 200 OK"
2026-06-22 01:29:34,812 - httpx - INFO - HTTP Request: POST https://api.telegram.org/bot8657142758:AAGUQRm-T_ITFafMBJHzhBNQ2ZhjhuXQ4oE/getUpdates "HTTP/1.1 200 OK"
2026-06-22 01:29:44,996 - httpx - INFO - HTTP Request: POST https://api.telegram.org/bot8657142758:AAGUQRm-T_ITFafMBJHzhBNQ2ZhjhuXQ4oE/getUpdates "HTTP/1.1 200 OK"
2026-06-22 01:29:55,133 - httpx - INFO - HTTP Request: POST https://api.telegram.org/bot8657142758:AAGUQRm-T_ITFafMBJHzhBNQ2ZhjhuXQ4oE/getUpdates "HTTP/1.1 200 OK"
2026-06-22 01:30:05,253 - httpx - INFO - HTTP Request: POST https://api.telegram.org/bot8657142758:AAGUQRm-T_ITFafMBJHzhBNQ2ZhjhuXQ4oE/getUpdates "HTTP/1.1 200 OK"
2026-06-22 01:30:15,386 - httpx - INFO - HTTP Request: POST https://api.telegram.org/bot8657142758:AAGUQRm-T_ITFafMBJHzhBNQ2ZhjhuXQ4oE/getUpdates "HTTP/1.1 200 OK"
2026-06-22 01:30:25,527 - httpx - INFO - HTTP Request: POST https://api.telegram.org/bot8657142758:AAGUQRm-T_ITFafMBJHzhBNQ2ZhjhuXQ4oE/getUpdates "HTTP/1.1 200 OK"
2026-06-22 01:30:35,658 - httpx - INFO - HTTP Request: POST https://api.telegram.org/bot8657142758:AAGUQRm-T_ITFafMBJHzhBNQ2ZhjhuXQ4oE/getUpdates "HTTP/1.1 200 OK"
2026-06-22 01:30:45,814 - httpx - INFO - HTTP Request: POST https://api.telegram.org/bot8657142758:AAGUQRm-T_ITFafMBJHzhBNQ2ZhjhuXQ4oE/getUpdates "HTTP/1.1 200 OK"
2026-06-22 01:30:55,949 - httpx - INFO - HTTP Request: POST https://api.telegram.org/bot8657142758:AAGUQRm-T_ITFafMBJHzhBNQ2ZhjhuXQ4oE/getUpdates "HTTP/1.1 200 OK"
2026-06-22 01:31:06,084 - httpx - INFO - HTTP Request: POST https://api.telegram.org/bot8657142758:AAGUQRm-T_ITFafMBJHzhBNQ2ZhjhuXQ4oE/getUpdates "HTTP/1.1 200 OK"
2026-06-22 01:31:16,220 - httpx - INFO - HTTP Request: POST https://api.telegram.org/bot8657142758:AAGUQRm-T_ITFafMBJHzhBNQ2ZhjhuXQ4oE/getUpdates "HTTP/1.1 200 OK"
2026-06-22 01:31:26,370 - httpx - INFO - HTTP Request: POST https://api.telegram.org/bot8657142758:AAGUQRm-T_ITFafMBJHzhBNQ2ZhjhuXQ4oE/getUpdates "HTTP/1.1 200 OK"
2026-06-22 01:31:36,499 - httpx - INFO - HTTP Request: POST https://api.telegram.org/bot8657142758:AAGUQRm-T_ITFafMBJHzhBNQ2ZhjhuXQ4oE/getUpdates "HTTP/1.1 200 OK"
2026-06-22 01:31:46,628 - httpx - INFO - HTTP Request: POST https://api.telegram.org/bot8657142758:AAGUQRm-T_ITFafMBJHzhBNQ2ZhjhuXQ4oE/getUpdates "HTTP/1.1 200 OK"
2026-06-22 01:31:56,754 - httpx - INFO - HTTP Request: POST https://api.telegram.org/bot8657142758:AAGUQRm-T_ITFafMBJHzhBNQ2ZhjhuXQ4oE/getUpdates "HTTP/1.1 200 OK"
2026-06-22 01:32:06,888 - httpx - INFO - HTTP Request: POST https://api.telegram.org/bot8657142758:AAGUQRm-T_ITFafMBJHzhBNQ2ZhjhuXQ4oE/getUpdates "HTTP/1.1 200 OK"
2026-06-22 01:32:17,024 - httpx - INFO - HTTP Request: POST https://api.telegram.org/bot8657142758:AAGUQRm-T_ITFafMBJHzhBNQ2ZhjhuXQ4oE/getUpdates "HTTP/1.1 200 OK"
2026-06-22 01:32:27,178 - httpx - INFO - HTTP Request: POST https://api.telegram.org/bot8657142758:AAGUQRm-T_ITFafMBJHzhBNQ2ZhjhuXQ4oE/getUpdates "HTTP/1.1 200 OK"
2026-06-22 01:32:37,316 - httpx - INFO - HTTP Request: POST https://api.telegram.org/bot8657142758:AAGUQRm-T_ITFafMBJHzhBNQ2ZhjhuXQ4oE/getUpdates "HTTP/1.1 200 OK"
2026-06-22 01:32:47,448 - httpx - INFO - HTTP Request: POST https://api.telegram.org/bot8657142758:AAGUQRm-T_ITFafMBJHzhBNQ2ZhjhuXQ4oE/getUpdates "HTTP/1.1 200 OK"
2026-06-22 01:32:57,577 - httpx - INFO - HTTP Request: POST https://api.telegram.org/bot8657142758:AAGUQRm-T_ITFafMBJHzhBNQ2ZhjhuXQ4oE/getUpdates "HTTP/1.1 200 OK"
2026-06-22 01:33:07,720 - httpx - INFO - HTTP Request: POST https://api.telegram.org/bot8657142758:AAGUQRm-T_ITFafMBJHzhBNQ2ZhjhuXQ4oE/getUpdates "HTTP/1.1 200 OK"
2026-06-22 01:33:17,865 - httpx - INFO - HTTP Request: POST https://api.telegram.org/bot8657142758:AAGUQRm-T_ITFafMBJHzhBNQ2ZhjhuXQ4oE/getUpdates "HTTP/1.1 200 OK"
2026-06-22 01:33:28,000 - httpx - INFO - HTTP Request: POST https://api.telegram.org/bot8657142758:AAGUQRm-T_ITFafMBJHzhBNQ2ZhjhuXQ4oE/getUpdates "HTTP/1.1 200 OK"
2026-06-22 01:33:38,142 - httpx - INFO - HTTP Request: POST https://api.telegram.org/bot8657142758:AAGUQRm-T_ITFafMBJHzhBNQ2ZhjhuXQ4oE/getUpdates "HTTP/1.1 200 OK"
2026-06-22 01:33:48,283 - httpx - INFO - HTTP Request: POST https://api.telegram.org/bot8657142758:AAGUQRm-T_ITFafMBJHzhBNQ2ZhjhuXQ4oE/getUpdates "HTTP/1.1 200 OK"
2026-06-22 01:33:58,422 - httpx - INFO - HTTP Request: POST https://api.telegram.org/bot8657142758:AAGUQRm-T_ITFafMBJHzhBNQ2ZhjhuXQ4oE/getUpdates "HTTP/1.1 200 OK"
2026-06-22 01:34:08,600 - httpx - INFO - HTTP Request: POST https://api.telegram.org/bot8657142758:AAGUQRm-T_ITFafMBJHzhBNQ2ZhjhuXQ4oE/getUpdates "HTTP/1.1 200 OK"
2026-06-22 01:34:18,732 - httpx - INFO - HTTP Request: POST https://api.telegram.org/bot8657142758:AAGUQRm-T_ITFafMBJHzhBNQ2ZhjhuXQ4oE/getUpdates "HTTP/1.1 200 OK"
2026-06-22 01:34:28,859 - httpx - INFO - HTTP Request: POST https://api.telegram.org/bot8657142758:AAGUQRm-T_ITFafMBJHzhBNQ2ZhjhuXQ4oE/getUpdates "HTTP/1.1 200 OK"
2026-06-22 01:34:38,998 - httpx - INFO - HTTP Request: POST https://api.telegram.org/bot8657142758:AAGUQRm-T_ITFafMBJHzhBNQ2ZhjhuXQ4oE/getUpdates "HTTP/1.1 200 OK"
2026-06-22 01:34:49,143 - httpx - INFO - HTTP Request: POST https://api.telegram.org/bot8657142758:AAGUQRm-T_ITFafMBJHzhBNQ2ZhjhuXQ4oE/getUpdates "HTTP/1.1 200 OK"
2026-06-22 01:34:59,282 - httpx - INFO - HTTP Request: POST https://api.telegram.org/bot8657142758:AAGUQRm-T_ITFafMBJHzhBNQ2ZhjhuXQ4oE/getUpdates "HTTP/1.1 200 OK"
2026-06-22 01:35:09,407 - httpx - INFO - HTTP Request: POST https://api.telegram.org/bot8657142758:AAGUQRm-T_ITFafMBJHzhBNQ2ZhjhuXQ4oE/getUpdates "HTTP/1.1 200 OK"
2026-06-22 01:35:19,534 - httpx - INFO - HTTP Request: POST https://api.telegram.org/bot8657142758:AAGUQRm-T_ITFafMBJHzhBNQ2ZhjhuXQ4oE/getUpdates "HTTP/1.1 200 OK"
2026-06-22 01:35:29,669 - httpx - INFO - HTTP Request: POST https://api.telegram.org/bot8657142758:AAGUQRm-T_ITFafMBJHzhBNQ2ZhjhuXQ4oE/getUpdates "HTTP/1.1 200 OK"
2026-06-22 01:35:39,802 - httpx - INFO - HTTP Request: POST https://api.telegram.org/bot8657142758:AAGUQRm-T_ITFafMBJHzhBNQ2ZhjhuXQ4oE/getUpdates "HTTP/1.1 200 OK"
2026-06-22 01:35:49,931 - httpx - INFO - HTTP Request: POST https://api.telegram.org/bot8657142758:AAGUQRm-T_ITFafMBJHzhBNQ2ZhjhuXQ4oE/getUpdates "HTTP/1.1 200 OK"
2026-06-22 01:36:00,067 - httpx - INFO - HTTP Request: POST https://api.telegram.org/bot8657142758:AAGUQRm-T_ITFafMBJHzhBNQ2ZhjhuXQ4oE/getUpdates "HTTP/1.1 200 OK"
2026-06-22 01:36:10,205 - httpx - INFO - HTTP Request: POST https://api.telegram.org/bot8657142758:AAGUQRm-T_ITFafMBJHzhBNQ2ZhjhuXQ4oE/getUpdates "HTTP/1.1 200 OK"
2026-06-22 01:36:20,348 - httpx - INFO - HTTP Request: POST https://api.telegram.org/bot8657142758:AAGUQRm-T_ITFafMBJHzhBNQ2ZhjhuXQ4oE/getUpdates "HTTP/1.1 200 OK"
2026-06-22 01:36:30,488 - httpx - INFO - HTTP Request: POST https://api.telegram.org/bot8657142758:AAGUQRm-T_ITFafMBJHzhBNQ2ZhjhuXQ4oE/getUpdates "HTTP/1.1 200 OK"
2026-06-22 01:36:40,633 - httpx - INFO - HTTP Request: POST https://api.telegram.org/bot8657142758:AAGUQRm-T_ITFafMBJHzhBNQ2ZhjhuXQ4oE/getUpdates "HTTP/1.1 200 OK"
2026-06-22 01:36:50,765 - httpx - INFO - HTTP Request: POST https://api.telegram.org/bot8657142758:AAGUQRm-T_ITFafMBJHzhBNQ2ZhjhuXQ4oE/getUpdates "HTTP/1.1 200 OK"
2026-06-22 01:37:00,906 - httpx - INFO - HTTP Request: POST https://api.telegram.org/bot8657142758:AAGUQRm-T_ITFafMBJHzhBNQ2ZhjhuXQ4oE/getUpdates "HTTP/1.1 200 OK"
2026-06-22 01:37:11,044 - httpx - INFO - HTTP Request: POST https://api.telegram.org/bot8657142758:AAGUQRm-T_ITFafMBJHzhBNQ2ZhjhuXQ4oE/getUpdates "HTTP/1.1 200 OK"
2026-06-22 01:37:20,658 - httpx - INFO - HTTP Request: POST https://api.telegram.org/bot8657142758:AAGUQRm-T_ITFafMBJHzhBNQ2ZhjhuXQ4oE/getUpdates "HTTP/1.1 200 OK"
2026-06-22 01:37:20,660 - telegram.ext.Application - INFO - Application is stopping. This might take a moment.
2026-06-22 01:37:20,660 - telegram.ext.Application - INFO - Application.stop() complete
2026-06-22 01:37:20,687 - asyncio - ERROR - Task was destroyed but it is pending!
task: <Task pending name='Task-5' coro=<deadline_checker_loop() running at /home/sirojiddin/code/Munacollection/main.py:140> wait_for=<Future pending cb=[Task.task_wakeup()]>>
2026-06-22 23:08:14,522 - httpx - INFO - HTTP Request: POST https://api.telegram.org/bot8657142758:AAGUQRm-T_ITFafMBJHzhBNQ2ZhjhuXQ4oE/getMe "HTTP/1.1 200 OK"
2026-06-22 23:08:14,757 - httpx - INFO - HTTP Request: POST https://api.telegram.org/bot8657142758:AAGUQRm-T_ITFafMBJHzhBNQ2ZhjhuXQ4oE/setMyCommands "HTTP/1.1 200 OK"
2026-06-22 23:08:14,758 - __main__ - INFO - Bot commands successfully set.
2026-06-22 23:08:14,759 - __main__ - INFO - Deadline checker background task started.
2026-06-22 23:08:14,908 - httpx - INFO - HTTP Request: POST https://api.telegram.org/bot8657142758:AAGUQRm-T_ITFafMBJHzhBNQ2ZhjhuXQ4oE/deleteWebhook "HTTP/1.1 200 OK"
2026-06-22 23:08:14,911 - telegram.ext.Application - INFO - Application started
2026-06-22 23:08:25,401 - httpx - INFO - HTTP Request: POST https://api.telegram.org/bot8657142758:AAGUQRm-T_ITFafMBJHzhBNQ2ZhjhuXQ4oE/getUpdates "HTTP/1.1 200 OK"
2026-06-22 23:08:35,552 - httpx - INFO - HTTP Request: POST https://api.telegram.org/bot8657142758:AAGUQRm-T_ITFafMBJHzhBNQ2ZhjhuXQ4oE/getUpdates "HTTP/1.1 200 OK"
2026-06-22 23:08:45,704 - httpx - INFO - HTTP Request: POST https://api.telegram.org/bot8657142758:AAGUQRm-T_ITFafMBJHzhBNQ2ZhjhuXQ4oE/getUpdates "HTTP/1.1 200 OK"
2026-06-22 23:08:55,868 - httpx - INFO - HTTP Request: POST https://api.telegram.org/bot8657142758:AAGUQRm-T_ITFafMBJHzhBNQ2ZhjhuXQ4oE/getUpdates "HTTP/1.1 200 OK"
2026-06-22 23:09:06,026 - httpx - INFO - HTTP Request: POST https://api.telegram.org/bot8657142758:AAGUQRm-T_ITFafMBJHzhBNQ2ZhjhuXQ4oE/getUpdates "HTTP/1.1 200 OK"
2026-06-22 23:09:16,177 - httpx - INFO - HTTP Request: POST https://api.telegram.org/bot8657142758:AAGUQRm-T_ITFafMBJHzhBNQ2ZhjhuXQ4oE/getUpdates "HTTP/1.1 200 OK"
2026-06-22 23:09:26,349 - httpx - INFO - HTTP Request: POST https://api.telegram.org/bot8657142758:AAGUQRm-T_ITFafMBJHzhBNQ2ZhjhuXQ4oE/getUpdates "HTTP/1.1 200 OK"
2026-06-22 23:09:36,509 - httpx - INFO - HTTP Request: POST https://api.telegram.org/bot8657142758:AAGUQRm-T_ITFafMBJHzhBNQ2ZhjhuXQ4oE/getUpdates "HTTP/1.1 200 OK"
2026-06-22 23:09:46,729 - httpx - INFO - HTTP Request: POST https://api.telegram.org/bot8657142758:AAGUQRm-T_ITFafMBJHzhBNQ2ZhjhuXQ4oE/getUpdates "HTTP/1.1 200 OK"
2026-06-22 23:09:56,896 - httpx - INFO - HTTP Request: POST https://api.telegram.org/bot8657142758:AAGUQRm-T_ITFafMBJHzhBNQ2ZhjhuXQ4oE/getUpdates "HTTP/1.1 200 OK"
2026-06-22 23:10:07,050 - httpx - INFO - HTTP Request: POST https://api.telegram.org/bot8657142758:AAGUQRm-T_ITFafMBJHzhBNQ2ZhjhuXQ4oE/getUpdates "HTTP/1.1 200 OK"
2026-06-22 23:10:17,211 - httpx - INFO - HTTP Request: POST https://api.telegram.org/bot8657142758:AAGUQRm-T_ITFafMBJHzhBNQ2ZhjhuXQ4oE/getUpdates "HTTP/1.1 200 OK"
2026-06-22 23:10:27,354 - httpx - INFO - HTTP Request: POST https://api.telegram.org/bot8657142758:AAGUQRm-T_ITFafMBJHzhBNQ2ZhjhuXQ4oE/getUpdates "HTTP/1.1 200 OK"
2026-06-22 23:10:37,525 - httpx - INFO - HTTP Request: POST https://api.telegram.org/bot8657142758:AAGUQRm-T_ITFafMBJHzhBNQ2ZhjhuXQ4oE/getUpdates "HTTP/1.1 200 OK"
2026-06-22 23:10:49,203 - httpx - INFO - HTTP Request: POST https://api.telegram.org/bot8657142758:AAGUQRm-T_ITFafMBJHzhBNQ2ZhjhuXQ4oE/getMe "HTTP/1.1 200 OK"
2026-06-22 23:10:49,396 - httpx - INFO - HTTP Request: POST https://api.telegram.org/bot8657142758:AAGUQRm-T_ITFafMBJHzhBNQ2ZhjhuXQ4oE/setMyCommands "HTTP/1.1 200 OK"
2026-06-22 23:10:49,397 - __main__ - INFO - Bot commands successfully set.
2026-06-22 23:10:49,397 - __main__ - INFO - Deadline checker background task started.
2026-06-22 23:10:49,541 - httpx - INFO - HTTP Request: POST https://api.telegram.org/bot8657142758:AAGUQRm-T_ITFafMBJHzhBNQ2ZhjhuXQ4oE/deleteWebhook "HTTP/1.1 200 OK"
2026-06-22 23:10:49,545 - telegram.ext.Application - INFO - Application started
2026-06-22 23:11:00,238 - httpx - INFO - HTTP Request: POST https://api.telegram.org/bot8657142758:AAGUQRm-T_ITFafMBJHzhBNQ2ZhjhuXQ4oE/getUpdates "HTTP/1.1 200 OK"
2026-06-22 23:11:10,416 - httpx - INFO - HTTP Request: POST https://api.telegram.org/bot8657142758:AAGUQRm-T_ITFafMBJHzhBNQ2ZhjhuXQ4oE/getUpdates "HTTP/1.1 200 OK"
2026-06-22 23:11:20,617 - httpx - INFO - HTTP Request: POST https://api.telegram.org/bot8657142758:AAGUQRm-T_ITFafMBJHzhBNQ2ZhjhuXQ4oE/getUpdates "HTTP/1.1 200 OK"
2026-06-22 23:11:30,794 - httpx - INFO - HTTP Request: POST https://api.telegram.org/bot8657142758:AAGUQRm-T_ITFafMBJHzhBNQ2ZhjhuXQ4oE/getUpdates "HTTP/1.1 200 OK"
2026-06-22 23:11:40,988 - httpx - INFO - HTTP Request: POST https://api.telegram.org/bot8657142758:AAGUQRm-T_ITFafMBJHzhBNQ2ZhjhuXQ4oE/getUpdates "HTTP/1.1 200 OK"
2026-06-22 23:11:51,212 - httpx - INFO - HTTP Request: POST https://api.telegram.org/bot8657142758:AAGUQRm-T_ITFafMBJHzhBNQ2ZhjhuXQ4oE/getUpdates "HTTP/1.1 200 OK"
2026-06-23 23:27:39,433 - httpx - INFO - HTTP Request: POST https://api.telegram.org/bot8657142758:AAGUQRm-T_ITFafMBJHzhBNQ2ZhjhuXQ4oE/getMe "HTTP/1.1 200 OK"
2026-06-23 23:27:39,556 - httpx - INFO - HTTP Request: POST https://api.telegram.org/bot8657142758:AAGUQRm-T_ITFafMBJHzhBNQ2ZhjhuXQ4oE/setMyCommands "HTTP/1.1 200 OK"
2026-06-23 23:27:39,557 - __main__ - INFO - Bot commands successfully set.
2026-06-23 23:27:39,557 - __main__ - INFO - Deadline checker background task started.
2026-06-23 23:27:39,662 - httpx - INFO - HTTP Request: POST https://api.telegram.org/bot8657142758:AAGUQRm-T_ITFafMBJHzhBNQ2ZhjhuXQ4oE/deleteWebhook "HTTP/1.1 200 OK"
2026-06-23 23:27:39,664 - telegram.ext.Application - INFO - Application started
2026-06-23 23:27:49,980 - httpx - INFO - HTTP Request: POST https://api.telegram.org/bot8657142758:AAGUQRm-T_ITFafMBJHzhBNQ2ZhjhuXQ4oE/getUpdates "HTTP/1.1 200 OK"
2026-06-23 23:28:00,096 - httpx - INFO - HTTP Request: POST https://api.telegram.org/bot8657142758:AAGUQRm-T_ITFafMBJHzhBNQ2ZhjhuXQ4oE/getUpdates "HTTP/1.1 200 OK"
2026-06-23 23:28:08,174 - httpx - INFO - HTTP Request: POST https://api.telegram.org/bot8657142758:AAGUQRm-T_ITFafMBJHzhBNQ2ZhjhuXQ4oE/getUpdates "HTTP/1.1 200 OK"
2026-06-23 23:28:08,176 - messages - INFO - Update: Msg from user 8270492933: /start
2026-06-23 23:28:08,529 - httpx - INFO - HTTP Request: POST https://api.telegram.org/bot8657142758:AAGUQRm-T_ITFafMBJHzhBNQ2ZhjhuXQ4oE/sendMessage "HTTP/1.1 200 OK"
2026-06-23 23:28:13,883 - httpx - INFO - HTTP Request: POST https://api.telegram.org/bot8657142758:AAGUQRm-T_ITFafMBJHzhBNQ2ZhjhuXQ4oE/getUpdates "HTTP/1.1 200 OK"
2026-06-23 23:28:13,885 - messages - INFO - Update: Msg from user 8270492933: Super Admin 👑
2026-06-23 23:28:13,886 - messages - INFO - Message received from user_id=8270492933: state=None, text=Super Admin 👑
2026-06-23 23:28:14,228 - httpx - INFO - HTTP Request: POST https://api.telegram.org/bot8657142758:AAGUQRm-T_ITFafMBJHzhBNQ2ZhjhuXQ4oE/sendMessage "HTTP/1.1 200 OK"
2026-06-23 23:28:19,934 - httpx - INFO - HTTP Request: POST https://api.telegram.org/bot8657142758:AAGUQRm-T_ITFafMBJHzhBNQ2ZhjhuXQ4oE/getUpdates "HTTP/1.1 200 OK"
2026-06-23 23:28:19,936 - messages - INFO - Update: Msg from user 8270492933: Adminlar ro'yxati 📋
2026-06-23 23:28:19,936 - messages - INFO - Message received from user_id=8270492933: state=None, text=Adminlar ro'yxati 📋
2026-06-23 23:28:20,275 - httpx - INFO - HTTP Request: POST https://api.telegram.org/bot8657142758:AAGUQRm-T_ITFafMBJHzhBNQ2ZhjhuXQ4oE/sendMessage "HTTP/1.1 200 OK"
2026-06-23 23:28:30,045 - httpx - INFO - HTTP Request: POST https://api.telegram.org/bot8657142758:AAGUQRm-T_ITFafMBJHzhBNQ2ZhjhuXQ4oE/getUpdates "HTTP/1.1 200 OK"
2026-06-23 23:28:40,155 - httpx - INFO - HTTP Request: POST https://api.telegram.org/bot8657142758:AAGUQRm-T_ITFafMBJHzhBNQ2ZhjhuXQ4oE/getUpdates "HTTP/1.1 200 OK"
2026-06-23 23:28:44,172 - httpx - INFO - HTTP Request: POST https://api.telegram.org/bot8657142758:AAGUQRm-T_ITFafMBJHzhBNQ2ZhjhuXQ4oE/getUpdates "HTTP/1.1 200 OK"
2026-06-23 23:28:44,175 - messages - INFO - Update: Msg from user 7844532860: /start
2026-06-23 23:28:44,881 - httpx - INFO - HTTP Request: POST https://api.telegram.org/bot8657142758:AAGUQRm-T_ITFafMBJHzhBNQ2ZhjhuXQ4oE/sendMessage "HTTP/1.1 200 OK"
2026-06-23 23:28:54,284 - httpx - INFO - HTTP Request: POST https://api.telegram.org/bot8657142758:AAGUQRm-T_ITFafMBJHzhBNQ2ZhjhuXQ4oE/getUpdates "HTTP/1.1 200 OK"
2026-06-23 23:29:04,391 - httpx - INFO - HTTP Request: POST https://api.telegram.org/bot8657142758:AAGUQRm-T_ITFafMBJHzhBNQ2ZhjhuXQ4oE/getUpdates "HTTP/1.1 200 OK"
2026-06-23 23:29:10,795 - httpx - INFO - HTTP Request: POST https://api.telegram.org/bot8657142758:AAGUQRm-T_ITFafMBJHzhBNQ2ZhjhuXQ4oE/getUpdates "HTTP/1.1 200 OK"
2026-06-23 23:29:10,797 - messages - INFO - Update: Msg from user 7844532860: Elon Joylashtirish ➕
2026-06-23 23:29:10,797 - messages - INFO - Message received from user_id=7844532860: state=None, text=Elon Joylashtirish ➕
2026-06-23 23:29:11,169 - httpx - INFO - HTTP Request: POST https://api.telegram.org/bot8657142758:AAGUQRm-T_ITFafMBJHzhBNQ2ZhjhuXQ4oE/sendMessage "HTTP/1.1 200 OK"
2026-06-23 23:29:16,513 - httpx - INFO - HTTP Request: POST https://api.telegram.org/bot8657142758:AAGUQRm-T_ITFafMBJHzhBNQ2ZhjhuXQ4oE/getUpdates "HTTP/1.1 200 OK"
2026-06-23 23:29:16,514 - messages - INFO - Update: Msg from user 7844532860: [Media/No text]
2026-06-23 23:29:16,514 - messages - INFO - Message received from user_id=7844532860: state=AD_PHOTO, text=None
2026-06-23 23:29:19,933 - httpx - INFO - HTTP Request: POST https://api.telegram.org/bot8657142758:AAGUQRm-T_ITFafMBJHzhBNQ2ZhjhuXQ4oE/sendMessage "HTTP/1.1 200 OK"
2026-06-23 23:29:23,299 - httpx - INFO - HTTP Request: POST https://api.telegram.org/bot8657142758:AAGUQRm-T_ITFafMBJHzhBNQ2ZhjhuXQ4oE/getUpdates "HTTP/1.1 200 OK"
2026-06-23 23:29:23,301 - messages - INFO - Update: Msg from user 7844532860: Bekor qilish ❌
2026-06-23 23:29:23,301 - messages - INFO - Message received from user_id=7844532860: state=AD_NAME, text=Bekor qilish ❌
2026-06-23 23:29:23,438 - httpx - INFO - HTTP Request: POST https://api.telegram.org/bot8657142758:AAGUQRm-T_ITFafMBJHzhBNQ2ZhjhuXQ4oE/sendMessage "HTTP/1.1 200 OK"
2026-06-23 23:29:33,514 - httpx - INFO - HTTP Request: POST https://api.telegram.org/bot8657142758:AAGUQRm-T_ITFafMBJHzhBNQ2ZhjhuXQ4oE/getUpdates "HTTP/1.1 200 OK"
2026-06-23 23:29:41,094 - httpx - INFO - HTTP Request: POST https://api.telegram.org/bot8657142758:AAGUQRm-T_ITFafMBJHzhBNQ2ZhjhuXQ4oE/getUpdates "HTTP/1.1 200 OK"
2026-06-23 23:29:41,096 - telegram.ext.Application - INFO - Application is stopping. This might take a moment.
2026-06-23 23:29:41,096 - telegram.ext.Application - INFO - Application.stop() complete
2026-06-23 23:29:41,124 - asyncio - ERROR - Task was destroyed but it is pending!
task: <Task pending name='Task-5' coro=<deadline_checker_loop() running at /home/sirojiddin/code/Munacollection/main.py:142> wait_for=<Future pending cb=[Task.task_wakeup()]>>
